标题,回复量,浏览量,作者,时间,详情页数据
《功夫女足》基本丸了，还不如《笑傲江湖》,112,47093,广州西村大表哥,07-19 17:25,"不知道周星驰何意味，搞完《功夫足球》已经完满，没必要再复刻一个女足版本。只能说是纯纯宰猪，粉丝经济概念了。还有个动画电影《笑傲江湖》，但这玩意受众面太窄，剧情又比天龙八部，神雕侠侣复杂很多，基本上不可能有哪吒，姜太公他们的水平。中国缺少一个类似宫崎骏那样的动画大师，既要有传统文化，又要反映现实，给人一些更深度的思考，目前国内动漫还在打坏人的层面太低幼了一些。
"
牛市大概率结束了,32,22809,管住手尾盘买,07-19 17:24,"a股的牛市本质上都是流动性牛市，有增量资金源源不断入场，则水涨船高。每次牛市结束的原因其实只有一个，那就是增量资金不足以推动大盘维持在高位。这波牛市跟2019那轮很相似，持续时间，深证成指最高点，抱团方向高景气赛道等。从时间上讲，a股的牛市很难维持超过两年，因为增量资金只够支撑这么久。
"
超短实盘10倍征途帖,2464,205684,Nathani,07-19 17:23,"在这个帖子盖楼每天记录实盘和思路以及次日的思路，鞭策自己多思考，做好以下几点:①不加微信没有群 ②给不了个股预期③做好分仓不上头④多做右侧少做左侧⑤做预期不接预期⑥控制回撤，活的更久最重要。切忌跟票，小弟喜欢做高位缠打，情况不对撒腿就跑了。多交流多思考，新人不建议接触超短，手机不建议做连板。365%目标→1000%
https://i3.hoopchina.com.cn/hupuapp/bbs/48/47934048/thread_47934048_20251229123300_s_750252_o_w_1080_h_2412_21048.jpg?imageMogr2/format/webp/auto-orient?x-oss-process=image/resize,w_800/format,webp
https://i3.hoopchina.com.cn/hupuapp/bbs/48/47934048/thread_47934048_20251229123300_s_750252_o_w_1080_h_2412_21048.jpg?imageMogr2/format/webp/auto-orient?x-oss-process=image/resize,w_800/format,webp"
这几天也是体验了一把当网红的感觉,2,480,围棋少年钟爱紫金矿业,07-19 17:23,"很抱歉占用公共资源了，这几天满屏都是关于我的帖子，污染到大家的眼睛我深表歉意。一切的一切都是因为我5月25日发的那个贴：起因是我说半导体产业的行情没有结束，那阵子半导体设备是在下跌的，但是到后面6月一整个月涨了不少。以上帝视角来看，这个月跌惨了，但6月份很难预料到现在的情况。帖子里没有任何引战的意思，而ID“球王点帅”在底下的评论充满嘲讽的意思，感兴趣的可以看一下那个帖子底下的对话。当时觉得这人说话挺难听，充满嘲讽的意味，遂拉黑。然后就蹦出一个山东ip的id，也就是这几天刷屏的那位，这哥们当天就发一贴讨伐我，我回击了几句。后面感觉他和“球王点帅”一路人，遂拉黑。后面觉得拉黑没意思，有什么可以交流，就没有拉黑了。这是事情的经过，而讨伐我的帖子里，山东ip和广西ip的就是这两位了。这一周半导体回撤力度比较大，被抓住把柄了，所以挨喷了，可以理解。
"
清仓了。对不住兄弟们，扛不住了。-6795,262,45807,从不空大的石头人,07-19 17:19,"还会继续更新，还是相信科技。还是继续等待，等右侧信号再进场。
https://i10.hoopchina.com.cn/dd3291e55b76c87fce99882abf47b0bc_w_1260_h_2800_.jpg?imageMogr2/format/webp/auto-orient?x-oss-process=image/resize,w_800/format,webp
https://i10.hoopchina.com.cn/dd3291e55b76c87fce99882abf47b0bc_w_1260_h_2800_.jpg?imageMogr2/format/webp/auto-orient?x-oss-process=image/resize,w_800/format,webp"
26年7月超短楼,23670,1485407,希夏邦驴,07-19 17:19,"如题
"
准备入坑，大家有什么想跟我说的么,28,2674,夜色依然在,07-19 17:10,"天天上网刷到大家都在吐槽亏钱感觉非常有意思。重仓猛干，浮盈加仓，频繁操作，技术分析。基本上美好，早晚得势。所以想拿点闲钱大概1w入市交学费。目前账户还没开，因为各种手续费还没搞明白🤣🤣
https://i10.hoopchina.com.cn/f3f67cdd1f164168eb6b0db710b87af9_w_1320_h_2848_.jpg?x-oss-process=image/resize,w_800/format,webp
https://i10.hoopchina.com.cn/f3f67cdd1f164168eb6b0db710b87af9_w_1320_h_2848_.jpg?x-oss-process=image/resize,w_800/format,webp"
最近一直在加仓茅台…,43,33019,RayA11enFor3,07-19 17:10,"逆市布局吧，其实就是赌5-10年后能回到2000+现在PE很便宜了市场总是喜欢在40PE的时候趋之若鹜但是20PE却又弃之如敝履……
https://i5.hoopchina.com.cn/2fcd36fa5c01e265f74cf359df8d83cb_w_1080_h_2400_.jpg?x-oss-process=image/resize,w_800/format,webp
https://i11.hoopchina.com.cn/b6c3d66687d272bf12e31b585ed721eb_w_1080_h_2400_.jpg?imageMogr2/format/webp/auto-orient?x-oss-process=image/resize,w_800/format,webp
https://i5.hoopchina.com.cn/2fcd36fa5c01e265f74cf359df8d83cb_w_1080_h_2400_.jpg?x-oss-process=image/resize,w_800/format,webp
https://i11.hoopchina.com.cn/b6c3d66687d272bf12e31b585ed721eb_w_1080_h_2400_.jpg?imageMogr2/format/webp/auto-orient?x-oss-process=image/resize,w_800/format,webp"
"实盘分享 | 30w短线实盘记录,第10天,-6.04%,亏到成本线以下咯",4,673,苯咯噔,07-19 17:08,"事到如今...唯一的好消息是昨天我清仓了基金,今天跌的应该算不到基金头上,基金那边全是光通信半导体虽然价值只有股票的一半但是跌的很稳定
https://i11.hoopchina.com.cn/editor/4f65fdcd6f445dc9a0ed0fab737868d8_w_1280_h_1918_.jpeg?x-oss-process=image/resize,w_800/format,webp
https://i5.hoopchina.com.cn/editor/72ddca6b1878f4da96cbf44f037c7eac_w_1404_h_510_.png?x-oss-process=image/resize,w_800/format,webp
https://i10.hoopchina.com.cn/editor/63702f2c08f4361a6519a9e7ed87c41c_w_566_h_205_.png?x-oss-process=image/resize,w_800/format,webp
https://i11.hoopchina.com.cn/editor/4f65fdcd6f445dc9a0ed0fab737868d8_w_1280_h_1918_.jpeg?x-oss-process=image/resize,w_800/format,webp
https://i5.hoopchina.com.cn/editor/72ddca6b1878f4da96cbf44f037c7eac_w_1404_h_510_.png?x-oss-process=image/resize,w_800/format,webp
https://i10.hoopchina.com.cn/editor/63702f2c08f4361a6519a9e7ed87c41c_w_566_h_205_.png?x-oss-process=image/resize,w_800/format,webp"
围棋少年钟爱紫金矿业  听说已经掌握财富密码了？,10,7676,双飞牛羊,07-19 17:07,"能在A股发掘财富密码，梁文峰应该很快被超越了！我们虎扑股票板块要出个绝世大神了！
"
我说 这个荐股的 围棋少年钟爱紫金矿业    是不是有团伙啊 ,60,25429,虎扑JR0684066689,07-19 17:07,"下面一众都只是捧臭脚的吗  火眼金睛的各位看看 是不是团伙  
https://i3.hoopchina.com.cn/editor/349c09e29713772077a84bc9da7aa89b_w_751_h_201_.jpeg?x-oss-process=image/resize,w_800/format,webp
https://i1.hoopchina.com.cn/editor/a40748058cf2c8c2c23f1f8a671a0576_w_959_h_320_.jpeg?x-oss-process=image/resize,w_800/format,webp
https://i1.hoopchina.com.cn/editor/05ebeb18f14c3576216325c1aed3eced_w_760_h_182_.jpeg?x-oss-process=image/resize,w_800/format,webp
https://i3.hoopchina.com.cn/reply/256603c534fc741c9ce06eeec76d4aff_w_820_h_385_.jpeg?x-oss-process=image/resize,w_800/format,webp
https://i1.hoopchina.com.cn/editor/9d8a7e92f11f0ea631c7536756509b1a_w_1160_h_817_.jpeg?x-oss-process=image/resize,w_800/format,webp
https://i3.hoopchina.com.cn/reply/d33cb67c8cafcce57a31197e6e44311a_w_814_h_506_.jpeg?x-oss-process=image/resize,w_800/format,webp
https://i3.hoopchina.com.cn/editor/349c09e29713772077a84bc9da7aa89b_w_751_h_201_.jpeg?x-oss-process=image/resize,w_800/format,webp
https://i1.hoopchina.com.cn/editor/a40748058cf2c8c2c23f1f8a671a0576_w_959_h_320_.jpeg?x-oss-process=image/resize,w_800/format,webp
https://i1.hoopchina.com.cn/editor/05ebeb18f14c3576216325c1aed3eced_w_760_h_182_.jpeg?x-oss-process=image/resize,w_800/format,webp
https://i3.hoopchina.com.cn/reply/256603c534fc741c9ce06eeec76d4aff_w_820_h_385_.jpeg?x-oss-process=image/resize,w_800/format,webp
https://i1.hoopchina.com.cn/editor/9d8a7e92f11f0ea631c7536756509b1a_w_1160_h_817_.jpeg?x-oss-process=image/resize,w_800/format,webp
https://i3.hoopchina.com.cn/reply/d33cb67c8cafcce57a31197e6e44311a_w_814_h_506_.jpeg?x-oss-process=image/resize,w_800/format,webp"
如果是一个月前，我看见这些价格我能笑醒….,14,13339,团团de爸爸一骑士,07-19 17:03,"7月份屎死级别的开局，科技人全体st了...预测不了未来，只能和大家共勉了...如果要抄底就一定要拿业绩好的，基本面扎实的....曾概念的不要去赌了，当然你说你不抄底，也是最合理的安排，空仓才是神....
https://i5.hoopchina.com.cn/hupuapp/bbs/219/557219/1784347953_409809IMG_7582_w_1080_h_1288_.jpg?x-oss-process=image/resize,w_800/format,webp
https://i5.hoopchina.com.cn/hupuapp/bbs/219/557219/1784347953_409809IMG_7582_w_1080_h_1288_.jpg?x-oss-process=image/resize,w_800/format,webp"
大盘能摸到 4000 点吗？但散户依旧赚不到钱,1,710,七哥股市看戏2,07-19 17:03,"大盘早晚摸到4000点，但八成散户依旧赚不到钱，句句都是大实话不少股民每天睁眼第一件事，就是打开大盘看一看，心心念念等着指数冲破4000点，总觉得只要站上这个关口，遍地都是赚钱机会，自己被套的股票也能解套回本。可现实很扎心：4000点大概率能冲上去，但就算真闯过这道坎，绝大多数普通人的钱包依旧鼓不起来。大盘能不能站上4000点？答案是有机会，但不会轻轻松松一路大涨。这几年4000点就像一层玻璃天花板，每次冲到关口附近，立马掉头往下走。往下有政策托底，跌不深；往上筹码压力巨大，一涨就有大把资金兑现离场，指数长期卡在区间来回拉锯。想要稳稳站稳4000点，需要三个条件凑齐：北向资金持续回流、科技龙头业绩实实在在兑现、场外增量资金大批量进场。现在场内基本都是存量资金来回折腾，你卖我买互相博弈，没有大水漫灌式的入场资金，指数只会慢慢震荡爬坡，很难走出早年一口气暴涨的全面牛市。也就是说，4000点大概率会抵达，但过程磨磨唧唧，走一步歇三步。就算大盘真的站上4000点，普通散户能赚到钱吗？行情早就彻底变天，齐涨共跌的时代早就消失了，现在就是赤裸裸的一九分化。全市场五千多只股票，只有一两百只算力、半导体、存储这些大盘权重股在拼命拉升指数，剩下四千多只小票无人搭理，每天慢悠悠阴跌磨人。有一组很残酷的数据：大盘步步走高，全市场个股涨跌的中位数还停留在很低的位置，大白话就是：指数涨到四千点，你手里的股票行情还困在三千点下方。别人在牛市吃香喝辣，我们独自待在熊市里面熬日子。身边很多老股友都是一模一样的处境：当初三千点满怀信心进场，专门挑几块钱、十几块钱看着很便宜的冷门股，总觉得跌无可跌，安全性高。结果大盘越走越高，热门板块轮番暴涨，自己手里的股票纹丝不动。大盘小涨它原地趴着，大盘稍微调整，它跌得比谁都快。熊市亏钱，大家心里坦然接受；这种红彤彤的指数配上绿油油的持仓，才是钝刀子割肉，折磨得人日夜心烦。大家聚在一起吐槽才明白，原来不是自己炒股水平差，是整个市场的玩法早就变了。如今市场的话语权牢牢握在机构、公募和外资手里，资金抱团扎堆景气主线，只买行业龙头大盘股。散户天生偏爱低价小盘股，刚好踩在了资金抛弃的方向；那些拉动指数的高价龙头，普通人看着股价很高，心里发怵不敢入手，两头全部踏空。更搞笑的是散户的恶性循环操作：看见权重大涨，忍不住追高进场，刚买入热点瞬间轮换，直接被套；狠心把冷门股割肉切换赛道，卖掉的股票立马开始反弹。来回一顿频繁操作，大盘涨了几百点，自己的本金越来越少，辛辛苦苦给券商上交了不少手续费。还有一个关键点，大量散户被套牢之后直接躺平不动，既舍不得割肉，也没有多余资金加仓。每天庞大的成交量，基本都是机构和量化资金在来回交易，散户早就被边缘化了。哪怕指数一路冲到4000点，只要资金依旧集中在少数板块，绝大多数冷门个股很难翻身。很多人一辈子都没想明白：4000点只是权重股撑起来的表面繁华，并不是所有股票的牛市。我们不用天天盯着指数点位患得患失，也不要幻想大盘站上4000点就能普涨赚钱。市场规则已经改写，强者恒强会越来越明显。改掉频繁换股、盲目抄底垃圾小票的坏习惯，顺着主流赛道耐心持有，控制好仓位不乱操作，才能在割裂的行情里守住收益。
"
长鑫打新中了1000股，预期收益有多少,66,31524,gjjvf,07-19 17:03,"如题
https://i11.hoopchina.com.cn/D8220177D3606E290783A4E18EFA013D_w_1080_h_2341_.webp?x-oss-process=image/resize,w_800/format,webp
https://i11.hoopchina.com.cn/D8220177D3606E290783A4E18EFA013D_w_1080_h_2341_.webp?x-oss-process=image/resize,w_800/format,webp"
有种感觉，科技泡沫的爆破才刚刚开始,26,9154,阿克伦的王权,07-19 17:02,"会不会所有的ai科技股全部跌百分之90，创业板到1000点？这不是危言耸听，当年互联网泡沫爆裂的时候就是这样
"
电影《八仙》远高于我的预期,24,34715,广州西村大表哥,07-19 17:01,"之前看预告，能感受到是一个成年人欢乐电影，我认为他或许能够成功。今天看完，远超我一开始的预期，表面看是用八仙的名头包装的一个娱乐剧，实际上瞒天过海，娱乐与剧情都是高出平均水平。要我评分这部电影应该在哪吒前面，有兴趣的朋友可以去看看。一些散户会说，这跟股票有什么关系？价值的判断需要培养，一个公司，一个产品，不需要通过软件报价你才能知道它的价值。
https://i1.hoopchina.com.cn/7B346D000790C0C6FC269D65CF0B766C_w_750_h_1624_.png?x-oss-process=image/resize,w_800/format,webp
https://i3.hoopchina.com.cn/8D46C9201F2B7965C271461809B71887_w_750_h_422_.jpg?x-oss-process=image/resize,w_800/format,webp
https://i1.hoopchina.com.cn/7B346D000790C0C6FC269D65CF0B766C_w_750_h_1624_.png?x-oss-process=image/resize,w_800/format,webp
https://i3.hoopchina.com.cn/8D46C9201F2B7965C271461809B71887_w_750_h_422_.jpg?x-oss-process=image/resize,w_800/format,webp"
周一计划，要么电力，要么空仓,6,1157,金陵琅琊中路江左梅郎,07-19 16:55,"电力走强，接力一进二电力走弱，空仓，等周二再说
https://i3.hoopchina.com.cn/74853d82cfa1395ce7aaab0921489c2e_w_1224_h_1241_.jpg?imageMogr2/format/webp/auto-orient?x-oss-process=image/resize,w_800/format,webp
https://i3.hoopchina.com.cn/74853d82cfa1395ce7aaab0921489c2e_w_1224_h_1241_.jpg?imageMogr2/format/webp/auto-orient?x-oss-process=image/resize,w_800/format,webp"
一百万本金，全仓跌停07.17,379,117535,衣染尘,07-19 16:50,"本来想下周一恢复更新的，但既然今天已经感受宁静了，还是发出来给老师们提供一下情绪价值。昨天喝多了，一觉睡到9点35，打开软件已经直接感受宁静了。想到东山很可能补跌，但是没想到会是这样。估计下周一也要清了。一个月亏了20万+（下周还要亏），这得几个月的工资才能补回来啊。最后说一下，老师们，丢失的钱是找不回来了。一定要尽量保持好心情。周末马上要到了，该喝酒喝酒、该打牌打牌、该打球打球。再痛苦、再骂娘，丢了就是丢了。我已与自己和解！
https://i3.hoopchina.com.cn/68cba6cbf80123e288e64103ae234acd_w_1060_h_2376_.jpg?imageMogr2/format/webp/auto-orient?x-oss-process=image/resize,w_800/format,webp
https://i3.hoopchina.com.cn/f48804556c6db6b029bcd9cf91b42a3c_w_1060_h_2376_.jpg?imageMogr2/format/webp/auto-orient?x-oss-process=image/resize,w_800/format,webp
https://i3.hoopchina.com.cn/68cba6cbf80123e288e64103ae234acd_w_1060_h_2376_.jpg?imageMogr2/format/webp/auto-orient?x-oss-process=image/resize,w_800/format,webp
https://i3.hoopchina.com.cn/f48804556c6db6b029bcd9cf91b42a3c_w_1060_h_2376_.jpg?imageMogr2/format/webp/auto-orient?x-oss-process=image/resize,w_800/format,webp"
7.19日今日份足球赛前分析来咯！！！,1,571,雯雯子呀,07-19 16:49,"周日 104 西班牙 VS 阿根廷果实：胜总进球：2/3球缤纷：2-1、2-0、1-1综合各项维度对比，莫尔德手握魔鬼主场、碾压级交锋历史、冲欧战抢分需求，仅门将与轮换后卫残缺存在隐患；布兰虽换帅止颓、反击具备威胁，但客场防守崩盘、历史交手全面劣势，客场拿下三分难度极大。本场主流走势为主队拿分。周日 201富川FC VS首尔FC果实：负总进球：2/3球缤纷：0-2、1-2、0-1富川唯一优势是主场死守韧性、平局属性强，但主场进攻瘫痪、中前场核心伤缺、交锋全程被零封压制； 首尔坐拥榜首实力、联赛最强客场战绩、完整进攻体系、充足冲分战意，全方位占据上风，唯一隐患是攻坚慢热，难打出大比分屠杀。 整体走势偏向首尔 FC 不败，客胜为主。周日 202 安养FC VS光州FC果实：胜总进球：2/3球缤纷：2-0、2-1 0-0安养唯一短板是主场不胜魔咒、平局偏多，但阵容完整、锋线火力稳定、冲分需求强烈；光州全方位劣势：客场全败、垫底攻防、后防线大面积伤停、进攻近乎瘫痪，仅靠死守存在逼平可能，客场取胜几乎无望。 整体走势安养 FC 不败为主。周日 203 埃夫斯堡 VS天狼星果实：负总进球：2/3球缤纷：1-2、0-2、1-1埃夫斯堡仅有主场场地优势，但六轮不胜、锋线主力报销、门将 + 后腰停赛三重硬伤叠加，阵地攻坚无力、防守漏洞巨大； 天狼星坐拥联赛榜首、不败走势、顶级客场火力、完整首发进攻群，战术体系天然克制主队，交锋历史全面占优。 整体走势天狼星不败为主。周日 204 哈尔姆斯 VS 赫根果实：负总进球：2/3球缤纷：0-2、1-2、0-1哈尔姆斯仅拥有主场历史不败 buff，但垫底战绩、三连败、中前场三人停赛三重硬伤叠加，进攻基本瘫痪； 赫根排名、进攻火力、阵容完整度、抢分战意全面领先，唯一短板是整条后防线替补出战，存在丢球风险。 整体格局赫根不败为主周日 205 哈马比 VS代格福什果实：胜 总进球：2/3球缤纷：2-0、2-1、3-0哈马比手握联赛第二排名、联赛顶级主场火力、三连胜火热状态、不败交锋历史、完整进攻核心，仅一处边后卫停赛小幅减配； 代格福什全方位劣势：降级区垫底战绩、连续客场失利、6 名攻防主力缺阵、进攻瘫痪、客场防守崩盘，仅靠密集防守存在小幅逼平可能，客场取胜几乎没有概率。 整体走势哈马比不败为主。周日 206 雅罗 VS图际图尔果实：负总进球：2/3球缤纷：1-2、0-2、1-3雅罗仅有主场保级战意，却遭遇中前场四人缺席、联赛垫底防守、十一年交锋不胜三重硬伤，进攻近乎瘫痪； 图尔库国际排名、不败走势、顶级客场火力、完整全员阵容、争冠诉求全部占优，交锋历史全面碾压，仅双线体能小幅拖累，难以打出屠杀局，但稳定拿分概率极高。 整体走势图尔库国际不败
https://i5.hoopchina.com.cn/D2FF26C90B6BC5D37EFC14E06B64A2AE_w_1320_h_1753_.jpg?x-oss-process=image/resize,w_800/format,webp
https://i5.hoopchina.com.cn/D2FF26C90B6BC5D37EFC14E06B64A2AE_w_1320_h_1753_.jpg?x-oss-process=image/resize,w_800/format,webp"
希望这不是我最后一次发帖,106,39153,心中有涟漪吹过,07-19 16:38,"
https://i1.hoopchina.com.cn/85a9a596f0fc415551ce78a86af8a700_w_944_h_14333_.jpg?imageMogr2/format/webp/auto-orient?x-oss-process=image/resize,w_800/format,webp
https://i1.hoopchina.com.cn/85a9a596f0fc415551ce78a86af8a700_w_944_h_14333_.jpg?imageMogr2/format/webp/auto-orient?x-oss-process=image/resize,w_800/format,webp"
上证指数正在走一个扩张三角形机构，下周就变盘了,4,4369,南宫无敌,07-19 16:38,"目前已经来到了三角形底部，这里向上或者向下的概率都是50％，如果向下跌破3740，3天都没收回来就非常的危险了，如果这里出现连续的放量阳性，就大概率是向上的结构了，3750这里我已经满仓，之前我一直就3层仓位，目前手里的持仓都是宽基,证券  银行 工业金属，还有一丢丢算力。
https://i3.hoopchina.com.cn/9b0d019e51e0163c93da8fd65e853032_w_1347_h_495_.png?x-oss-process=image/resize,w_800/format,webp
https://i3.hoopchina.com.cn/9b0d019e51e0163c93da8fd65e853032_w_1347_h_495_.png?x-oss-process=image/resize,w_800/format,webp"
兄弟们，我做了一个可以在虎扑玩的A股模拟盘，100万初始资金，谁是虎扑模拟股神？,31,21668,Cesc老法,07-19 16:35,"点击进入虎扑股票模拟盘点击进入虎扑股票模拟盘点击进入虎扑股票模拟盘可交易的股票范围为A股的所有股票，大家空仓的或者不敢入市的，都可以来玩一下~1.初始拥有100w模拟资金2.搜索个股名称和代码进行买入/卖出，只能在开市的阶段进行操作3.行情每15分钟更新一次，4.可以查看当前收益排行和交易明细，邀请你的好友一起来玩吧~大家在玩的过程中有任何问题和建议，都可以在帖子下回复反馈，我会及时进行修改
https://i5.hoopchina.com.cn/editor/42283d0e325b4844aac5229d6dcd68c3_w_1200_h_2487_.png?x-oss-process=image/resize,w_800/format,webp
https://i5.hoopchina.com.cn/editor/42283d0e325b4844aac5229d6dcd68c3_w_1200_h_2487_.png?x-oss-process=image/resize,w_800/format,webp"
7.19每人发一个头疼的票，在线解析，两分钟出结果,2,237,路人戌,07-19 16:33,"
"
极端行情后，主线诞生时,6,4615,寻找午夜太阳,07-19 16:31,"引言：市场最冷的时候，往往开始孕育下一轮机会2026年7月，市场正在经历一场罕见的极端调整。连续下跌之后，投资者的情绪快速降温。讨论最多的不再是哪些行业还有机会，而是市场是否还会继续下探，手中的资产是否应该继续降低仓位。但投资市场有一个反复验证过的规律：真正重要的机会，很少出现在市场情绪乐观的时候。历史上多轮大级别行情的起点，都曾经历过类似阶段。2008年金融危机之后，美股在绝望中开启长达十年的牛市；2016年初A股熔断后，市场完成估值修复；2022年新能源、消费等核心资产经历深度调整后，也重新迎来了产业逻辑的重估。市场下跌本身并不可怕，真正需要关注的是：下跌之后，资金结构有没有发生变化，产业方向有没有出现新的确定性。当前市场表面上仍然充满恐慌，但底层资金行为已经出现了一些极其罕见的信号。如果只看指数涨跌，很容易被情绪带走。如果拆开资金、估值、产业周期三个维度观察，会发现市场可能正在进入一个新的转折区域。这并不意味着简单的短线反弹。更重要的问题是：经历这一轮筹码重新分配之后，下一阶段真正能够承载资金共识的新产业方向在哪里？一：看清恐慌背后的资金动作投资市场里，情绪往往是最容易被放大的因素。上涨的时候，人们容易高估未来；下跌的时候，人们又容易低估价值。因此，判断市场底部，不能依靠感觉，而需要寻找能够验证情绪变化的数据。截至2026年7月17日，万得全A过去20个交易日累计跌幅达到12.43%。这个跌幅已经接近历史极端调整区间。但与此同时，市场出现了一个非常值得关注的现象：ETF资金正在大规模流入。单日ETF净流入达到831.12亿元，创历史极值，处于历史99.5%的分位水平。过去5个交易日累计净流入达到2309.25亿元，处于历史99.3%的分位。过去20个交易日累计净流入达到2625.36亿元，处于历史91.6%的分位。简单来说，市场最恐慌的时候，出现了历史级别的资金承接。这背后的意义在于：真正的大资金通常不会等市场情绪完全恢复之后再买入。很多时候，机构资金、长期资金以及稳定市场资金选择的是左侧布局。市场下跌过程中，它们关注的不是短期波动，而是资产价格是否已经进入具有吸引力的区间。市场底部通常不是一个瞬间形成的，而是在恐慌释放和资金承接之间逐渐完成。历史数据告诉我们：极端恐慌之后，赔率正在改善当然，资金流入本身并不能直接意味着市场马上上涨。投资需要寻找概率，而不是寻找确定性。因此，我们进一步观察历史回测。当同时满足两个条件：第一，万得全A过去20个交易日跌幅超过5%；第二，ETF申购净流入处于历史最高20%的区域。在历史样本中，此时买入后20个交易日的平均收益约为11.8%。而正常市场环境下，这一数字约为1.8%。两者之间存在明显差异。这说明，当市场经历快速杀跌，同时长期资金开始主动承接时，风险收益比往往会发生变化。投资中最重要的不是预测每一次涨跌，而是在赔率明显倾斜的时候敢于行动。巴菲特曾经说过，别人恐惧时贪婪，并不是鼓励投资者盲目抄底，而是在提醒市场参与者：当价格波动已经远远超过企业价值变化时，机会往往开始出现。当前市场是否已经完全见底，没有人能够准确判断。但从资金行为来看，市场已经进入值得重点研究的位置。二：历史上的主线形成之前很多投资者面对大跌时，第一反应是预测指数还能跌多少。3000点会不会破？底部是不是已经到了？明天会不会反弹？这些问题当然重要，但对于中长期投资而言，还有一个更值得关注的问题：市场经历一轮剧烈调整后，资金最终会流向哪里？因为真正的大行情，从来不是单纯由指数上涨推动的，而是由新的产业趋势形成共识。回顾过去几年的市场，会发现一个非常明显的规律：每一次大级别调整，本质上都是一次资金重新选择。旧的逻辑因为环境变化而失效，新的产业方向则在低预期中逐渐形成。市场不会因为跌得多而上涨，但会因为新的价值方向出现而重新定价。2024年：流动性危机之后，资金重新寻找产业确定性2024年初，A股经历了一轮典型的流动性冲击。当时市场的问题，并不完全来自企业盈利恶化，而更多来自交易结构的压力。1月至2月，雪球产品集中敲入，部分量化私募产品净值快速回撤，叠加融资资金被动减仓，导致微盘股出现剧烈波动。ps：当年某L开头私募还因做空国家队而被警告。很多投资者当时感受到的是一种“无差别下跌”。无论公司基本面如何，很多股票都被资金抛售。这种阶段往往最容易制造错误定价。市场先生在恐慌时，并不会区分什么是真正的问题资产，什么只是暂时受到流动性影响的资产。随后，2024年5月至8月，退市新规推动市场进一步分化。过去依靠题材炒作、低质量扩张的企业受到压力，资金开始向真正具备竞争力的公司集中。这实际上是一轮市场生态重塑。经历两轮出清后，9月至10月，叠加政策组合拳，市场迎来了新的交易主线。金融科技受益于政策预期改善，华为产业链受益于国产替代和技术突破，成为资金重新聚焦的方向。回头来看，行情启动前，市场并不是没有机会。只是当时大部分投资者仍然停留在上一轮下跌带来的恐惧中。2025年之一：技术突破改变预期，AI产业进入重新定价阶段进入2025年初，市场再次经历调整。当时，央行降准降息预期落空，海外市场波动加剧，同时机构进入年度调仓阶段。多重因素叠加，导致市场风险偏好快速下降。但就在市场情绪低迷的时候，DeepSeek的出现改变了产业预期。它带来的影响，并不仅仅是一家公司的技术突破。更重要的是，它让市场重新思考人工智能产业的发展路径。过去市场关注的是算力投入和资本开支。而DeepSeek让投资者看到，算法效率提升同样可能推动AI产业发展。于是，算力、服务器、应用生态等方向迎来重新估值。这也是产业投资中非常重要的一点：真正的大机会，往往不是来自已经被市场充分认可的方向，而是来自产业认知发生变化的瞬间。2025年之二：全球风险冲击之后，高端制造重新获得关注2025年4月，美国关税政策以及“解放日”行动引发全球市场剧烈波动。全球股市出现恐慌性抛售，债券市场也出现明显震荡。当时市场最大的担忧，是全球贸易环境变化可能影响企业盈利。但对于长期投资者而言，危机同时也意味着重新寻找产业价值。随后，随着市场对未来产业升级方向重新定价，光模块、科技制造等高端资产逐渐成为资金关注重点。背后的逻辑并不复杂：当全球产业竞争进入更深层次阶段，真正具备技术壁垒和产业位置的企业，其价值反而会被重新发现。很多产业机会都是如此。在景气最好的时候，估值已经充分体现预期。而在市场最悲观的时候，产业真正的长期价值才开始显现。2026年：旧叙事降温之后，新的产业方向正在寻找突破口来到2026年，市场又一次面对复杂环境。3月份，中东局势反复，美伊谈判前景不确定，国际油价向100美元附近靠拢。能源价格上涨带来的通胀压力，引发市场对于全球经济重新进入滞胀环境的担忧。全球风险资产受到冲击，A股也出现明显调整。之后，各种涨价潮中，PCB上游脱颖而出，走出了一轮主升。而到了7月，市场面对的是另一种压力：过去一年AI相关资产经历快速上涨，部分乐观预期已经提前反映在估值中。与此同时，7月中旬限售股解禁规模增加，市场短期资金压力进一步提升。资金开始出现明显的避险行为。高估值资产被重新审视，低位资产开始受到关注。但每一轮调整之后，真正值得关注的并不是简单寻找跌得最多的方向。历史经验告诉我们，下一轮主线通常具备几个共同特点：第一，需求是真实存在的，而不是依靠情绪推动。第二，供给扩张需要时间，短期内难以快速复制。第三，产业链中存在关键环节，掌握一定议价能力。新能源设备、半导体设备、AI基础设施等过去几轮主线，都符合类似特征。市场完成一次风险释放之后，资金最终会寻找新的确定性。那么，站在2026年7月这个时间节点，哪些方向可能具备这样的条件？这需要回到产业本身寻找答案。三：下一轮资金会寻找什么？大浪退去之后，真正重要的是谁还站在产业链核心位置市场每一次大幅调整，都会产生大量被错杀的资产。但并不是所有下跌后的资产都有价值。投资最容易犯的错误，是把价格便宜和价值出现混为一谈。一家企业跌了50%，并不代表它有投资价值。相比之下更值得关注的是，它所在的产业是不是仍然处于增长周期，它是否处在产业链不可替代的位置。过去几轮科技行情中，市场反复证明了一件事：资金会寻找那些能够持续获得产业利润的环节。2026年这个时间点，结合全球产业竞争格局和国内产业发展阶段来看，国产半导体与算力基础设施仍然是值得重点研究的方向。需求持续增长，供给存在约束，产业位置重要。这三点决定了一个行业是否具备长期投资价值。国产半导体：产业安全与技术突破共同推动的新周期过去几年，半导体产业经历了一轮深刻变化。全球芯片竞争已经不再只是商业竞争，而逐渐演变为技术、供应链和产业安全之间的竞争。外部环境变化，使得核心半导体环节的重要性不断提升。对于中国市场而言，半导体国产化并不是简单替代进口产品。更深层的逻辑是：在全球产业链重新布局的过程中，国内企业需要建立自己的技术体系和供应能力。这意味着部分关键环节可能拥有更长周期的发展空间。当然，半导体行业内部差异非常大，并不是所有芯片企业都会受益。投资者需要寻找的是那些真正具备产业价值的位置。例如：高端半导体设备，先进制造环节，关键材料，核心零部件。这些领域往往具有较高进入门槛。一个成熟产品可能需要多年研发积累，同时还需要客户验证、工艺适配以及规模化生产能力。这决定了供给端很难在短时间内大量增加。而一旦产业需求持续释放，具备技术积累的企业就更容易获得长期订单和利润空间。算力网络：AI时代真正的基础设施竞争如果说人工智能是一场新的产业革命，那么算力就是这场革命中的基础设施。过去几十年的科技发展，本质上都伴随着计算能力的提升。互联网时代，数据中心成为基础设施。移动互联网时代，智能手机芯片成为核心。进入AI时代，算力网络正在成为新的产业底座。当前市场对于AI的讨论，容易集中在应用端：聊天机器人、智能助手、自动驾驶、AI软件等方向吸引大量关注。但从产业发展规律来看，基础设施通常会先于应用成熟。19世纪铁路建设时期，最先受益的并不是运输公司，而是铁路设备和基础设施企业。互联网早期发展阶段，最先形成巨大商业价值的也是通信设备、服务器和网络基础设施。AI产业同样如此。大模型持续迭代，需要更强的计算能力、更高效的数据处理能力以及更稳定的基础设施支持。因此，算力产业链中真正值得关注的是那些能够持续分享产业增长红利的核心环节。例如：高性能计算相关设备，先进封装，高速通信，核心光电器件，关键基础软件。这些环节决定了整个算力体系的效率上限。然而，需要注意的是，AI产业虽然长期空间巨大，但投资机会并不会平均分布。任何产业快速发展阶段，都会经历一个过程：最初是技术突破带来的估值提升，随后是资本大量涌入，最后才是企业盈利能力的真正分化。历史上的互联网、智能手机、新能源汽车，都经历过类似过程。2000年前后的互联网泡沫时期，很多企业拥有互联网概念，但最终真正留下来的，是那些建立商业模式和产业壁垒的公司。新能源产业发展初期，大量企业进入赛道，但最终市场认可的是拥有成本优势、技术优势和产业链控制能力的企业。AI同样如此。未来几年，市场可能继续寻找AI产业链中的赢家。但投资重点需要从谁拥有AI概念转向谁能够真正获得AI时代增长带来的利润。后记：寻找预期差站在2026年7月这个时间节点，市场最大的变化并不是指数跌了多少。而是投资者对于未来的预期正在重新调整。过去一
"
真正的《股市机密笔记》全世界只有我有原本，有了它，啥都不用去学了，可以在股市横着走,4,56,表伯独家股市笔记,07-19 16:27,"经常看到一些机构广告，开始几块钱吸引你进群，后面就要交几千几万块钱教人炒股。我真是无语又夹杂一些气愤！拜托，关键他们教的都是过时的东西了，可怜的新手小白们未入市就冤枉交了很多钱，学些人家想让你学的东西。而且喜欢用一些听起来很牛逼的术语来勾引你，比如有个机构广告，主打一个“缩量新高”的课程术语吹嘘，好像学到了立马就能所向无敌，一夜暴富。我真是服了，这真的只能忽悠那些缺乏认知的散户，在我眼里，这所谓“缩量新高”的技术在2005年前还有点效果，说明主力高度控盘筹码集中。但现在都2026年了，这套逻辑已被量化对冲，融券做空巅覆，早已成为了主力诱多经典手法，几千几万块钱教这种老掉牙东西，学来干嘛？学来亏钱吗？真是没丁点良心的培训机构啊！我也真是替咱们这些散户着急，为了能炒股赚钱，反倒被无良的培训机构先狠狠了割一刀，如果是教一些干货有用的东西还好，可他们居然是拿些早已无效的技术在害人啊！🌈💫真正的《股市机密笔记》全世界只有我有原本，有了它，啥都不用去学了，可以在股市横着走。从顶层到具体，区区十二篇，看完只会让人拍案叫绝，醍醐灌顶，恨如此宝典，早知道早致富啊！但我也不能满世界去给人，只分享有缘人吧！毕竟徒弟领进门，修行靠个人。我也不怕你学，气的是那些无良培训机构和一大堆的砖家网红，真的是坑人还坑得道貌岸然，收钱收得理直气壮！
https://i1.hoopchina.com.cn/a35dab3504a5797db96149c40ab02ac6_w_1068_h_1253_.jpg?x-oss-process=image/resize,w_800/format,webp
https://i1.hoopchina.com.cn/a35dab3504a5797db96149c40ab02ac6_w_1068_h_1253_.jpg?x-oss-process=image/resize,w_800/format,webp"
理性讨论，大盘今年还有机会回到4000点吗？,19,8511,阿克伦的王权,07-19 16:25,"会不会是十年大顶？
"
交流贴,14039,1118065,carryus,07-19 16:24,"
"
材料基难吗,0,39,虎扑JR0342213106,07-19 16:22,"
"
10W本金入市第三天（7.17）,3,1246,石头屋子,07-19 16:09,"不是，我这是遭遇了什么啊？说好的新手保护期呢？ 说好的科技牛市呢？说好的触底反弹呢？第一天发帖的时候有个兄弟说这是我未来一个月总资产最高的一天，你快来重新说。
https://i1.hoopchina.com.cn/editor/03f79a7e3482c1fc70098ae8ee924ed8_w_1147_h_949_.jpeg?x-oss-process=image/resize,w_800/format,webp
https://i11.hoopchina.com.cn/editor/3237f80313ec74faf1e0e6001c86ed2e_w_436_h_94_.png?x-oss-process=image/resize,w_800/format,webp
https://i1.hoopchina.com.cn/editor/03f79a7e3482c1fc70098ae8ee924ed8_w_1147_h_949_.jpeg?x-oss-process=image/resize,w_800/format,webp
https://i11.hoopchina.com.cn/editor/3237f80313ec74faf1e0e6001c86ed2e_w_436_h_94_.png?x-oss-process=image/resize,w_800/format,webp"
中际旭创会跌到100吗？,1,915,阿克伦的王权,07-19 16:05,"感觉科技泡沫要爆炸了
"
下周开始测试一下机选鱼塘,20,7300,海边的宁静,07-19 16:02,"用Kimi K3做的辅助选股网站哈哈不得不感慨ai还是厉害的完全不懂编程也能口述搭建网站回测分仓1/2/3/4只结果单调评分最高的一只收益率竟然是最高的这是我没想到的然后优化策略只在2:30开始选股尾盘买入，把-5%止损缩小到-3%，次日收盘仍在日均线上则多拿一天在2023年这样的大熊市回测也跑出一年8倍的成绩个人感觉确实合适超跌行情抓反弹有位好兄弟愿意给我做小白鼠那就测测看咯不分仓单调评分最高的不要迷信哈单纯自己瞎研究的用的免费api接口承受不了太多人就不放出来了
https://i1.hoopchina.com.cn/47195F43539451B9EC584A85B38B8876_w_1179_h_2556_.png?x-oss-process=image/resize,w_800/format,webp
https://i11.hoopchina.com.cn/E895AB24E880487071E6FAC9FACE8646_w_1179_h_2556_.png?x-oss-process=image/resize,w_800/format,webp
https://i1.hoopchina.com.cn/47195F43539451B9EC584A85B38B8876_w_1179_h_2556_.png?x-oss-process=image/resize,w_800/format,webp
https://i11.hoopchina.com.cn/E895AB24E880487071E6FAC9FACE8646_w_1179_h_2556_.png?x-oss-process=image/resize,w_800/format,webp"
璞泰来还能持有吗,11,2430,我是个火箭太空人,07-19 16:02,"璞泰来还能继续持有吗？一路补，可是还没见底，怎么办？
https://i5.hoopchina.com.cn/744fb4351fb02083c5097535406ccee5_w_1256_h_2760_.jpg?imageMogr2/format/webp/auto-orient?x-oss-process=image/resize,w_800/format,webp
https://i5.hoopchina.com.cn/744fb4351fb02083c5097535406ccee5_w_1256_h_2760_.jpg?imageMogr2/format/webp/auto-orient?x-oss-process=image/resize,w_800/format,webp"
这几天科技暴跌后的一些分析,155,95198,brcmz22,07-19 16:01,"首先乐观估计，这是一波大洗盘，上证要直接去补4月7号的缺口，补完后重新拉升。接下来的走势，参考之前我做的一个股：力量钻石要一直跌到放量，并且放量第二天或者第三天得收红柱。放量意味着第一个峰的人受不了割肉或者止盈了，主力才好继续拉。股指想再创新高，得把之前赚钱的或者套牢的甩下去，才能继续拉。今天还有一些资金在国产半导体抱团的，有一定道理。现在缩圈两个，一个是国产 cpu，一个是半导体上游国产材料。现在就是美国的芯，韩国的存，中国的稀土材料，各自的优势。我预期这波非得把科创板这群抱团的筹码也甩出来才能更好的上攻。以上是乐观估计，悲观估计：这一年国内数据中心的建设连美国的零头也不如，全靠国外的订单科技才涨成这样的。但是最近一个月纳指七姐妹天天跌，资本市场不认可，还怎么可能继续维持巨额资本开支。2000年互联网泡沫就是股市先暴跌，才减少了资本开支，而不是反过来。所以我现在每天关注七姐妹的走势，如果不能突破性反弹，牛市可以说在七八月份肯定要结束了。从7月2号我就把仓位降到了半仓，而且每天趁反弹减仓。后续如果符合乐观估计，可以捡割肉的筹码了。
https://i5.hoopchina.com.cn/editor/2d0506f10b9ef1274524d62d4be3eba5_w_1503_h_617_.png?x-oss-process=image/resize,w_800/format,webp
https://i5.hoopchina.com.cn/editor/596afa8ec04135e90ae35131a81998fb_w_1515_h_729_.png?x-oss-process=image/resize,w_800/format,webp
https://i5.hoopchina.com.cn/editor/2d0506f10b9ef1274524d62d4be3eba5_w_1503_h_617_.png?x-oss-process=image/resize,w_800/format,webp
https://i5.hoopchina.com.cn/editor/596afa8ec04135e90ae35131a81998fb_w_1515_h_729_.png?x-oss-process=image/resize,w_800/format,webp"
  5月份我就反驳 被他拉黑  围棋少年钟爱紫金矿业 现在这伙人,87,14828,虎扑JR0684066689,07-19 15:57,"5月我第一次点进帖子发现他在给别人财富密码  当时就反驳 结果被拉黑    说是让我就看心里医生    他评论区那些捧臭脚的可以想象都说了些什么  现在你们去他评论区还是那股味 7月我发帖 他自己还有很多人就愣是说我是听他的亏钱 玩不起 才回来黑他   我觉得正常人第一反应想到这里很正常  但评论区有些人的发言就明显不是正常人了   我怀疑这是帮团伙了  尤其已经有人要让我晒单了  怎么滴 对线荐股 给别人“施舍财富密码的”  不光要晒单还要顺着你们的规则玩？  哈哈哈 我没单可晒   我还就要看看你们你这帮人 能搞出什么花样  还有哪些顾左右言他的话术    还有说我追着咬的  你们这帮虾兵蟹将也真是追着舔啊 
https://i5.hoopchina.com.cn/editor/a40748058cf2c8c2c23f1f8a671a0576_w_959_h_320_.jpeg?x-oss-process=image/resize,w_800/format,webp
https://i5.hoopchina.com.cn/reply/d33cb67c8cafcce57a31197e6e44311a_w_814_h_506_.jpeg?x-oss-process=image/resize,w_800/format,webp
https://i5.hoopchina.com.cn/editor/a40748058cf2c8c2c23f1f8a671a0576_w_959_h_320_.jpeg?x-oss-process=image/resize,w_800/format,webp
https://i5.hoopchina.com.cn/reply/d33cb67c8cafcce57a31197e6e44311a_w_814_h_506_.jpeg?x-oss-process=image/resize,w_800/format,webp"
温柔的火龙果账户注销账号了？,14,5691,虎扑JR1079681197,07-19 15:54,"上证月线即将死叉，没想到牛市走完了火龙果的消费和恒科还没起来。希望大家都能保住这轮牛市的胜利果实，目前来看指数可能现在处于21年底的位置，只能轻仓抄底快进快出。
https://i11.hoopchina.com.cn/118250c4f3d060f0ca094f7d16dc46c1_w_864_h_1920_.jpg?imageMogr2/format/webp/auto-orient?x-oss-process=image/resize,w_800/format,webp
https://i11.hoopchina.com.cn/118250c4f3d060f0ca094f7d16dc46c1_w_864_h_1920_.jpg?imageMogr2/format/webp/auto-orient?x-oss-process=image/resize,w_800/format,webp"
现在是不是抄底俄罗斯股市的好时机？,12,1846,明天会更好76,07-19 15:50,"现在世界上各个主要国家的股市都在历史高位但俄罗斯股市却是个例外，虽然俄罗斯越打越有钱但是股市却比战前跌了一半还多，如果算上俄罗斯卢布这几年大幅贬值显然实际跌的还要更多，很明显这是因为遭到了外部势力的恶意做空，按照价值回归理论，现在是不是进入俄罗斯股市的好时机？
https://i11.hoopchina.com.cn/2ad543d2e8aaee73822ed8f9255da20a_w_1280_h_2772_.jpg?imageMogr2/format/webp/auto-orient?x-oss-process=image/resize,w_800/format,webp
https://i11.hoopchina.com.cn/2ad543d2e8aaee73822ed8f9255da20a_w_1280_h_2772_.jpg?imageMogr2/format/webp/auto-orient?x-oss-process=image/resize,w_800/format,webp"
今年一塌糊涂，但7月没从老登切到科技是最正确的操作,27,4914,德约科门希克,07-19 15:45,"本来想切换到亨通光电的，否则要多亏三十个点，太吓人了。
https://i1.hoopchina.com.cn/B61E0C652D2F2E81EFBF703A5DD9065F_w_1084_h_2412_.png?x-oss-process=image/resize,w_800/format,webp
https://i1.hoopchina.com.cn/B61E0C652D2F2E81EFBF703A5DD9065F_w_1084_h_2412_.png?x-oss-process=image/resize,w_800/format,webp"
周一科技也是完蛋的了……特别是光纤这些板块太惨了,9,4955,隔壁老王衣柜,07-19 15:35,"好多股都腰斩了啊，大盘3500是必定的了，之前还想买点通鼎现在看基本12元跑不掉了，现在我都还在泸电股份挨打，大概率周一也要挨打了，大a下跌已经开始加速了，可惜最近才买科技的兄弟了，不知道几年才回得来了
"
收官了，本月170%+，终于上岸。。。,106,130429,吟游诗人sky,07-19 15:26,"无数个难熬的夜晚，终于解脱了。。不好为人师，更讨厌对别人说教，仅以个人从70%亏损，不充值的情况下成功上岸，分享一些心路历程，或多或少帮助一些仍身处黑暗的人。 1. 顺势而为，人多的地方有江湖，钱多的地方有行情交易最忌讳逆势硬扛，行情有自身运行的趋势，上涨趋势中阻力极小，下跌趋势里处处是陷阱。所谓人多、钱多，本质是资金共识形成的主流赛道与热点板块，海量资金集中涌入才会催生持续行情，那些低价优质股不是你觉得好就得涨的，不必执着等反转、等拉升，学会识别市场资金流向，顺着趋势操作，风口到来时收益事半功倍；逆着资金与大势博弈，再优质的标的也容易长期阴跌亏损，看懂资金抱团的江湖，才能抓住真实上涨行情。 2.提升自我，技术不是万能的，没有技术是万万不能的股市没有一套技术指标能百分百预判涨跌，消息、政策、外围情绪、突发利空都会打破图形规律，单纯依靠金叉、均线、K线买卖注定频繁踩坑。但技术分析是交易者最基础的生存工具，它能清晰分辨支撑压力、量能变化、筹码分布，帮我们定位高低点、区分真假突破、规避高位诱多陷阱。不懂技术只会盲目跟风，涨了盲目追高、跌了恐慌割肉；持续打磨技术体系，结合基本面、资金面综合判断，才能减少情绪化操作，建立属于自己的交易体系。 3. 跟随市场，而不是对抗市场 在各种群里混迹，最长听到的就是大家总是带着主观的想法：我觉得他到顶了，我觉得他跌到位了，但是又毫无依据。市场永远不会迁就个人预期，千万不要带着主观执念预判涨跌。当盘面持续走弱、股价不断下探，不要主观认定“马上反弹”加仓抄底；当个股放量突破、板块全线走强，也不要固执看空错失主升浪。所有操作都要以盘面实际信号为准，接受市场给出的真实答案，顺应资金选择、盘面走势调整仓位与思路。强行和市场对抗，靠主观臆断反向操作，只会不断放大亏损，被行情反复打脸。 4. 时刻敬畏市场 股市不存在稳赚不赔的法则，再成熟的交易体系、再丰厚的过往盈利，都不能轻视市场的不确定性。行情瞬息万变，黑天鹅、政策调整、主力资金出逃随时会改变走势，哪怕短期连续盈利，也不能产生轻视之心。敬畏市场体现在风控上：不满仓、不止损、不重仓单只个股，永远给自己留容错空间；摒弃一夜暴富的贪心，明白市场永远有超出认知的风险，保持谦卑，才能长久在市场存活。 5. 多从主力的角度思考问题，不要自己给自己讲故事 论基本面、盈利能力，谁能好的过银行，但金融就是不涨。逻辑是支持股价上涨的理由，资金才是拉升上涨的动力。股价涨跌核心由大资金主导，散户很容易陷入自我幻想，凭空脑补利好、意淫个股翻倍，不断给自己编织上涨的美好剧本，忽略盘面真实资金动作。交易时切换视角站在主力立场思考：高位放量拉升是出货还是主升？低位反复震荡是吸筹还是无人问津？利好发布后高开低走是不是借消息派发？抛开主观幻想，看懂筹码交换、资金进出逻辑，不被小道消息、内心幻想蒙蔽，才能避开主力设下的诱多、诱空圈套。 6. 每天复盘，时刻保持冷静，最大的敌人就是自己的心态大家看着过往买过的票，有没有后悔的时候，拍断大腿，想当初如果我不卖，早就翻倍了。这说明不是你不会选，而是没有持股能力，根本原因还是心态问题。能选到一些方向，也能跟上一些票，但真正到持有的时候，就容易被调整洗出来;刚卖了，后面又涨上去;反复换来换去，最后发现这背后不是单纯技术问题，而是三个问题:第一，买入之前有没有想清楚逻辑。第二，持有过程中有没有分清正常调整和风险破坏。第三，卖出之后有没有复盘自己到底是纪律离场，还是被情绪洗出去。牛市那句话:“不要老换股，不动才能挣到钱”，不是让大家买了以后死拿，而是告诉大家:如果逻辑没有变，结构没有破，趋势还在，仓位也在自己能承受的范围内，那就不要因为一两天震荡就来回折腾。真正的""不动”，不是躺平不管，而是建立在逻辑、结构和纪律都还成立的基础上，耐心等待主力把行情走出来。很多人亏钱，不是因为选不到好票，而是好票到了手里，也拿不住。所以要学会复盘。复盘不是简单看今天涨了什么、跌了什么，也不是看自己赚了多少、亏了多少。真正有效的复盘，至少要看四件事:第一，看市场环境。今天大盘是强还是弱?是主线推动，还是情绪反抽?是资金主动进攻，还是被动修复?第二，看板块主线。今天资金流向哪里?哪个方向最强?是持续加强，还是一日游？板块内部有没有核心股带动?第三，看个股结构。自己手里的票，逻辑有没有变?趋势有没有破?量能有没有异常?是。正常洗盘，还是风险信号?第四，看自己的操作。今天买卖有没有符合体系?有没有追高?有没有恐慌卖出?有没有因为想回本而乱动?有没有把原本可以拿住的票，自己折腾掉?这四步坚持下来，才是真正有效的复盘。交易里真正可怕的不是暂时没赚钱，而是一直不知道自己错在哪里。只要你开始看见自己的问题，开始知道自己为什么被洗出去、为什么频繁换股、为什么拿不住，那就已经在往正确方向走了。选股是开始，持股是考验，复盘才是真正让你进步的地方。每天多学一点，每次少犯一个错，慢慢就会从看不懂，变成看得懂;从拿不住，变成有依据地拿;从凭感觉操作，变成按体系交易。技术、行情、主力都是外部因素，真正决定盈亏上限的是自身心态。大涨时贪婪，舍不得止盈，利润快速回吐甚至转盈为亏；大跌时恐惧，盲目割肉在最低点，错过反弹机会；连续盈利后狂妄自大，高位浮盈加仓，一次回撤吞噬全部收益。交易全程要克制贪婪与恐慌，涨跌都保持理性，严格执行提前制定好的止盈止损计划，不被短期波动牵动情绪。学会和内心的浮躁对抗，稳住心态，才能做到知行合一，稳定盈利。写在最后市场起伏、人生命运，其实都在“得失之间”。能不被一时得失困住，始终留在场内，既是智慧，也是修行。正如佛家所说，因缘流转，有得有失，但不执着于一时成败，才走得长远。“犯错之后是否还有重来的底气”，人生真正的底气，不是从不跌倒，而是跌倒之后，心不乱、路还在。能守住底线，留有余地，内心自然就多了一份从容。 投资如此，生活亦然。看似在做选择，其实也是在修心。如何看待得失、看待自己。受益的不只是投资，而是整个人生的方向。愿我们都能心有定力，行有边界，在起伏中稳住，在变化中前行。
https://i3.hoopchina.com.cn/editor/cc2063f5ea3d6eb961b76083dee5282c_w_1080_h_2289_.jpeg?x-oss-process=image/resize,w_800/format,webp
https://i3.hoopchina.com.cn/editor/7fdccb806b070f7f8f262af4260163b7_w_1080_h_1141_.jpeg?x-oss-process=image/resize,w_800/format,webp
https://i3.hoopchina.com.cn/editor/cc2063f5ea3d6eb961b76083dee5282c_w_1080_h_2289_.jpeg?x-oss-process=image/resize,w_800/format,webp
https://i3.hoopchina.com.cn/editor/7fdccb806b070f7f8f262af4260163b7_w_1080_h_1141_.jpeg?x-oss-process=image/resize,w_800/format,webp"
不断重复的历史和人性,18,21055,mr.keating,07-19 15:21,"2026.7 VS 2022.1 
https://i11.hoopchina.com.cn/0FC8335189D482816836B82625FA33B0_w_1178_h_731_.png?x-oss-process=image/resize,w_800/format,webp
https://i11.hoopchina.com.cn/0FC8335189D482816836B82625FA33B0_w_1178_h_731_.png?x-oss-process=image/resize,w_800/format,webp"
惨，商业航天两个跌停抄底，以为赚到，结果连续5跌停,25,18618,虎扑JR1301299741,07-19 15:19,"上周五火箭回收成功，商业航天集体90度涨停，我就预测到是个陷阱，下周一必跌停。果然跟我预测的一样，这周一商业航天集体90度下跌跌停，并且预测周二还会跌5%，结果周二还是跌停，天赐良机，这是抄底好机会，迅速买入。幻想着都2个跌停了，周三肯定反弹，结果周三给我来个跌停，我安慰自己，都3连跌了，周四应该来个涨停反弹吧，结果继续跌停。有点泄气了不期待了，周五一看还是跌停，一周完成5连跌停，我才发现自己抄在半山腰了。原来量化就盯着我的三瓜两枣，我没买时曲线还会上下震荡半年，我一买入它们集体崩塌了。
https://i11.hoopchina.com.cn/fa65f74a0961c270b9cab6ece7e14dce_w_1224_h_2700_.jpg?imageMogr2/format/webp/auto-orient?x-oss-process=image/resize,w_800/format,webp
https://i11.hoopchina.com.cn/fa65f74a0961c270b9cab6ece7e14dce_w_1224_h_2700_.jpg?imageMogr2/format/webp/auto-orient?x-oss-process=image/resize,w_800/format,webp"
每日复盘,1730,186001,华福证券福清清宏路营业部,07-19 15:08,"希望从今天开始坚持每日复盘，努力做好每一笔交易。
"
长鑫科技周一敢无脑追进去嘛？,25,16720,减肥真难呀,07-19 15:07,"作为国产唯一全流程 IDM（设计 + 制造 + 封测）DRAM 大厂，垄断国内 DRAM 产能长期看的话，市值得3万亿以上了吧，按照现在预估的净利润，2026 上半年预告：净利500–570 亿，全年1000 亿 +几乎无悬念，给个30倍pe，股价就得45左右，要是冲到5万亿，那股价就要干到75左右了？
"
兄弟们，再见了。,182,166688,安東尼戴维斯,07-19 15:04,"放心，是退市不是做空小区。最近几个月一直在KTV和ICU来回切换，人已经麻木，对生活中所有的事都提不起兴趣。最近几天连我儿子都问我为什么整天不高兴。我不知道该对他说什么。总战绩是亏了23个，也还行吧，当玩了两年网游。如果不是上个月月底减仓100万，我都不敢想天天满仓的我现在还剩几个子。熟悉我的兄弟都知道，去年我93万亏到36万只字未提认输。因为当时有对牛市的信仰，有对暴富的期望。但是经过年初的航天牛和这几个月的科技牛之后，我对自己的水平有了更清晰的认知，这两段不同风格的行情可以说都是几年难得一遇的，这样我都赚不到钱，剩下我所能期待的，只能是924那种行情了，而924，只能划归有生之年系列，太过虚无。也许有兄弟会说我割在了底部，马上要反弹了。而我的看法是，既然水平只有这么高，亏损的终局已经注定，在自己可以一笑而过的时候离开，于我未尝不是明智的选择。最后，祝诸兄买即大涨，持仓长红，进退从容，得偿所愿！股市江湖，就此别过。
https://i3.hoopchina.com.cn/266ad36027705bc017f8d3e59f97776c_w_1260_h_2800_.jpg?imageMogr2/format/webp/auto-orient?x-oss-process=image/resize,w_800/format,webp
https://i3.hoopchina.com.cn/266ad36027705bc017f8d3e59f97776c_w_1260_h_2800_.jpg?imageMogr2/format/webp/auto-orient?x-oss-process=image/resize,w_800/format,webp"
其实已经熊市了，只是没有人愿意说而已,81,63453,阿克伦的王权,07-19 15:02,"不可能再回4000点了，奔着3000点去了
"
这波a杀 比商业航天一月份还恐怖,11,10861,十方元年,07-19 14:48,"没法玩
"
满仓哥实盘7.8-7.17，-86056。长鑫申购倒大霉。,0,948,满仓融资就是干,07-19 14:44,"最近工作有点忙，行情也不好没顾得上在发帖，今天发个帖子回顾一下最近盈亏，因为没在科技里整体上亏损不大还能接受。山大电力周五意外暴涨，也是因为忙的顾不上看盘才没卖，要不早上涨八九个点的时候估计就全清了，下周一出掉。长鑫申购459个号只中了一签，最近两年申购运气一直不好，怀念中签康华生物的日子，每天醒来一个涨停板，500股赚了十几万。最近很多人在讨论牛市结束的话题，个人认为牛市压根就没来所以更不用讨论会不会结束。只有科技板块凑齐了牛市的特征:1.板块放量大涨、轮番大涨2.跌过几次都很快就收复失地3.一群狂热而坚定的信徒4.各种大儒专家出来背书。如果像我一样一直都没站在科技里，那么现在这行情没啥好担心的，回想去年四月七号，或是前年924，逼空情绪都比现在更高，那个时候没走，现在更没理由走了。
https://i10.hoopchina.com.cn/98ff566ab13cfb5ad963eb03c8d22711_w_1280_h_2832_.jpg?imageMogr2/format/webp/auto-orient?x-oss-process=image/resize,w_800/format,webp
https://i3.hoopchina.com.cn/5a966f425587157d7af996f47efd4769_w_1280_h_2832_.jpg?imageMogr2/format/webp/auto-orient?x-oss-process=image/resize,w_800/format,webp
https://i5.hoopchina.com.cn/41aea0699925c443ca9f2112a272cbbe_w_1280_h_2832_.jpg?imageMogr2/format/webp/auto-orient?x-oss-process=image/resize,w_800/format,webp
https://i10.hoopchina.com.cn/98ff566ab13cfb5ad963eb03c8d22711_w_1280_h_2832_.jpg?imageMogr2/format/webp/auto-orient?x-oss-process=image/resize,w_800/format,webp
https://i3.hoopchina.com.cn/5a966f425587157d7af996f47efd4769_w_1280_h_2832_.jpg?imageMogr2/format/webp/auto-orient?x-oss-process=image/resize,w_800/format,webp
https://i5.hoopchina.com.cn/41aea0699925c443ca9f2112a272cbbe_w_1280_h_2832_.jpg?imageMogr2/format/webp/auto-orient?x-oss-process=image/resize,w_800/format,webp"
【中文译制版】大摩科技谈：光进铜退在推迟？,0,789,左兜进右兜,07-19 14:36,"CPO 推迟的恐慌刷屏，大摩反手把 scale-up 网络空间上调到 730 亿美元，一年翻近 4 倍。光和铜吵到最后，唯一的评级上调，给了不押路线的 Keysight。────────📊 关于 RightPocket 量化模型系统RightPocket 是右兜独立运营的美股量化交易模型平台，包含策略模型、盘前交易信号与三级风险预警系统。所有交易记录公开透明。网站：right-pocket.com实盘业绩：right-pocket.com/performance────────📄 本期素材栏目：Morgan Stanley Tech Talk｜Ep. 316录制：2026-07-16｜研报发布：2026-07-17讲者：Meta Marshall（大摩网络设备行业首席分析师，覆盖 LITE / COHR / GLW / KEYS）、Ella Tulchinsky（半导体...去小宇宙查看完整单集简介在小宇宙查看该单集文稿
"
0719早评｜这个板块月线大跌后渐显布局契机,1,157,韩叔聊投资,07-19 14:34,"欢迎JRs收听今日的播客
"
这是什么股票市场,103,47392,不世水神,07-19 14:27,"美股大涨日本大涨韩国大涨7个点我们大A一碗大面真TM的无语这毫无逻辑的市场，清仓跑路是唯一的出路
"
有没有经历过2015年暴跌的朋友，能不能说一说这次暴跌有没有15年狠？,140,97997,阿克伦的王权,07-19 14:23,"快顶不住了😭
"
毛选里这句话是不是特别适合激励现在的股民？,5,1485,三足鸟,07-19 14:12,"当着天空中出现乌云的时候，我们就指出：这不过是暂时的现象，黑暗即将过去，曙光即在前头。——《目前形势和我们的任务》
"
0717 瀑布杀，35w实盘,120,46504,我库加油勇士向前冲,07-19 14:07,"瀑布杀了！放量直接杀穿3月24号低点，创业板-7%，通信-10%、半导体-8%、卫星-8%，创新药-7%，有色-5%。5000家待涨，212家跌停，1139家跌超7%，跟千股跌停也没什么区别。这行情真是太吓人了！持仓北湾，上午还好，下午被大盘带下来了。华友，下跌总少不了它，38块减仓。北投，4.66清仓。赵姨，新仓。华友和北投清出来的仓位想抄个底，结果又给按回去了。如果不卖华友和北投，亏的钱也差不多，等于白操作。今天看到不少人清仓，这狗日的市场太难了。不过大跌也酝酿着机会，下周应该会有反弹，只是会不会先杀一波，难以预料。操作建议，空仓也好，躺平也好，只要不是低位割肉，然后看到反弹又急匆匆追高就行。下跌再多，到了周末也要把烦恼忘掉，周末愉快！
https://i11.hoopchina.com.cn/1e4081e809bdf855d9f0f153d0b92f86_w_1156_h_2510_.jpg?imageMogr2/format/webp/auto-orient?x-oss-process=image/resize,w_800/format,webp
https://i11.hoopchina.com.cn/1e4081e809bdf855d9f0f153d0b92f86_w_1156_h_2510_.jpg?imageMogr2/format/webp/auto-orient?x-oss-process=image/resize,w_800/format,webp"
闲来无事，周末看几只票，有问题的发出来免费解答,0,301,熊熊哥zxzx,07-19 14:04,"
"
100w冲200w的第58天 刷新亏损记录,8,5299,全校第一,07-19 13:58,"这个月充值了26w，满仓满融易中天➕寒武纪，为自己的认知买单
https://i5.hoopchina.com.cn/4676B70B0FA13B4998FABE31EDE79994_w_1320_h_2868_.png?x-oss-process=image/resize,w_800/format,webp
https://i5.hoopchina.com.cn/0D7AE3145DC61DB95EFADF6FD832DF94_w_1320_h_2868_.png?x-oss-process=image/resize,w_800/format,webp
https://i1.hoopchina.com.cn/B55D62AFEDC4109E2370B31F93D76FB8_w_1320_h_2868_.png?x-oss-process=image/resize,w_800/format,webp
https://i5.hoopchina.com.cn/4676B70B0FA13B4998FABE31EDE79994_w_1320_h_2868_.png?x-oss-process=image/resize,w_800/format,webp
https://i5.hoopchina.com.cn/0D7AE3145DC61DB95EFADF6FD832DF94_w_1320_h_2868_.png?x-oss-process=image/resize,w_800/format,webp
https://i1.hoopchina.com.cn/B55D62AFEDC4109E2370B31F93D76FB8_w_1320_h_2868_.png?x-oss-process=image/resize,w_800/format,webp"
听同事说股市大涨，看了一眼支付宝上的基金，我惊呆了！,47,52622,虎扑JR1371586493,07-19 13:52,"基本都是2021年初买的基金，5年半了，评论都是腰斩，一点希望看不到。
https://i5.hoopchina.com.cn/94a1b3cd03d38be4e0e10781461ffa08_w_1080_h_2400_.jpg?x-oss-process=image/resize,w_800/format,webp
https://i5.hoopchina.com.cn/94a1b3cd03d38be4e0e10781461ffa08_w_1080_h_2400_.jpg?x-oss-process=image/resize,w_800/format,webp"
想问下有没有高手玩基金的，半导体还能拿吗,25,10772,迂腐的渔夫,07-19 13:44,"半导体一直在跌😭顶不住了，财通又是什么情况，也在疯狂跌。还能拿吗？
"
717说说东山精密和天风证券,16,6207,超拉风乌索普,07-19 13:39,"天风，建仓就跌，涨停那次，1点出了，他就涨停，我又接回来，第二天加仓就跳水，本来能盈利，我的操作确是反向操作搞得亏了，卖了之后连续涨，前天买回就跌，昨天出了今天逆势大涨。再说东山，我不做套，他能v回来拉红，2个点卖了他就涨停，我接回来，第二天5个点买入他跳水，昨天加仓他跳水，今天开盘加仓他跌停。总结来说，我买入不动，他天天跌，水下我不做套，他能v回来，我买他大跌，我卖他涨停。现在奥比中光大跌，东山跌停。我100w入场，开贴的时候不到70w，现在只有40多了。太难了。。。科技冲进去亏30多点。。。江丰电子亏40点昨天清仓，剩下东山和奥比中光。
https://i1.hoopchina.com.cn/a978e334d7e3c9db44cd81a2c93b24d4_w_1080_h_2376_.jpg?imageMogr2/format/webp/auto-orient?x-oss-process=image/resize,w_800/format,webp
https://i5.hoopchina.com.cn/0e475d0f430847afa4ef4f1380b230a4_w_1080_h_2376_.jpg?imageMogr2/format/webp/auto-orient?x-oss-process=image/resize,w_800/format,webp
https://i1.hoopchina.com.cn/a978e334d7e3c9db44cd81a2c93b24d4_w_1080_h_2376_.jpg?imageMogr2/format/webp/auto-orient?x-oss-process=image/resize,w_800/format,webp
https://i5.hoopchina.com.cn/0e475d0f430847afa4ef4f1380b230a4_w_1080_h_2376_.jpg?imageMogr2/format/webp/auto-orient?x-oss-process=image/resize,w_800/format,webp"
炸裂，存储龙头之一江波龙发布业绩预告！,139,85458,小麦和大科,07-19 13:26,"增幅600-700倍！江波龙（301308）2026年半年度业绩预告（2026-07-03 晚间公告原文整理）一、核心业绩数据（单位：万元）预告区间：2026.01.01—2026.06.301. 营业收入区间：2200000 ～ 2500000（220亿—250亿元）上年同期：1019565.54万元同比增幅：+115.78% ~ +145.20%2. 归母净利润区间：920000 ～ 1100000（92亿—110亿元）上年同期：1476.63万元同比增幅：+62204.03% ~ +74393.95%（最高预增约744倍）3. 扣非净利润区间：900000 ～ 1050000（90亿—105亿元）上年同期：3220.69万元同比增幅：+27844.32% ~ +32501.71%
https://i1.hoopchina.com.cn/5E966C24A0143B20B2C98392A587DC50_w_1320_h_2868_.png?x-oss-process=image/resize,w_800/format,webp
https://i11.hoopchina.com.cn/5AB04519284E059446694B6DDC8E3104_w_1320_h_2868_.png?x-oss-process=image/resize,w_800/format,webp
https://i1.hoopchina.com.cn/5E966C24A0143B20B2C98392A587DC50_w_1320_h_2868_.png?x-oss-process=image/resize,w_800/format,webp
https://i11.hoopchina.com.cn/5AB04519284E059446694B6DDC8E3104_w_1320_h_2868_.png?x-oss-process=image/resize,w_800/format,webp"
赚个盆满钵满，黑暗中的一盏明灯!,11,4726,他们都说哇偶哥哥你真的好棒,07-19 13:17,"如此行情，咱盆满哥还能保持月入十万，688的文章130号人付费。股市里不是倒腾股票赚钱，其他方式也能赚钱，真的是黑暗中的明灯不为过，给大家打开了思路。
https://i3.hoopchina.com.cn/88514eea1f246f9edcc8c25427dc4328_w_1264_h_3926_.jpg?imageMogr2/format/webp/auto-orient?x-oss-process=image/resize,w_800/format,webp
https://i11.hoopchina.com.cn/553014dfdc7e999a37ce1397dea9d9eb_w_1264_h_2780_.jpg?imageMogr2/format/webp/auto-orient?x-oss-process=image/resize,w_800/format,webp
https://i3.hoopchina.com.cn/88514eea1f246f9edcc8c25427dc4328_w_1264_h_3926_.jpg?imageMogr2/format/webp/auto-orient?x-oss-process=image/resize,w_800/format,webp
https://i11.hoopchina.com.cn/553014dfdc7e999a37ce1397dea9d9eb_w_1264_h_2780_.jpg?imageMogr2/format/webp/auto-orient?x-oss-process=image/resize,w_800/format,webp"
看见手里的股票暴跌，我很兴奋，甚至比涨停还兴奋,28,7596,湖人主教练拉里伯德,07-19 13:11,"
"
7.18日足球赛前分析来咯！！,1,1197,雯雯子呀,07-19 13:09,"周六 103 法国 VS 英格兰果实：胜总进球：2/3球缤纷：2-1、2-0 、2-2三四名决赛没有生死淘汰压力，两队都会保留核心主力同时安排大量替补轮换，比赛节奏会比淘汰赛更开放，双方防线都存在明确漏洞，互有进球概率很高。法国反击冲击力、锋线得分点多样性占优，但防空短板明显；英格兰中场控制力更强，凯恩头球能针对法国残缺后防，却受制于边路防守硬伤。整体格局偏向对攻小分，很难出现一边倒大胜，法国依靠反击破门机会更多，周六 201大田市民 VS蔚山现代果实：让负总进球：2/3球缤纷：1-1、1-2、2-2综合所有维度对比，大田仅有历史客场交锋优势，主场进攻瘫痪、核心大面积伤停、主场不胜魔咒多重问题叠加，很难拿下三分；蔚山现代整体身价、进攻火力、客场拿分稳定性、抢分战意全部占优，仅防空短板与近期防线起伏存在隐患，容错空间远大于主队。本场主流走势偏向蔚山现代不败，大田依靠防守韧性有机会逼平，但主场取胜概率极低，胜负关键在于蔚山能否抓住大田残缺防线持续制造威胁，以及大田定位球能否抓住对手防空漏洞完成破门，所以看好客队。周六 202 江原FC VS金泉尚武果实：胜总进球：2/3球缤纷：2-0、2-1 0-0综合各项维度对比，江原 FC 排名、攻防稳定性、主场战力、人员完整度全面领先，冲击亚冠的抢分动力充足；金泉尚武攻坚疲软、长期不胜、后防后半程漏洞明显，仅靠密集防守勉强周旋，很难抵挡主队持续攻势。本场主流走势为主队拿分。周六 203 济州SK VS浦项制铁果实：负总进球：1/3球缤纷：0-1、1-2、0-2综合对比来看，济州 SK 仅有一次客场赢球的往绩优势，主场不胜、核心外援停赛、连续哑火多重硬伤难以弥补；浦项制铁排名、客场战力、近期状态、阵容完整度全部占优，攻守体系成熟，针对性反击打法克制主队短板。本场走势偏向浦项制铁不败。周六 204 仁川联 VS 全北现代果实：负总进球：2/3球缤纷：0-2、1-2、0-1综合各项维度对比，仁川联仅有首回合取胜的心理优势，主场胜率低迷、近期锋线哑火、攻坚手段单一，仅靠防守韧性周旋；全北现代排名、客场防守稳定性、整体阵容厚度、抢分战意全部占优，上轮大胜找回竞技状态，即便缺少轮换高点前锋，稳定的中场传导与后防容错率依旧领先主队。本场主流走势偏向全北现代不败。周六 205 汉坎 VS特罗姆瑟果实：双平 总进球：2/3球缤纷：1-1、1-2、0-1综合各项维度对比，汉坎坐拥顶级主场战力、完整主力进攻群与连续不败的竞技状态，短板是对阵特罗姆瑟存在多年心理压制；特罗姆瑟联赛排名、整体阵容身价、交锋历史全面占优，但客场进攻乏力、多名攻防主力伤停，外加欧战赛程拖累，客场攻坚难度大幅增加。本场不存在一边倒走势，平局具备很高防范价值，汉坎依托主场有机会破门拿分，特罗姆瑟依靠成熟反击体系同样可以制造威胁，整体走势偏向双方都能取得进球。周六 206 赫尔辛基 VS瓦萨果实：让负总进球：2/3球缤纷：1-2、1-1、2-2综合各项维度对比，赫尔辛基仅拥有传统主场交锋底蕴，连续两轮低迷、后防线大面积停赛伤病、攻坚支点缺失多重硬伤难以弥补；瓦萨联赛排名更高、近期稳定不败、联赛第一防线、阵容几乎无损耗，客场防守体系专门克制残缺后防的强攻队伍，首回合取胜也带来心理优势。本场整体走势偏向瓦萨不败周六 208 利勒斯特 VS奥斯KFUM果实：胜总进球：2/3球缤纷：2-0、2-1、3-0综合各项维度对比，利勒斯特罗姆排名、主场战力、近期回暖状态、完整主力阵容、交锋历史全面占优，冲欧战抢分动力充足；奥斯陆 KFUM 客场长期不胜、大面积主力伤停、攻防全线低迷，仅靠密集防守勉强周旋，很难抵挡主队持续攻势。本场主流走势为主队不败，主场拿下三分概率最高周六 211 AC奥卢 VS赫尔火花果实：胜总进球：2/3球缤纷：1-0、2-1、2-0综合各项维度对比，AC 奥卢拥有联赛顶级主场战绩、交锋压制优势、完整进攻体系与充足冲分战意，仅替补后防存在小幅隐患；赫尔辛基火花虽然近期不败、锋线射手状态火热，但客场虫属性难以改变，中场拦截受损、攻坚效率低迷，很难在客场抵挡主队持续施压。本场主流走势为主队拿分。周六 213 莫尔德 VS布兰果实：胜总进球：3/4球缤纷：2-1、3-1、2-0综合各项维度对比，莫尔德手握魔鬼主场、碾压级交锋历史、冲欧战抢分需求，仅门将与轮换后卫残缺存在隐患；布兰虽换帅止颓、反击具备威胁，但客场防守崩盘、历史交手全面劣势，客场拿下三分难度极大。本场主流走势为主队拿分
https://i3.hoopchina.com.cn/8AAA8BD16BE812C1D04B71667BD4BE4A_w_1320_h_1753_.jpg?x-oss-process=image/resize,w_800/format,webp
https://i3.hoopchina.com.cn/8AAA8BD16BE812C1D04B71667BD4BE4A_w_1320_h_1753_.jpg?x-oss-process=image/resize,w_800/format,webp"
请教各位老哥，像七月这样一瞬间能跌掉半年涨幅的行情多见吗？,69,16016,虎扑JR1566537340,07-19 13:09,"小弟才买几个月，之前运气好，挣了小几千，现在连本都亏掉五千了，今年年初开始看股市的，这一年里，七月这样的行情有点太吓人了啊
"
崩溃了吗？没有！让风暴来的更猛烈些吧！光模块调仓。-9684,244,41784,从不空大的石头人,07-19 13:05,"昨晚在虎扑社区认识了一位女士，36岁，我们聊了一晚上，一直聊到凌晨五点，从股票行业、喜欢听的音乐喜欢看的书、生活琐事到日常饮食各种话题都能对上思路，想法高度同频，感觉就是灵魂上的契合，聊到五点我实在困不行就说要睡觉了，但她还是意犹未尽 兴味盎然的。今早九点她主动发来消息，约我线下见一面。我犹豫了。我说你有家庭的，我还小感觉不太好，但是她说没事。只做普通朋友，于是我答应了。跟她互相交换了照片，看起来挺美丽大方的，刚好她是隔壁城市的离我这不远，我们约好在离我家比较远的万象城的奶茶店见面，没有选择别的地方怕遇见熟人。中午我先到的，因为她要开车2个小时，等待时又看了看照片担心会是大型“翻车现场”，因为现在美颜功能太强大了，但是当她从一辆劳斯莱斯幻影上下来的时候，我一眼就认出了她，比照片上漂亮多了，也是我喜欢的类型。她也认出了我，不知道说什么打破尴尬，她建议抱一下，我说好，她身上的味道很香，我的心怦怦直跳，在奶茶店坐了会我们去吃了饭，她基本没吃多少，整个过程都是给我剥虾，挑鱼刺。吃完饭走出饭店她牵起了我的手，我也没有挣脱。说要送我回家，我说我自己走回去，她执意要送，把我送到了小区门口，她问我这辆劳斯莱斯幻影怎么样，我一个骑共享单车的怎么会说不好呢。她问我想不想要，我以为她开玩笑，我就说想。她一把把我拉到她跟前，贴着我的耳边轻轻告诉我，想要的话就买光模块和半导体。
https://i10.hoopchina.com.cn/ee33082c0b5d4ba31d81d273e4c13577_w_1260_h_2800_.jpg?x-oss-process=image/resize,w_800/format,webp
https://i10.hoopchina.com.cn/ee33082c0b5d4ba31d81d273e4c13577_w_1260_h_2800_.jpg?x-oss-process=image/resize,w_800/format,webp"
算是看清每次突施冷箭拉白酒的逻辑了,117,41898,围棋少年钟爱紫金矿业,07-19 12:44,"用今天的半导体板块来说：本质就是诱惑大家进白酒去，把持有半导体却不坚定的洗出去，吸筹好拉升，经典套路。
"
6月，风险提示,423,39118,justinshao,07-19 12:39,"5月讲了机会，6月份该谈谈风险了，因为市场目前存在风险，但是情绪偏乐观，存在预期差，所以当风险真的发生是，冲击可能会比较大。目前市场存在的风险如下：1.美债日债危机，美日通胀和美债日债收益率持续走高！！！由于中东的影响，导致老美降息空间缩小，债市甚至已经开始交易今年加息一次的预期，但是美股还是偏乐观。日韩股市也存在过热的风险，而且八嘎的问题比老美的还严重，这个之前已经说过了，日韩是资源匮乏国，石油上涨，他们国内的通胀已经起飞了。2.国内龙哥持续减持etf，可能是为了防范上述风险，龙哥一直在减持，现在的仓位很低，龙哥一直在等风险爆发，然后抄底，嗷不，护盘。3.国内的债市同样在交易悲观预期，国债主连持续走高，已经突破3月份高点。（债市的几个高点分别是24年1月初，25年4月份，好好回忆一下），股债一般是跷跷板关系，此消彼长。4.目前盘面已经出现一些问题，抱团迹象明显，不是高位科技抱团，就是低位电力煤炭零售抱团，互相吸血，而且轮动越来越快，今天甚至两级反转，短线难度越来越高，套牢盘在增加，后面可能会频繁的看见炸板，地天板，天地板等行情。之前的思考题依然有用：今天是高位科技反弹，但是前几天补涨的低位板块又弱了，那后面是科技继续反弹，还是科技弱了低位板块能够再站出来，还是大家一起下去。以上三种情况发生的条件是什么？1.科技继续上涨是小概率事件，需要的条件是，出现新的叙事，或者初降息等利好，海外接着奏乐接着舞，带动国内科技继续上涨，增量资金持续增加。2.科技退潮，低位补涨是大概率事情，因为今天就很明显，科技一旦下杀，低位板块立马就起来了，再加上龙哥还有海量资金等着，所以大跌也很难看见。这是目前盘面的现状，也是阻力最小，最可能发生的情况。3.科技退潮带崩低位是中概率事件，如果科技反复反弹抱团，还把低位板块的抱团也会吸死了，科技有套牢盘，低位板块也有套牢盘，增量资金连低位板块都拉不起来了不敢去了，流动性持续收缩，只需要一点利空刺激，如日美加息，可能就会触发短线崩盘，参考去年4.7。可能5月板块分析的帖子更受大家欢迎，板块分析这种网上随便筛选总结一下就能写一大堆，但是4月6月的帖子才是我花时间学习吸收思考，认真写出来的帖子，希望大家能多看看。
"
写在周末，关于长短线,19,4550,楼下是大锤,07-19 12:23,"黑暗的一周，不，黑暗的半个月。现在阶段已经是很明显的阶段熊，这个不得不承认。但是不管熊市还是牛市，熊市仍然有人能翻倍，牛市一样有人会腰斩。反差为何这么离谱，最重要的除了外围以及市场因素，无非就是个人的交易模式以及逻辑观了。下文是个人的分析总结，并且还在学习研究的短线情绪模式的梳理。首先，什么是短线。短线就是非价值的投资，持仓时间极短的一波套利模式，核心就是赚了就撒丫子跑，炒热点盯消息，看分时，看量能，看龙虎榜涨停股，什么底背离，顶背离啥的七七八八一大堆，简直学不完。现在因量化因素存在，市场整体节奏非常之快，上下起伏波动非常大，极度活跃，难度也随之增长。而超短线定位就是入场持仓1-2个交易日，中短线定位就是持仓1-7个交易日。那么，我们如果给自己的选股/买股，如果定位的只是短线套利，除了以上条件因素，什么才是最核心直观的？个人认为是情绪。情绪＞板块＞个股我们在大周期，比如目前的科技大周期，在这波段里有无数个小周期，如近半个月的存储、国产、医药，以及昨日出现情绪苗头的电力，去追涨杀跌去怨天怨地，有欢笑有悲哀，有人嘲讽挖苦，有人相拥而泣，有的人能吃到大肉，有的人还在苦苦挨打。还有每天担心着韩国下跌，纳指下跌莎莎的，这都是情绪的体现。在超短里，消息主导着情绪，情绪主导了股价涨跌，现在的量化就是极致的情绪杀，这也是我在周三上午为什么敢说医药最迟周五崩，最快下午崩的原因。当然这只是细分板块的情绪体现。最直接的点火因素是市场环境太恶劣了，现在就是市场整体情绪影响都在科技板块内，情绪极度低迷，而什么时候企稳就看盘中最具情绪扩散的股什么时候企稳，或者前面的企稳有没有又冒出来一个接力。所以，很多人都在关注着德明利的反馈，因为德明利是近期最大的情绪头子，负面情绪扩散影响非常之大。从德明利周三一字跌停开始，所有科技几乎无差别的先后投河，但是为什么呢，明明他不是老大，怎么就会影响这么广。无非就是在这脆弱的环境下，业绩环比下跌引爆了最后的期待，负面情绪差彻底放大，而量化因素是可以十倍百倍的传导，完全抛离了本质逻辑。在上一个，则是利通电子，印象也是够深刻。所以我觉得，做超短，每天必备的作业，就是提前锚定你自己的情绪头子，如果开局不及预期，盘中再观察情绪变化而考虑是否出手。看什么指标、量价，分时，太苛刻了，通过锚定物去感受全局反而更容易，新手更容易直观的知道自己今天，要不要出手，还是离场，是止盈，还是止损。什么消息，预期，都是虚的。只有情绪才是真真切切的，被影响，也被感受。个人目前操作模式：1，情绪差的时候，就去看其中情绪好的股或者方向，例如在周二周三的医药，在科技下跌时，医药板块抛开量能，你会发现分时情绪普遍都很稳定。也叫避险，避险是什么，就是跟大众情绪做对手盘的，小众的，医药在上周就是很稳定的情绪面。目前最新的情绪稳定方向，是周五的电力，分时稳定有利，并且观察前几天普遍稳定，这种去跟随去套利，结果一般也不会太差。做小众情绪【情绪盲区】，需要提前复盘检验下板块前几天的情况，那么当大众情绪加速恶化，小众方向就会有抱团的可能性。2，做情绪预期差，判断当下最具影响力的板块/标的的情绪反转可能性，进行抄底试错。3，情绪判定时，一定不在开盘后的15分钟内就做出结论，容易情绪反杀。4，情绪好之时，优胜劣汰，往大众方向靠拢，反而要远离一些情绪不稳定的（比如极小市值的股），这种股的情绪都把握在里面庄家手里，比如三板斧，嗖的一下突然给你整个天地。万法不离其宗，把握情绪可以让你心不累，眼不乱，出手的结果无非就是按选的股是大肉还是小肉了，起码不会太差。我还在研究完善自身，有观点的可以一起探讨。关于长线逻辑以及后市一些板块的看法，晚点记录在【凯文锤】，做做笔记还会每天自己看看，也挺好。
https://i3.hoopchina.com.cn/editor/360ea6aad20c10dec093949d2c2588f5_w_325_h_60_.png?x-oss-process=image/resize,w_800/format,webp
https://i3.hoopchina.com.cn/editor/360ea6aad20c10dec093949d2c2588f5_w_325_h_60_.png?x-oss-process=image/resize,w_800/format,webp"
中际旭创会跌到500给上车机会吗？,59,19967,阿克伦的王权,07-19 12:22,"理性讨论
"
【BB投行风控】一个交流贴 接问题 讨论,2,458,blad333,07-19 12:22,"bulge bracket 风控部门 方向是counterparty risks在初中开始虎扑陪伴我到现在有时间十年之余了，大部分时间都在浏览咨询帖子，很少发帖评论。父亲炒股经常引起很多家庭矛盾，所以从小对股票就有负面印象。开始关注股票区大概是高三的时候，最初也是本着好奇的心态开始看一些相关书籍，想跟我爸讨论讨论，但没想到竟然一条路走到了现在。趁着这几天放假，想回馈一下这个当初帮助过我的社区。想从一个金融从业者的身份给大家分享自己的视角，想问什么都可以留言。PS：我本人我不会提供任何具体个股的买卖建议，不会回复私信（问题放在帖子里能更多人一起讨论），也请大家不要立刻把我的话当成唯一真理，当然我会对我的发言进行检视，以免造成误导性意见，欢迎任何质疑，不同的见解
"
别拿以前6000点来对比了,3,1286,炒股只为回本,07-19 12:20,"情况完全不一样。当年的情况是什么？普涨牛市。散户不管选什么票、买什么板块，只是赚多赚少的问题。少的1倍，多的5-10倍利润。崩盘的时候，是有利润垫的。现在是什么情况？结构牛市。散户买非科技板块的，7月前就已经差不多人均-30%起步。就算是买到科技的，也就1-2倍利润算多的了。但是回调幅度呢？7月半个月 非科技又是-10%起步。科技呢？平均-30，多的-50。而且最重要的是，科技票成交额都是巨大的，这代表着更多的资金被套、被腰斩。这一轮真的是太夸张了，说实话，大资金出货也是要维护股价的，这样子才能以更高的平均价格卖出。现在这种A杀的局面，都是受害者，没有赢家。
"
模式稳定了，开个超短交流贴吧，目标每月+10%,8998,1329870,赫萝Horoo,07-19 12:17,"之前在别的地方实盘，结果被ccq了，有网友建议转来虎扑我的模式大概就是埋伏为主和龙头反抽，偶尔去搞一下连板，大部分都是在埋伏的路上，这样有个好处，就是没仓位做随手单，所以回撤这方面控制的还不错
https://i5.hoopchina.com.cn/hupuapp/bbs/14/94395014/1767674905_544275IMG_6018_w_1170_h_2532_.png?x-oss-process=image/resize,w_800/format,webp
https://i5.hoopchina.com.cn/hupuapp/bbs/14/94395014/1767674905_544275IMG_6018_w_1170_h_2532_.png?x-oss-process=image/resize,w_800/format,webp"
这波科技被套，大家觉得会被套多久？,8,3051,歆尧,07-19 12:15,"从6月高位接盘PCB,储存芯片，CPO的话，我咋觉得没个5年回不来，半导体设备这些感觉会好一点
"
5到100实盘记录,0,601,长白鹰,07-19 12:07,"
https://i1.hoopchina.com.cn/667b900dd58b982e18b7fbfc4d9ec82d_w_1079_h_1334_.jpg?imageMogr2/format/webp/auto-orient?x-oss-process=image/resize,w_800/format,webp
https://i1.hoopchina.com.cn/667b900dd58b982e18b7fbfc4d9ec82d_w_1079_h_1334_.jpg?imageMogr2/format/webp/auto-orient?x-oss-process=image/resize,w_800/format,webp"
佐力药业分析（300181）,5,1773,河西走廊之梦,07-19 12:01,"图片和文字不能同时粘贴在这里，生成了一个长图，凑合着看吧，数据来自东方财富、新浪财经、通达信以及AI，只做个人分析，不做投资建议。
https://i10.hoopchina.com.cn/ce977bfcb68a9d76af064d84b734861d_w_1268_h_32798_.png?imageMogr2/format/webp/auto-orient?x-oss-process=image/resize,w_800/format,webp
https://i10.hoopchina.com.cn/ce977bfcb68a9d76af064d84b734861d_w_1268_h_32798_.png?imageMogr2/format/webp/auto-orient?x-oss-process=image/resize,w_800/format,webp"
这波创新药行情还能走多久？,31,11008,淘股奶爸,07-19 12:00,"聚焦业绩，聚焦上游
https://i5.hoopchina.com.cn/a4c76c874cd47028488701c2d08af12d_w_1084_h_3389_.jpg?x-oss-process=image/resize,w_800/format,webp
https://i5.hoopchina.com.cn/a4c76c874cd47028488701c2d08af12d_w_1084_h_3389_.jpg?x-oss-process=image/resize,w_800/format,webp"
3288.吃透复利两层内核，拿住优质股权，让时间悄悄帮你攒下千万资产,0,61,雪球官方,07-19 11:58,"欢迎收听雪球出品的财经有深度，雪球，国内领先的集投资交流交易一体的综合财富管理平台，聪明的投资者都在这里。今天分享的内容叫吃透复利两层内核，拿住优质股权，让时间悄悄帮你攒下千万资产，来自厚恩投资张延昆。很多散户炒股十几年，钱没赚到多少，来回折腾亏了本金，归根到底是没搞懂复利到底从哪来。大部分人只模糊听说“利滚利”，却不知道股市里的复利分为企业内生经营复利、投资者分红再投入复利两大核心，二者相辅相成，再配合低谷加仓攒股，才能真正依靠时间实现资产翻倍。同时我们也要避开强周期陷阱，防止一波行情直接打断长期复利曲线。首先复利的底层根源：一切复利，都建立在企业持续满足大众消费需求、稳定创造附加值之上。一家公司能长期赚钱，不是靠短期炒作、商品涨价，而是持续给市场提供刚需产品，源源不断产生正向利润，这是复利诞生的基础。复利通俗来讲就是利滚利，股票投资里，第一层复利来自企业自身的经营增长。优质企业赚到利润后，不会把全部收益分给股东，会留存大部分资金再次投入生产。依靠自身护城河壁垒，满足“可复制、可提价、可拓展”三可标准，持续扩大市场规模、提升产品定价权、开辟新业务赛道。每年利润都会在上一年的资本基础上稳步增长，企业本身的内在价值逐年抬升，对应的股权价值自然水涨船高，这是复利的第一层，也是根基。第二层复利，来自股东拿到分红后持续再投入。经营稳定的优质公司每年会发放股息分红，很多股民拿到分红直接提现消费，白白浪费了一笔增值筹码。真正会做长线的投资者，会把所有分红资金再次买入同一家企业股权。日积月累，手里持股数量持续增多，下一年分红基数变大，分红金额随之上涨，形成循环滚雪球的效果。只有企业内生增长、分红复投双向复利叠加，我们账户的复利效应才能最大化，缺一不可。想要让复利持续发酵、不被中途打断，还有关键一步：只用闲置资金，在市场大跌、个股被低估的“暗黑阶段”持续加仓攒股。这里记住投资里的“两多”：一是市场低位我们多攒股权，二是优质企业多成长、多分红。日常生活做到开源节流，省下的闲钱不在行情火热时追高，专门等到市场恐慌、优质标的错杀的时候买入，持续增加手里股权数量。同等时间下，持股基数越大，后续分红与企业增值带来的收益差距会越拉越大。资产增长，本质是复利效应叠加长期攒股共同完成的。强周期企业是复利最大杀手，我们一定要主动避开。周期公司业绩完全依靠产品价格涨跌，行情暴涨的时候，涨价带来的短期利润会掩盖企业管理落后、竞争力薄弱等深层问题；行情下行、产品降价，业绩会瞬间大幅缩水，股价随之暴跌。这类公司没有稳定持续的经营复利，估值逻辑完全颠倒，我们无法判断企业真实价值，很容易在周期高点重仓，一波下跌直接摧毁多年积累的复利成果。想要守住完整复利曲线，核心是坚持长期主义，杜绝频繁操作。频繁换股、追涨杀跌、动用杠杆、重仓周期题材，都会直接中断利滚利的过程。短线博弈看似能快速获利，实则每次交易都在损耗本金，很难积累长期收益。我们筛选具备护城河、符合三可标准的优质企业长期持有，不轻易卖出股权；每年分红全部复投扩大持仓；市场低谷用闲钱分批加仓；远离纯靠涨价盈利的周期股。只要守住这几条原则，不打断复利增长的节奏，交给时间慢慢发酵，数十年的时间维度下，复利会给我们带来远超短线投机的丰厚财富，这也是价值投资普通人逆袭最稳妥的路径。
"
我好像发现了我自己是万中无一的炒股天才,31,35864,虎扑JR0750123665,07-19 11:37,"我是2013年左右入市的90后，经历过牛市的疯狂，经历过股灾的打脸，体验过买特力A成妖的时期，满仓连吃三个半涨停的回本，经历过2018年的阶梯下跌被趋势来回收割全年亏15个点，经历过坚守过后的2019年和2020年的第一桶金，然后就是2022年到2024年洲际导弹发射前的极度低迷，再到2025年至今的成熟平稳过渡，期间交易系统理念不断修补，至今操作大概就是以仓位控制和趋势作为买卖点，虽然赚的没19年和20年的多，但是操作起来心里舒服很多，没有动则满仓那种提心吊胆。最近买股票的方法是1、按成交量排行加自选2、每天刷一遍，趋势合适的个股买入，持仓股收盘前也刷一遍，不行的淘汰补充：交易主要看均线和改良过的macd，这个指标记得当年花了两万学费得来的，当时看着可神了，但是实战准确率始终欠佳，这些年来一直围绕着这个指标微调自己的策略，至今用着不错。想不出来想表达什么了，来几个大哥鞭打一下我，让我清醒一下，我觉得我不可能是那种天才，如果是，可能我离财富自由不远了。
"
为什么会有人相信网上教人炒股的,65,12366,詹爸爸的骑士,07-19 11:34,"网上教人炒股的不都是骗子吗，有谁会闲着没事教别人炒股啊。我一看那种什么拉群，什么什么板块教父，我就想笑，下面一堆人在发什么求带。难道没有听过一句话吗，当他教你怎么赚钱的时候，就是想赚你的钱了。谁赚钱了到处发，然后带人一起赚。我赚钱了，连父母都不好说，何必炒股这种东西。没有内幕消息，谁敢说一定赚钱。行情好的时候，推股谁不会啊，真想劝小白们拿一点零花钱玩玩得了，别信网上任何人说的。
"
亏七个多点居然还跑赢42%，这个月都这么惨的吗,2,2153,男足夺冠之日,07-19 11:28,"这个月真的亏麻了
https://i10.hoopchina.com.cn/613762DD10E48C01E8F0603BABC04A10_w_1179_h_2556_.png?x-oss-process=image/resize,w_800/format,webp
https://i10.hoopchina.com.cn/613762DD10E48C01E8F0603BABC04A10_w_1179_h_2556_.png?x-oss-process=image/resize,w_800/format,webp"
0718  说说自媒体的博主大V,58,25878,我库加油勇士向前冲,07-19 11:13,"周五科技血崩，全市场大跌，已经有点像股灾的感觉。今年的行情非常难做，亏钱的比例和幅度应该比前两年大得多，我也亏损了10几个点。盘后，我脑子一片茫然，在网上翻来覆去地刷着各种信息，仿佛想给自己寻找一个依靠。各位网友有没有和我一样的？刷到李一恩的视频，大致意思是说今天砸出来一个难得的机会。也许他说的对，也可能就是在安抚。网上这种自媒体的博主大V非常多，我说说自己的看法。一.  有些大v是卖会员的，他们的观点有对有错，但对他们来说不重要。他们经常举例自己判断对的时候，让人觉得牛逼，然后趁机多卖点会员卡，就能赚得盆满钵满。股票涨了继续吹，股票跌了也不影响赚钱！二. 没有永远的神，比如之前的葫芦娃、新城路、一哥、鑫多多、最近很火的李一恩等等。现在回过头看看，是不是一地鸡毛？他们说的逻辑确实有道理，股价也如他们所说大涨，但散户依然很难从中赚钱。原因是很少有人在低位就跟着他们并一直持有，大部分人都是追高进去的，然后要么经受不住波动，要么挂在山顶。和前面几位“大神”相比，李一恩推荐的光模块逻辑和业绩足够硬吧，并且回调也不大，但其实同样很难赚钱。因为散户大多都是追涨追热点，哪怕中际旭创这种总龙头，看看日k线，从2025年4月到现在，震荡调整的天数也远大于放量突破的天数，中间还要面对各种诱惑，比如海峡两岸、商业航天、贵金属等等，坚守是很不容易的。他说了很火的一句话:“时间会证明光模块！”中际旭创最高1400多，距离去年4月份已经20倍，最近从高点回调不少，我们问自己几个问题:他说的一定对吗？挂在山顶怎么办？我们能不能坚定持有？想清楚再决定如何跟着操作！三. 还有一些复盘和吹热点的博主，这类多如牛毛，我也看了不少，有些说的还行，但大部分其实没什么用。有些博主分析错了干脆把之前视频删掉；有些则是正说反说都会说一些，正反都能自圆其说；有些博主说一大堆热点，最后总有一两个热点走出来，就继续吹。看了很多博主，都不影响我们继续亏钱，我觉得有几个根本原因，首先就是他们也不一定对！二是我们盘中经常受到情绪干扰，忘了自己要做的计划；三是即使某个博主的水平很高，我们也不会完全相信他，我们会有选择地挑选我们爱听的部分，失败了又把责任归于对方，从而并不能取得良好效果。那看这些博主究竟要学什么？我认为，最重要的是学习一些逻辑和理念，最终形成自己的模式和风控。股市有波动，有时赚有时亏，这都是正常的，但有一些基本原则要掌握，第一就是要遵守纪律，减少随手单；第二，闲钱炒股，不要把家当all in，更不能上杠杆；第三，害怕踏空不是买入的理由（出自杨宁）。第四，盈亏同源，想抓到反弹就必须学会忍受下跌；想等到趋势反转，就必须学会忍受踏空。经过了一周的下跌，希望大家周末调整好心态，股市就是一个炼心的的过程，保证自己在股市中活下来，保持耐心，总会云开月明！
"
我的人生太失败，累积亏了-120w，6月重仓科技股七月暴跌。,267,166108,虎扑JR1055397302,07-19 11:03,"反思自己的错误1.开超市，买太多。2.跟风追涨，看消息。3.破位了没有及时止损。4.会空仓才是祖师爷。5.沉迷交易浪费时光。6.波段操作吧。避免自己频繁操作的办法，可能还是选择场外指数基金。7.炒股绝对是反人性。8.2021年高位买了房，也亏了三百万。9.各位大佬有什么建议吗？
https://i3.hoopchina.com.cn/799e2cbdd54a5213748121073dde37c6_w_1060_h_1287_.jpg?imageMogr2/format/webp/auto-orient?x-oss-process=image/resize,w_800/format,webp
https://i3.hoopchina.com.cn/799e2cbdd54a5213748121073dde37c6_w_1060_h_1287_.jpg?imageMogr2/format/webp/auto-orient?x-oss-process=image/resize,w_800/format,webp"
下周一，韩国股市会补跌吗？,6,4197,虎扑JR1310490425,07-19 11:00,"周五全球股市半导体抛售潮，但是韩国股市恰逢休市，逃过一劫。下周一如果韩国没有救市措施，很有可能又是一次熔断啊！
"
今年见过最搞笑的评论,43,106585,立志成为一个原神高手,07-19 10:57,"
https://i1.hoopchina.com.cn/6df8e7502449804190ca8a84c592339d_w_1280_h_2772_.jpg?imageMogr2/format/webp/auto-orient?x-oss-process=image/resize,w_800/format,webp
https://i1.hoopchina.com.cn/eeae61f29105588e510274e91b8eaa90_w_1280_h_2772_.jpg?imageMogr2/format/webp/auto-orient?x-oss-process=image/resize,w_800/format,webp
https://i1.hoopchina.com.cn/6df8e7502449804190ca8a84c592339d_w_1280_h_2772_.jpg?imageMogr2/format/webp/auto-orient?x-oss-process=image/resize,w_800/format,webp
https://i1.hoopchina.com.cn/eeae61f29105588e510274e91b8eaa90_w_1280_h_2772_.jpg?imageMogr2/format/webp/auto-orient?x-oss-process=image/resize,w_800/format,webp"
7月这波梁文峰能赚到钱吗？,37,26574,三足鸟,07-19 10:49,"
"
没想到我在老登股里面回来了。。,27,26740,灬我爱罗灬,07-19 10:46,"上半年没在光里一直挨打了半年。最大-30%没想到7月让我莫名其妙翻盘了。。忍不住晒一下
https://i10.hoopchina.com.cn/editor/c0959e91d6827ace172bf5ea04c64124_w_1170_h_2532_.jpeg?x-oss-process=image/resize,w_800/format,webp
https://i10.hoopchina.com.cn/editor/c0959e91d6827ace172bf5ea04c64124_w_1170_h_2532_.jpeg?x-oss-process=image/resize,w_800/format,webp"
烽火，套麻了,41,9938,寡人甚是欣慰,07-19 10:43,"实在是补不动了
https://i11.hoopchina.com.cn/05777F3BBCEBA27FA37AAF5CA4C7D80B_w_1179_h_2556_.png?x-oss-process=image/resize,w_800/format,webp
https://i11.hoopchina.com.cn/05777F3BBCEBA27FA37AAF5CA4C7D80B_w_1179_h_2556_.png?x-oss-process=image/resize,w_800/format,webp"
从趋势到板块再到个股，把我的个人逻辑用视频分享给大家。,0,357,苏州股行僧,07-19 10:28,"写文字需要太多内容。我把个人的逻辑录成视频分享给大家。真人出镜，不是很帅，请勿喷。
"
总结一下这周，白玩,14,3660,佛曰丶不可狂,07-19 10:28,"四个涨停，四个跌停回归原点
https://i11.hoopchina.com.cn/21a441e29330c521b42528b22a16d05a_w_1157_h_326_.jpg?imageMogr2/format/webp/auto-orient?x-oss-process=image/resize,w_800/format,webp
https://i1.hoopchina.com.cn/62055e77ca006137c7faae94fc3048b1_w_1200_h_2608_.jpg?imageMogr2/format/webp/auto-orient?x-oss-process=image/resize,w_800/format,webp
https://i3.hoopchina.com.cn/63a1c783b291180eb2c6c11ffcfd1fea_w_1200_h_2608_.jpg?imageMogr2/format/webp/auto-orient?x-oss-process=image/resize,w_800/format,webp
https://i11.hoopchina.com.cn/21a441e29330c521b42528b22a16d05a_w_1157_h_326_.jpg?imageMogr2/format/webp/auto-orient?x-oss-process=image/resize,w_800/format,webp
https://i1.hoopchina.com.cn/62055e77ca006137c7faae94fc3048b1_w_1200_h_2608_.jpg?imageMogr2/format/webp/auto-orient?x-oss-process=image/resize,w_800/format,webp
https://i3.hoopchina.com.cn/63a1c783b291180eb2c6c11ffcfd1fea_w_1200_h_2608_.jpg?imageMogr2/format/webp/auto-orient?x-oss-process=image/resize,w_800/format,webp"
7月17日半导体国产链是否是黎明时刻,11,3458,咋又被套了,07-19 10:27,"如果你不认为是熊市的开始，大概率也会认同这里可能会是牛市的最后一波行情。抱团最终的结局，可能会是从原来的双主线缩圈到单一主线。这样的话，悲观情况下，海外链和国产链也会死一个，胜者继续冲向历史大顶。从主观上，我还是选择相信国产链。如果后面中国的开源模型推出顺利，就会卡掉claud和openAI的利润空间，海外链的算力建设难以为继，中国这边算力建设完成铺设放量，锁死西方追赶的空间，西方保护主义上台限制中国，股价见顶。这样的剧本对我们是比较好的，就像新能源车行业，一旦我们完成卡位，就算股价下来了，也锁死了国外发展的机会。所以按照最理想的剧本，未来一两年我们将不顾一切头铁的完成扩产，这样半导体设备大概率在未来半年直接把27年甚至28年的业绩预期打满。目前的位置真是越跌越买的时机。当然更好的版本是ai的总量蛋糕还能做大，这样两边都有肉吃。
"
无声做T小记,76,3712,无声龙,07-19 10:15,"集腋成裘滴水穿石，功夫不负有心人。
"
7月14日盘后：V型反转，打了多少人的脸,15,4743,寻找午夜太阳,07-19 10:08,"沪指探底回升涨1.36%报3967点，创业板指涨3.43%。全市场超4200只个股上涨，和昨天4600只下跌形成了近乎对称的反差。成交额2.7万亿，比上个交易日缩量1200亿——缩量反弹说明昨天的恐慌抛压确实在衰竭，但早盘割肉的资金下午没完全敢回来，追高意愿还没完全恢复。早盘还在恐慌杀跌，沪指一度跌破3900点摸到3869，当时全市场跌停家数超过50只，结果下午画风突变，科技股带头反攻，从跌停到涨停的戏码全天都在上演。资金的选择也很明确，前几天跌得最狠的pcb上游，今天反弹最猛；最近涨得最好的避险品种如国产算力、半导体国产替代，今天反而出现了明显分化。【板块点评】PCB/光通信：今天全场最靓的仔。整个板块从上游铜箔、电子布，到中游覆铜板、PCB，再到下游光模块，全产业链暴涨。东山精密、沪电股份、生益科技、广合科技、金安国纪等十几只个股涨停，双创许多中大市值核心标的也涨超10%。明面上且沪电和生益的业绩远超市场预期；实际上还是那个问题，当中午利好来袭，前期跌多了的有逻辑的板块就会强烈反弹。不过纯光纤的标的今天反弹力度明显弱于PCB和光模块。有色金属：今天最稳的线，全程没跟着指数坐过山车，铝、铜、黄金三驾马车齐涨。逻辑其实很简单：一是全球经济复苏预期下工业金属需求回暖，铝铜社会库存持续去化，商品价格已经先行启动；二是地缘冲突反复下黄金的避险属性还在，国际金价在4000美元附近支撑很强；三是板块本身位置不高，中报业绩普遍不错。和科技股的大起大落比，有色这波触底反弹倒是更吸引散户，毕竟有商品价格托底，逻辑也更容易看懂——至少明面上且这样。半导体/存储：昨天的跌停潮今天终于喘了口气，但反弹力度不算强，分化非常明显。德明利这些昨天跌停的票今天并没有反包，板块指数午后还一度翻绿，说明资金分歧还是很大。但如果多想一层呢？接下来还有人工智能大会，明面上至少不是利空；都说长鑫抽血，但万一是长鑫上市带着国产兄弟们一起冲呢？中药：昨天的避风港今天继续上涨，但明显出现了分化。陇神戎发昨天20cm涨停今天继续涨16%，太龙药业涨8%，九芝堂涨5.46%，佐力药业涨5.24%，以岭药业涨4.13%，但片仔癀、同仁堂这些大市值龙头只涨了不到1%，昨天涨停的天目药业今天又因为利空而走低。本质上这还是避险资金的选择：昨天大盘暴跌，资金往低位的中药里躲，今天科技股反弹了，中药的避险价值自然下降，只有龙头还在冲，后排已经开始掉队。还是昨天那个问题：在行业基本面没有明显改善的情况下，纯政策催化的脉冲行情，持续性向来不会太强，追高的要小心接到最后一棒。商业航天：昨天的大面今天继续焖，成了今天唯一的重灾区。整个板块跌超6%，中国卫星、航天动力、巨力索具、上海港湾、星网宇达等多股跌停。上周五午后50多只涨停的盛况，现在回头看就是典型的出货信号。逻辑之前也说过：火箭回收带来的发射成本革命这个长期故事很美好，但短期没有任何业绩支撑，纯题材炒作涨上去的，那么怎么涨上去就怎么跌下来。昨天中国卫星还能14%振幅巨震，从涨停砸到翻红，今天直接一字跌停，说明里面的资金已经不计成本出逃了，这种趋势走坏的题材，别轻易去抄底。【个股点评】1. 东山精密：涨停，收260.37元，成交217亿，可谓是今天市场反攻的总龙头。开盘还在水下震荡，下午直接一根直线拉涨停，封单最多的时候超过35万手。单日主力资金净流入39.27亿，全市场第一。实际上东山在4月以前是跟pcb的，但由于收购的索尔思有光芯片，此后摇身一变成领涨cpo了，也是今天强于光迅的直接原因。当然风水轮流转，国产链强势的时候光迅也会强于东山的。2. 铜冠铜箔：pcb上游铜箔龙一，今天带领板块爆发涨超12%。实际上hvlp铜箔在pcb上游里缺货的确定性是最高的，唯一的问题是pcb板块本身；那么当板块本身的情绪回来了，曾经的龙头便又起来了。3. 风华高科：今天最超预期的一个板。开盘直接低开3.5%，短暂下杀半小时后拉到水上，下午又跟着电子元件板块冲上涨停，全天振幅17%。其实机构在7月初推了不少MLCC行业周期反转超预期的小作文，注意这里的预期指的是6月预期，而我们也确实看到了产品价格从7月开始已经连续新一轮提涨。但最大的问题是什么，没有技术壁垒和业务护城河，所以资金在7月上半月不认pcb涨价链的同时也砸了mlcc。4. 中国卫星：商业航天退潮的核心标的。昨天还能14%振幅巨震，给了很多人跑路的机会，今天开盘直接两分钟砸到跌停，根本不给反应时间。上周五涨停的时候主力净流入10亿排板块第一，今天直接净流出排第一，所以我说过多少次个股资金流入流出数据根本没用。还是那句话，纯题材没有业绩的票，炒完就是一地鸡毛，别觉得跌多了就去抄底，地板下面还有地下室。5. 中际旭创：又是经典全市场成交额第一，也是昨天提到的明日观察核心标的，今天果然引领了整个科技板块的情绪。有很多人说，只要中际旭创不倒下，整个光模块和算力行情就还没结束，这个是对的；但我们不妨更激进一点——就算海外链倒下了，国产链仍然会是有预期的。6. 紫金矿业：有色板块的定海神针。今天黄金铜一起涨，作为国内金铜龙头，公司直接受益于商品价格上涨，于是全天高举高打涨超6%——虽然扎心的是还在年线之下。紫金的好处是业绩确定性强，估值不贵，不管市场炒什么风格，它都能走得很稳，适合不想追高的资金配置。7. 九丰能源：昨天的2连板，今天直接断板闷杀。开盘就是最高价41元，然后一路下杀，最低摸到38.30元，5分钟跌完了一天的跌幅，之后便都是垃圾时间的震荡。昨天还说如果今天能封住三板就说明特气这条线还没炒完，结果直接低开低走，说明资金根本不认。逻辑虽然有不少，但还是那个问题，许多板块最核心的标的都在双创，主板更多是情绪所在，因此在市场风格转向大票业绩线的时候，这种小市值题材票就被抛弃了。【明日观察】生益科技，光迅科技，亨通光电，德明利，中国宏桥（H），建滔集团（H）【写在盘后】今天估计早盘在3900点下方割肉的人一个下午都在拍大腿了。但回头想想，昨天那种4600只股票下跌、千股跌停前兆的恐慌场面，其实和3月底那次回调很像：情绪崩溃的时候所有人都觉得牛市无了，然而第二天就直接V回来。纵观历次牛市见顶，都伴随着强政策面消息；而这次科技的逻辑并没有改变，只是前期涨太多的股需要消化估值，叠加海外波动、空头干活这些短期利空，才砸出了这么一个大坑。当然，缩量反弹也别太盲目悲观。毕竟缩量是为了更好的放量。别因为一天的暴涨就觉得牛回速归，也别因为一天的暴跌就觉得牛市已走。市场永远是这样，于浩歌狂热之际中寒，于天上看见深渊。于一切眼中看见无所有，于无所希望中得救。夏天还长，慢慢来吧。
"
听说你们都在说股灾？,19,12758,川娃子666,07-19 09:59,"
https://i5.hoopchina.com.cn/hupuapp/bbs/227/33918227/1784285991_692274IMG_9360_w_1206_h_2622_.png?x-oss-process=image/resize,w_800/format,webp
https://i5.hoopchina.com.cn/hupuapp/bbs/227/33918227/1784285991_692274IMG_9360_w_1206_h_2622_.png?x-oss-process=image/resize,w_800/format,webp"
科技即国运，拿不住的没有发财命,26,11684,用户1107812763,07-19 09:56,"我已经三分钟没听到高位看空芯光是认知低下 科技绑定国运国家不会让科技跌的这些话了😭
"
看几个股票代表图形，还有人在犟嘴说还是牛市，哈哈,43,44561,虎扑JR0471125054,07-19 09:40,"如你所愿，牛市来了，哈哈哈哈哈哈
https://i5.hoopchina.com.cn/hupuapp/bbs/751/114477751/thread_114477751_20260713095557_s_946720_o_w_1312_h_2848_43638.jpg?imageMogr2/format/webp/auto-orient?x-oss-process=image/resize,w_800/format,webp
https://i1.hoopchina.com.cn/hupuapp/bbs/751/114477751/thread_114477751_20260713095557_s_969891_o_w_1312_h_2848_20021.jpg?imageMogr2/format/webp/auto-orient?x-oss-process=image/resize,w_800/format,webp
https://i1.hoopchina.com.cn/hupuapp/bbs/751/114477751/thread_114477751_20260713095557_s_1038929_o_w_1312_h_2848_18284.jpg?imageMogr2/format/webp/auto-orient?x-oss-process=image/resize,w_800/format,webp
https://i3.hoopchina.com.cn/hupuapp/bbs/751/114477751/thread_114477751_20260713095557_s_960936_o_w_1312_h_2848_27227.jpg?imageMogr2/format/webp/auto-orient?x-oss-process=image/resize,w_800/format,webp
https://i11.hoopchina.com.cn/hupuapp/bbs/751/114477751/thread_114477751_20260713095557_s_932400_o_w_1312_h_2848_13808.jpg?imageMogr2/format/webp/auto-orient?x-oss-process=image/resize,w_800/format,webp
https://i5.hoopchina.com.cn/hupuapp/bbs/751/114477751/thread_114477751_20260713095557_s_929089_o_w_1312_h_2848_2176.jpg?imageMogr2/format/webp/auto-orient?x-oss-process=image/resize,w_800/format,webp
https://i11.hoopchina.com.cn/hupuapp/bbs/751/114477751/thread_114477751_20260713095557_s_975276_o_w_1312_h_2848_278.jpg?imageMogr2/format/webp/auto-orient?x-oss-process=image/resize,w_800/format,webp
https://i5.hoopchina.com.cn/hupuapp/bbs/751/114477751/thread_114477751_20260713095557_s_982279_o_w_1312_h_2848_86532.jpg?imageMogr2/format/webp/auto-orient?x-oss-process=image/resize,w_800/format,webp
https://i3.hoopchina.com.cn/hupuapp/bbs/751/114477751/thread_114477751_20260713095557_s_904159_o_w_1312_h_2848_51200.jpg?imageMogr2/format/webp/auto-orient?x-oss-process=image/resize,w_800/format,webp
https://i5.hoopchina.com.cn/hupuapp/bbs/751/114477751/thread_114477751_20260713095557_s_946720_o_w_1312_h_2848_43638.jpg?imageMogr2/format/webp/auto-orient?x-oss-process=image/resize,w_800/format,webp
https://i1.hoopchina.com.cn/hupuapp/bbs/751/114477751/thread_114477751_20260713095557_s_969891_o_w_1312_h_2848_20021.jpg?imageMogr2/format/webp/auto-orient?x-oss-process=image/resize,w_800/format,webp
https://i1.hoopchina.com.cn/hupuapp/bbs/751/114477751/thread_114477751_20260713095557_s_1038929_o_w_1312_h_2848_18284.jpg?imageMogr2/format/webp/auto-orient?x-oss-process=image/resize,w_800/format,webp
https://i3.hoopchina.com.cn/hupuapp/bbs/751/114477751/thread_114477751_20260713095557_s_960936_o_w_1312_h_2848_27227.jpg?imageMogr2/format/webp/auto-orient?x-oss-process=image/resize,w_800/format,webp
https://i11.hoopchina.com.cn/hupuapp/bbs/751/114477751/thread_114477751_20260713095557_s_932400_o_w_1312_h_2848_13808.jpg?imageMogr2/format/webp/auto-orient?x-oss-process=image/resize,w_800/format,webp
https://i5.hoopchina.com.cn/hupuapp/bbs/751/114477751/thread_114477751_20260713095557_s_929089_o_w_1312_h_2848_2176.jpg?imageMogr2/format/webp/auto-orient?x-oss-process=image/resize,w_800/format,webp
https://i11.hoopchina.com.cn/hupuapp/bbs/751/114477751/thread_114477751_20260713095557_s_975276_o_w_1312_h_2848_278.jpg?imageMogr2/format/webp/auto-orient?x-oss-process=image/resize,w_800/format,webp
https://i5.hoopchina.com.cn/hupuapp/bbs/751/114477751/thread_114477751_20260713095557_s_982279_o_w_1312_h_2848_86532.jpg?imageMogr2/format/webp/auto-orient?x-oss-process=image/resize,w_800/format,webp
https://i3.hoopchina.com.cn/hupuapp/bbs/751/114477751/thread_114477751_20260713095557_s_904159_o_w_1312_h_2848_51200.jpg?imageMogr2/format/webp/auto-orient?x-oss-process=image/resize,w_800/format,webp"
在急跌后，只要有反弹，都会是跌得最狠的反弹最猛,9,2739,风一样丶男人丶,07-19 09:14,"比如2021年3.9的白酒，一样创了新高2022年4.27的新能源，创了新高。前面两个，具有代表性的一个是泸州老窖，另一个是天齐锂业。有人说，现在科技都是套牢盘，这话不假，但是老登就不是套牢盘了吗？老登套了多久了。科技有套牢盘的同时，还有热度在。老登除了套牢盘，还有啥？除非市场不反弹，反弹必定是科技一马当先
"
7.17,10,1242,oJRs97,07-19 09:09,"猴药40个点短期结算，等压力回踩 国产链底仓观望强度网安适时加仓证券锁仓
"
蟹老板超短记录,38070,3348858,real蟹老板,07-19 08:57,"无聊自己开个贴。装逼用。
"
那个顶级小丑又更新了,9,4688,乔子林George,07-19 08:52,"对线对不过把我拉黑了，然后发了个帖子晒中签和收益，第一张中签图是安卓机，还把顶端的状态栏截掉，怕大家发现两款手机不一样？第二张晒收益是苹果机，只晒到7月8日，怎么？群里的大佬最近亏麻了不发收益图了？盗图小丑一边凉快🤡
"
这辈子如果给我个后悔的机会，我绝对不会选在进入股市,190,84683,减肥真难呀,07-19 08:34,"25年看到股市大好，26年1月正好有个20万存单到期，续存大额存单利率才1.55%，觉得实在是太低了就进入了股市炒股。寻思要求不高，年化能到5%我就很满意了，科室却没有想到，从此进入了一个地狱。我以前没有炒股经验，但是有十年的理财产品经验，寻思波动顶多能亏个百分之十就了不得了。开始没敢买个股，就买了港股科技etf，坚持拿了俩月，亏了小是10个点。然后在2月底卖掉了全部港股科技etf，买入了中国西电，这次觉得是中字头国企，而且订单排到27年底，特高压设备龙头，寻思很稳了，结果拿了3个月，从18块5一路跌，中间有过一次反弹到19左右，但是几乎已经回本，就亏不到2000块钱，寻思再涨点就卖掉最少半仓，结果后面连续大跌，自己有舍不得割肉，最后实在扛不住了，在15.04时候全仓卖掉。（5月底了）又买了电力股票的龙头票大唐发电，还是那个选股思路，觉得国企电力龙头股，而且市盈率才十几，又有容电补偿政策保底，然后股价从9.91调整到8块了，觉得是个底了，就全仓梭哈了，结果进去之后好了几天，在电力板块从6月2日开始一路下跌的情况吧，大唐股价从地点7.5左右五连红，涨到了9.3，当时其实已经弥补了一部分亏损，如果这时候果断减仓，最起码能保住18万左右的本金，科室贪心的自己想着趋势这么好，再等等吧，没想到就在端午节假期的前一天，直接来个了满仓跌停，从此之后股价就再也没达到9元以上的高点，反而跟着电力板块一路下跌。贪心的自己看着买了大唐之后从盈利十几个点到亏几个点，又舍不得割肉走了，在6月底的时候，实在忍不住亏损的扩大，就把拿了三年多的基金卖掉了（这个基金从今年1月高点盈利39个点，后面一路下跌，卖掉时候才盈利15个点）有凑了7万资金加仓进去，没想到又是加在了半山腰上，在那之后又是一路下跌，到今天（7月9日）位置，股价已经跌到了6.57元每股，心里的悔恨之情真的。。。现在情况就是总投入27万本金，持仓28500股大唐发电股票，股价6.57，亏损8.3万元，回本需要四个涨停，而且电力往年678月的行情今年眼看着是没有了吧！整个电力板块被科技吸血加上今年345月份炒作电力拉上高位，几乎看不到回本希望了。今天3点收盘之后直接卸载了同花顺软件，也不看了！！短期估计没什么回本希望了。也不知道拿上几年有没有行情跟希望
"
目前看7月最惨的股民就是老登转科技吧,50,16964,三足鸟,07-19 08:32,"坚挺过了六月，看着科技回调抄底，结果输麻了，第二惨的是坚守垃圾老登股股民，科技涨我跌，科技跌我微跌，科技大跌我微涨，其他应该还不错
"
实盘记录day271，-6710，101391,15,1425,Ariex1988,07-19 08:30,"账户情况：本金70000元，现余额101391元；今日盈利-6710元(-6.21%)，累计盈利31391元（+44.84%）。
https://i3.hoopchina.com.cn/8939b05d7b44a909785cad881b01d045_w_1080_h_2412_.jpg?imageMogr2/format/webp/auto-orient?x-oss-process=image/resize,w_800/format,webp
https://i3.hoopchina.com.cn/80d1e0020c6f3330a2d476bd109d4fa9_w_1080_h_2412_.jpg?imageMogr2/format/webp/auto-orient?x-oss-process=image/resize,w_800/format,webp
https://i3.hoopchina.com.cn/8939b05d7b44a909785cad881b01d045_w_1080_h_2412_.jpg?imageMogr2/format/webp/auto-orient?x-oss-process=image/resize,w_800/format,webp
https://i3.hoopchina.com.cn/80d1e0020c6f3330a2d476bd109d4fa9_w_1080_h_2412_.jpg?imageMogr2/format/webp/auto-orient?x-oss-process=image/resize,w_800/format,webp"
记录第96天  仙人指路出现，是“机会”还是“陷阱”？,0,149,horizongui,07-19 07:53,"
"
一直持股，从不操作,26,11185,用户0415334744,07-19 07:32,"小散还是不要乱动，做得多错的多，就是就要捂，涨多涨少就看运气了。
"
下周打算更新了！,112,34140,龙寻者,07-19 07:16,"前段时间因为被大A追着砸，加上某些人抱怨和我同车就被砸，所以停更了一段时间，期间很多兄弟私信让我不要在乎持续更新，但是当时我也说了回到5万再更新。不过这里要食言了，虎扑对版主有发帖要求，这个月没几天时间了，加上最近行情很烂，所以打算提前回来实盘了。在这停更的1个多月时间运气不错，又做回来一些。从2.4做到了4.0，在公众号有完整记录，更新时间还是和以前一样，中午公众号，收盘虎扑。这里接上以前的，正好今天卖了贤丰空仓了，周一提现一些。
https://i5.hoopchina.com.cn/aa1dd0371f3f7020ade2e7c5500365ba_w_500_h_500_.jpg?imageMogr2/format/webp/auto-orient?x-oss-process=image/resize,w_800/format,webp
https://i5.hoopchina.com.cn/aa1dd0371f3f7020ade2e7c5500365ba_w_500_h_500_.jpg?imageMogr2/format/webp/auto-orient?x-oss-process=image/resize,w_800/format,webp"
金融在读研究生实盘 25w到50w的第217天,106,22014,会飞的禾斗匕匕,07-19 07:09,"差不多是单日最大亏损了，胜宏亏了30个点了，大盘也下3800了，有点绝望，希望行情在绝望中诞生吧。万幸有个涨停
https://i3.hoopchina.com.cn/2551f5bee59c6d40422e9ec5551a984b_w_1259_h_561_.png?imageMogr2/format/webp/auto-orient?x-oss-process=image/resize,w_800/format,webp
https://i1.hoopchina.com.cn/a9fc6e1c978ad3717b0f92e8a7c1cbce_w_1259_h_1833_.png?imageMogr2/format/webp/auto-orient?x-oss-process=image/resize,w_800/format,webp
https://i3.hoopchina.com.cn/2551f5bee59c6d40422e9ec5551a984b_w_1259_h_561_.png?imageMogr2/format/webp/auto-orient?x-oss-process=image/resize,w_800/format,webp
https://i1.hoopchina.com.cn/a9fc6e1c978ad3717b0f92e8a7c1cbce_w_1259_h_1833_.png?imageMogr2/format/webp/auto-orient?x-oss-process=image/resize,w_800/format,webp"
兄弟们，5000家待涨,11,6168,迪笑笑笑笑嘻嘻,07-19 07:01,"
https://i11.hoopchina.com.cn/e1061f6aaa60ee5b77ea7106996ee8c6_w_1280_h_2800_.jpg?x-oss-process=image/resize,w_800/format,webp
https://i11.hoopchina.com.cn/e1061f6aaa60ee5b77ea7106996ee8c6_w_1280_h_2800_.jpg?x-oss-process=image/resize,w_800/format,webp"
请问这里带货的人多不多？,2,325,林生斌,07-19 06:47,"隔壁被关了，现在没有地方去了。
"
看了围棋少年的帖子，感觉他应该是基金公司的。,0,717,林生斌,07-19 06:25,"还是他把帖子都删除了？
"
科技今天大跌，其实再跌个百分之30左右就能进场了,47,13517,阿克伦的王权,07-19 04:59,"别人恐慌我贪婪
"
上证指数4258预计为三年大顶,72,57059,虎扑JR0471125054,07-19 02:21,"理由如下：1.从量能看。量能接近40000亿，从今年一月39000亿左右遭遇爆头来看，这个附近是某些意志需要控制的天量，再往上放量他们担心出现较大风险。2.从时间跨度看。本轮人造牛已经接近两年，从过去几轮牛市看，几乎没有两年多的牛市。越往后资金和股民越脱敏，兴奋度越来越差。3.从市场情绪看。本轮牛市除了924起爆点，后续情绪最高昂的时间点应该是今年1月，当时赚钱效应非常强，板块各有千秋百花齐放，但当时有降温措施，回过头来看，个人认为从那时起已经不具备创历史新高的情绪。4.从赚钱效应看。无论是微盘股指数还是个股中位数，自四月以来相关指标已经跌超20%，更有个别指标跌超30%。部分板块都已经跌超20%。近千股跌破924起涨点。但在这种极端行情下，尚无赚钱效应回暖的迹象。在2025年4月7日以后都无如此极端的现象，美伊战争以后也无如此极端行情，说明这是市场自发走出来的结果，最真实客观的反映。局部的ai硬件走势非常强，很多股民通过追高大赚特赚。个人从不否认ai硬件的主线行情，但冷静思考，资金选择抱团硬件三件套，说明其他板块毫无赚钱效应，进一步佐证整体赚钱效应差的论点。5.从场外资金看。居民储蓄率居高不下，场内的高量能主要是存量资金博弈，硬件大票的高估值高股价被动推高成交量，而不是大面积开花推高成交量。简言之，是权重单笔交易量大，而不是交易笔数多，个量大总量少。场外资金进场意愿不强。这里回过头来说第3点，1月中上旬是场外资金是进场最积极的时候，可惜当时做出了顶部结构。后续我认为总量再次取得大的突破已然不现实，如果一旦大幅放量，反而要警惕踩踏式出货。综上，我认为4258大有可能是顶部。可以讨论或反驳，请不要觉得自己在场内满仓看多就人身攻击。
"
半导体的风险很大！,119,75584,海边的宁静,07-19 02:19,"未来趋势如下图外面的人不要被里面的狂欢冲昏头脑仔细想想这些天忽上忽下剧烈振幅谁在进而又是谁在出呢？很简单的道理里面的获利盘随时走都是赚钱且赚的就是未来接盘人亏的钱那有些人问该去哪呢反过来想哪里的割肉盘最大？你赚的就是别人带血的筹码----顺带一提之前说的电影票已经赚到了明天上映了我建议见好就收...
https://i3.hoopchina.com.cn/9E6575FC40D4AC74E0AAF9F01D11AE83_w_1179_h_1504_.png?x-oss-process=image/resize,w_800/format,webp
https://i3.hoopchina.com.cn/9E6575FC40D4AC74E0AAF9F01D11AE83_w_1179_h_1504_.png?x-oss-process=image/resize,w_800/format,webp"
717，为国护盘侠之大者,9,4561,颜飞路,07-19 01:20,"核心补跌，基本到头了。三分之二仓位博个反弹。目标：通信etf，双创50，还没买，跌破3800会入场三分之二。留三分之一补仓
"
七月我的收益今天创了新高，说说我对后市的看法,45,23419,xueyu,07-19 00:33,"昨晚复盘想到的是接下来很有可能是各个行业的继续缩圈，比如说科技，并不是说科技之后就没机会了，我相信科技中那些最核心最硬的股票还是会创新高的，但是像五六月那种跟科技稍微沾点边就鸡犬升天的行情是不可能有了，也就是接下来科技少部分最核心的股票继续涨，而大部分业绩无法匹配股价的边缘股票则将进入漫漫下跌通道，所以我认为科技和消费老登股的跷跷板现象会慢慢消退，这些板块的核心股票会一起上涨，而质地不那么优秀的股票行情就没那么乐观了。                                                               除了核心科技股哪些板块我还比较看好呢，我在这就说三个，创新药，券商和锂矿。创新药到今天为止其实已经到了阶段性阻力位，它也是科技调整之后第一个起来的强势板块，有些股票六月底就大幅上涨，基于这个板块的特殊性和现在处在的位置我看好创新药板块可以是穿越今年下半年的一个强势板块。券商我看好它是因为位置够低，业绩也是够有说服力，是一个防守端最好的选择。锂矿我是纯粹觉得短线跌的够多非常有机会迎来比较大的反弹了，可以短线抄一把。
https://i1.hoopchina.com.cn/224c6614244cadc181853f1c464ee2b2_w_1440_h_1327_.jpg?imageMogr2/format/webp/auto-orient?x-oss-process=image/resize,w_800/format,webp
https://i1.hoopchina.com.cn/224c6614244cadc181853f1c464ee2b2_w_1440_h_1327_.jpg?imageMogr2/format/webp/auto-orient?x-oss-process=image/resize,w_800/format,webp"
剔除成交量前2%共110只股票，量能不足1.5万亿。熊市无疑,20,5982,虎扑JR0471125054,07-19 00:09,"98%的市场主体共5400只股票，合计成交量不会多与1.5万亿，如果有人说4000点左右1.5万亿的量能是牛市，那这个人一定是疯子。
"
谁家正经市场炒这个,1,3376,十T九飞,07-19 00:00,"大a完了
https://i5.hoopchina.com.cn/hupuapp/bbs/853/112211853/1784184127_233224IMG_5383_w_1080_h_576_.webp?x-oss-process=image/resize,w_800/format,webp
https://i5.hoopchina.com.cn/hupuapp/bbs/853/112211853/1784184127_233224IMG_5383_w_1080_h_576_.webp?x-oss-process=image/resize,w_800/format,webp"
No.293大宗商品期货复盘和计划2026-07-16周四,0,83,集运欧文,07-19 00:00,"📈 复盘和计划每周一至周四交易日的收盘，开展1小时左右的深度行情复盘和计划，支持随时回放观看。基于有效的交易体系，解析文华商品指数运行进程、主要商品板块及品种的技术形态，预判中短周期行情演变路径，挖掘高胜率交易机会，提升交易决策质量与实战绩效。⏰ 为维护倍增计划成员们的权益，我们的复盘音频是直播T+1日发布。⚠️ 特别风险提示：本内容后置发布，行情变化莫测，请勿将本内容视为当前或未来的投资建议。🎤 主播：集运欧文，倍增计划发起人，私募合伙人，十年国内大宗商品期货研究与投资，中短周期趋势及价差策略，最高6个月10倍，超300家私募和现货商交流。📈 ""欢迎加入倍增计划！""👥 倍增计划，是专注国内大宗商品期货研讨与交易的精英社区，2024年成立，助力成员高效决策。📱 主播微信：abowin🔍 公众号：倍增计划BullZone📧邮箱：contact@bullzone.cn...去小宇宙查看完整单集简介在小宇宙查看该单集文稿
"
各赛道细分龙头（建议收藏）,3,3845,学海无涯必勤之,07-18 23:49,"1.电池：宁德时代、比亚迪、亿纬锂能、国轩高科、鹏辉能源、川能动力、欣旺达。2.正极材料：a.三元正极：容百科技、当升科技、杉杉能源（杉杉股份 ）、格林美、中伟股份、厦钨新能（厦门钨业 ）。b.磷酸铁锂正极：德方纳米。c.钴酸锂和锰酸锂正极：湘潭电化。3.隔膜：恩捷股份。4.电解液：天赐材料、天际股份、新宙邦、杉杉能源。5.负极材料：璞泰来、中科电气、杉杉能源、翔丰华。6.导电剂：天奈科技。7.锂电设备：先导智能、杭可科技。8.锂资源：赣锋锂业、天齐锂业、永兴材料。9.钴资源：华友钴业、寒锐钴业、洛阳钼业。10.镍资源：格林美、华友钴业、盛屯矿业。11.铜箔：超华科技、诺德股份、嘉元科技。12.结构件：科达利。电机电控各类细分1.卧龙电驱 ：国内电机电控第三方龙头，北汽新能源 在售的EC系列安装的是公司的驱动电机。2.均胜电子 ：全球领先的跨国汽车电子企业，其智能驾驶 控制系统、新能源汽车动力管理系统服务于全球各大整车厂商和国内一线整车厂商。3.汇川技术 ：工业自动化控制龙头之一，同时公司也围绕新能源汽车的电机提供控制器。4.大洋电机 ：中国微特电机行业龙头之一，也是国内最大的新能源车 用电机供应商之一。5.越博动力 ：新能源汽车动力总成系统及控制器优质供应商。6.蓝海华腾 ：中低压变频器、电动汽车 电机控制器和伺服驱动器等优质供应商。7.方正电机 ：微电机及控制器、节能与新能源汽车驱动总成，汽车控制系统的领军企业。8.中科三环 ：世界第二、国内最大的钕铁硼永磁材料供应商，公司已进入特斯拉 产业链。9.正海磁材 ：主营高性能钕铁硼永磁材料、新能源汽车电机驱动系统。10.宏发股份 ：全球继电器龙头之一，率先研发微型新能源汽车及低速电动车 用低压继电器。整车企业1.比亚迪：专利数9400多件。2.长安汽车：专利数8500多件。3.北汽蓝谷：专利数4000多件。4.长城汽车：专利数1000多件。5.上汽集团：专利数3600多件。6.广汽集团：专利数1100多件。7.东风汽车：专利数2900多件。8.吉利汽车：新能源专利数暂未公示。新能源上游——原材料生产与加工1、锂：赣锋锂业，天齐锂业，盛新锂能，融捷股份；2、钴：华友钴业，寒锐钴业，海南矿业，天奇股份；3、镍：兴业矿业，科力远，格林美；4、碳（石墨）：永东股份，黑猫股份，碳元科技；5、氢：卫星石化，金宏气体，金能科技；6、稀：北方稀土，盛和资源，五矿稀土；7、磁材：金力永磁，横店东磁，正海磁材，三环集团；8、正极：德方纳米，丰元股份，容百科技，当升科技；9、负极：杉杉股份，璞泰来，博迁新材，中科电气；10、电解液：天赐材料，石大胜华，新宙邦，多氟多；11、隔膜：恩捷股份，璞泰来，星源材质，中材科技；12、导电剂：斯迪克，天奈科技；中游——零部件生产与回收1，电池：宁德时代，比亚迪，亿纬锂能，德赛电池；2，电机：江特电机，宏发股份，国轩高科，潍柴动力；3，电控：八方股份，利元亨，德赛西威，菱电电控；4，电子：均胜电子，法拉电子，得润电子，通达动力；5，车饰：拓普集团，宁波华翔，光启技术，常熟汽饰；6，拆解：骆驼股份，华宏科技，格林美，天奇股份；下游——汽车整车整车：比亚迪，长安汽车，北汽蓝谷，长城汽车；充电桩：特锐德，易事特，英杰电气，中能电气。龙头股：宁德时代：动力电池龙头，全球出货量连续4年蝉联第一比亚迪：新能源整车+动力电池龙头国轩高科：动力电池出货量全球前十亿纬锂能：锂亚硫酰氯电池国内第一欣旺达：消费电池龙头，智能手机电池全球第一派能科技：储能电池龙头，储能产品出货量全球前三容百科技：高镍正极材料全球第一格林美：三元前躯体全球第一德方纳米：磷酸铁锂正极材料行业第一杉杉股份：负极材料国内第二璞泰来：负极材料国内第三恩捷股份：隔膜全球第一天赐材料：电解液行业第一新宙邦：电解液行业第二赣锋锂业：国内最大的锂矿生产商天齐锂业：国内第二大锂矿生产商华友钴业：国内最大钴化学品生产商盐湖股份：国内最大盐湖提锂生产商光伏光伏产业：利用太阳能的最佳方式是光伏转换，就是利用光伏效应，使太阳光射到硅材料上产生电流直接发电。以硅材料的应用开发形成的产业链条称之为“光伏产业”，包括高纯多晶硅原材料生产、太阳能电池生产、太阳能电池组件生产、相关生产设备的制造等。光伏最全名单$隆基股份（SH 601012 )$ ：光伏组件全球第一，单晶硅全球第一阳光电源：光伏逆变器全球第一通威股份：硅料+电池片双料龙头晶澳科技：组件出货量与天合并列全球第三中环股份： 210MM大硅片龙头迈为股份：全球光伏丝网印刷设备绝对龙头25、金辰股份：全球光伏异质结设备龙头捷佳伟创：全球光伏电池片设备龙头福斯特：国内第一大光伏eva胶膜制造商福莱特：品全球第二大光伏玻璃制造商上机数控： 210硅 片+颗粒硅晶盛机电：国内单晶炉设备绝对龙头锦浪科技：光伏逆变器全球第三天合光能：组件出货量全球第三绿色电力8个领域概念股1、电力股：长江电力、华银电力、长源电力、黔源电力、华能水电、华能国际、内蒙华电、华电国际、川投能源等2、新能源运营商：三峡能源、太阳能、节能风电、林洋能源、福能股份、中闽能源、林洋能源3、能源互联网：国电南瑞、国网信通、亿嘉和、南网能源、涪陵电力、宏力达、威胜信息、金智科技、正泰电器、良信股份4、特高压：平高电气、许继电气、国电南瑞、思源电气、特变电工、长缆科技、川润股份5、光伏：组件：天合光能、晶澳科技、隆基股份胶膜：福斯特、海优新材逆变器：锦浪科技、固德威、阳光电源、正泰电器跟踪支架：中信博、意华股份HJT：捷佳伟创、金辰股份、迈为股份银浆：苏州固锝、帝科股份靶材：隆华科技6、风电：金风科技、天顺风能、明阳智能、新强联、日月股份、金雷股份、运达股份、大金重工、东方电缆、中材科技、广大特材7、储能：派能科技、宁德时代、锦浪科技、固德威、阳光电源、德业股份、盛弘股份、永福股份、科士达8、抽水蓄能：中国电建、粤水电、豫能控股、桂东电力、浙江新能、新天绿能、湖北能源、国电南自、国电南瑞、中国电研、东方电气、永福股份、皖能电力、宁波能源、浙富控股有色行业各种龙头1.钴：华友钴业、寒锐钴业、格林美、洛阳钼业、盛屯矿业、道氏技术。2.锂：赣锋锂业、天齐锂业，盛新锂能、雅化集团、ST融捷、永兴材料。3.镍：盛屯矿业、华友钴业、格林美、合纵科技。4.稀土：盛和资源、北方稀土、广晟有色、五矿稀土、厦门钨业、中钨高新。5.永磁材料：正海磁材、中科三环、金力永磁、大地熊、宁波韵升、安泰科技。6.黄金：紫金矿业、中金黄金、赤峰黄金、山东黄金、银泰黄金。7.白银：盛达矿业、兴业矿业、银泰黄金。8.铜：紫金矿业、江西铜业、云南铜业、铜陵有色、西部矿业。9.铝：中国铝业、明泰铝业、天山铝业、闽发铝业、华峰铝业、云铝股份、南山铝业、常铝股份。10.铅锌：中金岭南、驰宏锌锗。11.钼：洛阳钼业。12.钛：宝钛股份、西部超导。各细分涨价板块绩优票1、锂：盛新锂能、雅化集团、江特电机、川能动力、永太科技（添加剂）。2、铝：云铝股份、中国铝业、神火股份。3、煤：昊华能源、兖州煤业。4、钢：宝钢股份、八一钢铁、方大特钢、南钢股份。5、磷：云天化、川恒股份、兴发集团、云图控股、湖北宜化。6、硅：合盛硅业、新安股份7、天然气：广汇能源、蓝焰控股、新天然气、新潮能源、首华燃气。8、水泥：上峰水泥、塔牌集团、华新水泥、海螺水泥。9、铜：铜陵有色、云南铜业。10、镁：云海金属。11、烧碱：氯碱化工、中盐化工。12、电石：中泰化学。13、PVDF：联创股份。14、纯碱：山东海化。15、EVA：东方盛虹、联泓新科。16、顺酐：齐翔腾达。17、锂电铜箔：诺德股份。18、玻纤：中国巨石。19、锆：东方锆业。20、萤石:金石资源。21、制冷剂：三美股份、中国巨石。22、三氯氢硅：三孚股份。23、草甘膦：江山股份。半导体产业链名单CPU长电科技：国内著名的三极管制造商，集成电路封装测试龙头企业。中科曙光：高性能计算机龙头企业。GPU景嘉微：军用级图形显控、小型专用化雷达的核心模块及系统产品供应商。FPGA紫光国微：国内领先的智能安全芯片、特种集成电路、存储器芯片研制企业。识别汇顶科技：全球安卓手机市场出货量排名第一的指纹芯片供应商。兆易创新：主要产品为闪存芯片，半导体存储器领域领导企业。摄像头芯片韦尔股份：主营业务为半导体分立器件和电源管理IC等产品的研发设计。储存芯片国科微：国内广播电视系列芯片和智能监控系列芯片的主流供应商之一。北京君正：：掌握嵌入式CPU核心技术并成功市场化的极少数本土企业之一。射频芯片卓胜微：业界率先基于RFCMOS工艺实现了射频低噪声放大器产品化的企业之一。三安光电：国内最大全色系超高亮度LED芯片生产企业，国内光电领域龙头。数字芯片晶晨股份：智能机顶盒、电视芯片的引领者和AI音视频系统终端芯片的开拓者。乐鑫科技：专业的集成电路设计企业，相继研发出多款市场影响力强的产品。瑞芯微：公司专注于AP芯片和AC芯片两大类设计研发。全志科技：在超高清视频技术与应用领域长期耕耘。模拟芯片圣邦股份：专注于模拟芯片设计，产品覆盖信号链和电源管理的半导体企业。韦尔股份：主营业务为半导体分立器件和电源管理IC等产品的研发设计。功率芯片斯达半导：国内IGBT领域领军企业，国内唯一进入全球前十的IGBT模块供应商。捷捷微电：专注于电力半导体领域中，晶闸管器件及芯片方面是IDM的厂商。晶丰明源：国内领先的模拟和混合信号集成电路设计企业之一。wif芯片华胜天成：具有领先优势的企业级云服务和企业IT系统解决方案提供商。博通集成：上海市从事无线通讯集成电路芯片的研发与销售类公司。制造赛微电子：我国导航定位领域的国家级高新技术企业和“双软”认证企业士兰微：半导体和集成电路产品设计与制造一体的高新技术企业。封测长电科技：国内著名的三极管制造商，集成电路封装测试龙头企业。通富微电：国内规模最大、产品品种最多的集成电路封装测试企业之一。华天科技：国内领先的半导体集成电路封装测试企业之一。刻蚀机中微公司：全球高端半导体微观加工设备公司。PVD北方华创：国内主流高端电子工艺装备供应商。检测设备精测电子：国内较早从事平板显示检测系统业务公司之一。华峰测控：主营半导体自动化测试系统，获“第五届中国半导体创新产品和技术”荣誉。长川科技：公司掌握了集成电路测试设备的相关核心技术。光刻胶南大光电：MO源产业化生产的企业。容大感光：行业内生产PCB感光油墨产品品种最为齐全的企业之一。飞凯材料：我国主要的光纤光缆涂覆材料供应商之一。晶瑞股份：国内最早规模量产光刻胶的少数几家企业之一。龙头股：闻泰科技：中国最大功率半导体企业（安世半导体）长电科技：国内第一、全球第三的半导体封测企业三安光电： LED芯片国内第一，第三大半导体材料国内第一卓胜微：国内第一、全球第五的射频芯片龙头兆易创新：存储芯片+MCU芯片龙头韦尔股份：国内第一、全球第三的CIS芯片龙头汇顶科技：指纹芯片全球第一斯达半导：国内IGBT龙头中芯国际：晶圆代工绝对龙头圣邦股份：国内模拟芯片龙头北方华创：半导体高端装备龙头中微公司：半导体刻蚀机龙头士兰微：功率半导体IDM龙头景嘉微：国内GPU领军企业捷捷微电：汽车分立器龙头瑞芯微： SoC芯片龙头中颖电子：家电主控单芯片MCU龙头精测电子：半导体+面板检测设备龙头晶晨股份：国内多媒体芯片龙头沪硅产业：半导体硅片龙头北京君正：存储器+处理器龙头南大光电： ArF光刻胶龙头立昂微：半导体硅片+分立器件龙头雅克科技：电子特气龙头紫光国微： FPGA芯片龙头华润微：功率半导体IC集成电路设计企业1.兆易创新：国内存储芯片设计龙头。2.国科微：国内广播电视芯片和智能监控芯片龙头。3.韦尔股份：模拟芯片龙头、半导体器件和电源管理IC等设计及分销龙头。4.弘信电子：柔性电路板FPC龙头。5.富瀚微：数字信号处理芯片设计龙头。6.北京君正：嵌入式CPU芯片、可穿戴芯片设计龙头。7.汇顶科技：电容触控芯片和指纹识别芯片龙头。8.瑞芯微：智能应用处理芯片领军者。半导体材料企业1.阿石创：国内PVD镀膜材料行业 龙头。2.飞凯材料：芯片封装材料龙头。3.南大光电：MO源材料龙头、国内光刻胶龙头。4.雅克科技：国内光刻胶细分龙头。5.江丰电子：国内高端半导体靶材龙头。6.鼎龙股份：柔性基板材料龙头。半导体设备企业1.北方华创：国内稀缺的平台型半导体设备龙头。2.晶盛机电：国内单晶硅设备龙头。3.至纯科技：国内高纯工艺系统与高纯工艺设备龙头。4.长川科技：国内集成电路测试机和分选机龙头。半导体产业链企业1.扬杰科技：国内稀缺的集芯片设计、制造及封装测试等全产业链优质企业。2.士兰微：国内氮化镓集成电路芯片设计、封装等全产业链优质企业。3.华润微：国内第一家集芯片设计、晶圆制造、封测等于一体的优质代工企业。4.中芯国际：国内芯片代工龙头。5.通富微电：集成电路封测三大龙头之一。6.华天科技：集成电路封测三大龙头之一。7.长电科技：集成电路封测三大龙头之一。（非芯片）基础核心元器件各种龙头基础元器件龙头1.福晶科技：全球光学晶体部件龙头。2.捷捷微电：功率半导体器件细分龙头。3.法拉电子：国内薄膜电容器龙头。4.纳思达：打印机全产业链龙头。5.顺络电子：国内片式电感元器件龙头。6.中航光电：光、电互连元器件龙头。7.台基股份：大功率半导体器件龙头。8.斯达半导：IGBT模块优质企业。9.火炬电子：国内片式多层陶瓷电容器龙头。10.沪电股份：PCB细分龙头。11.景旺电子：PCB等元器件基础材料龙头。12.三安光电：国内LED光电组件龙头。13.蓝思科技：全球视窗防护玻璃巨头。14.生益科技：国内覆铜板、陶瓷器件龙头。15.深南电路：PCB龙头、5G商用龙头。16.水晶光电：光学光电子细分龙头。17.视源股份：全球液晶显示主控板卡龙头、交互智能平板领军企业。18.和而泰：智能控制器细分龙头。19.领益智造：消费电子精密部件优质企业。20.鹏鼎控股：全球PCB印制电路板龙头。21.维信诺：OLED细分龙头、双曲面柔性屏创新企业。22.立讯精密：精密部件龙头。23.中环股份：国内技术最为领先的半导体元件企业。24.深天马A：LCD液晶显示器及模块龙头。25.歌尔股份：高端智能手机声学器件（无线耳机）龙头。26.东山精密：精密部件龙头。27.京东方Ａ：国内面板、柔性面板龙头。28.聚灿光电：LED照明组件优质企业。29.TCL科技：电视面板龙头。30.欧菲光：光学组件、传感器细分龙头。31.环旭电子：电子产品设计龙头。32.华灿光电：半导体材料与器件优质企业。人工智能细分各种龙头1.虹软科技：AI视觉龙头，服务方向为智能手机、智能汽车、物联网（IoT）等。2.同花顺：金融 大脑、互联网 金融信息服务 龙头，服务于金融领域。3.巨人网络：AI游戏龙头，参股了人工智能网络游戏公司。4.鼎捷软件：工业4.0AI软件龙头。5.昆仑万维：网页游戏龙头，参股了AI、区块、无人驾驶、智慧教育等多个独角兽。6.恒生电子：金融、证券行业 软件龙头，有投资、数据、投顾、客服等AI多方向赛道。7.乐普医疗：国内高端医械龙头，开发有心电图人工智能自动分析系统。8.远光软件：计算机 系统及软件服务商，服务于智慧能源、智能物联、社会互联等。9.寒武纪：AI芯片细分龙头，有终端智能处理器IP、云端智能芯片、边缘智能芯片。10.祥生医疗：超声医学影像设备细分龙头，自主超声人工智能分析核心算法。11.三六零：网络安全龙头，有360人工智能创新研发中心。12.汉王科技：全球文字识别技术与智能交互产品龙头。13.圣邦股份：AI模拟芯片龙头，应用于语音识别、超声测距、红外避障等。14.鸿泉物联：胎压智能监测龙头，自主无人驾驶监测（BSD）及驾驶员监视（DMS）等。15.泰禾智能：智能检测分选装备及工业机器人 装备龙头。16.科大讯飞：国内智能语音服务龙头。17.赛微电子：全球领先的MEMS传感器芯片服务商，全自主IP的多核SoC芯片北极星。18.中科创达：全球领先的智能操作系统龙头，开发有Turbox智能大脑平台。19.当虹科技：人像识别龙头，视频技术AI。20.神思电子：身份识别龙头，智能服务机器人列入发改委AI创新发展重大工程。21.川大智胜：空管自动化系统先驱，自主AI三维人像识别。22.优博讯：移动应用软硬件服务商，布局有AI、物联网、大数据、自动识别等。23.科大智能：工业智能化细分龙头。24.汇顶科技：指纹识别龙头。25.赛为智能：国内最专业的智能化系统细分龙头，拥有全自动化智能电网、人脸识别。26.东软集团：国产软件细分龙头，AI应用于大健康、智能交通、智慧城市等多个领域。27.科大国创：行业软件细分龙头，以大数据驱动的智能软件布局人工智能。28.视源股份：全球液晶显示主控板卡龙头，国内交互智能平板龙头。29.和而泰：家用电器智能控制器龙头。30.闻泰科技：ODM代工龙头，有手势识别及人工智能研究院。数字货币各类小而精1.卫士通：信息安全 细分龙头，参与制定金融分布式账本技术行业标准。2.金财互联：互联网财税服务先驱，有数字货币跨境结算和支付方面的技术积累。3.新大陆：数字技术服务先驱，参与了深圳数字货币红包试点。4.拉卡拉：金融支付龙头，与央行数字货币研究所战略合作。5.证通电子：国内金融服务以及IDC优质企业，储备有大量的数字货币相关技术。6.神州信息：金融科技 领军者，拥有自主领先的智能区块平台。7.新国都：金融数据服务商，有数字货币研究中心，研发有数字货币终端设备。8.四方精创：商业银行 IT服务外包商，储备了丰富的数字钱包技术。9.华峰超纤：收购的威富通是多家银行移动支付后台服务商，目前积极参与DCEP试点工作。10.昆仑万维：综合性互联网增值服务商，有数字货币加密钱包技术。11.东信和平：国内国有控股智能卡龙头，有数字货币钱包专利和数字货币密钥方面的专利。12.广电运通：智能终端领导者，有数字货币自助设备相关技术储备。13.优博讯：物联网移动智能软硬件服务商，有数字货币相关技术储备。14.高伟达：国内领先的金融信息服务商，有数字货币技术相关储备。15.银之杰：金融科技软件服务商，有开展数字货币相关软硬件以及支撑系统的研究。16.科蓝软件：银行金融软件服务商，有数字货币相关技术储备。17.朗科科技：国内移动存储设备龙头，储备有数字货币冷钱包等技术专利。18.紫光国微：特种芯片龙头，相关产品有望应用于数字货币领域。碳捕获龙头1.凯美特气：公司与湖大合作开展二氧化碳捕集、封存等工程技术研究。2.远达环保：公司已具备二氧化碳捕捉的自主知识产权技术和碳交易平台。3.杭氧股份：公司是国内气体封层设备龙头。4.昊华科技：公司的碳捕捉技术储备已经初具规模。可降解塑料龙头1.金发科技：公司主营高性能改性塑料。2.联泓新科：公司主营环保型新材料。3.丹化科技：公司是化工行业非常一般的个股，但有子公司做可降解塑料。4.天元股份：主营快递物流包装产品，公司已成功研发可降解塑料薄膜快递袋。5.皖维高新：公司主营的聚乙烯醇，是一种可降解的高分子材料。医药医疗各种细分龙头医药行业“卖铲人”CXO企业1.药明康德：临床前CRO/CDMO企业龙头。2.康龙化成：临床前CRO企业龙二。3.昭衍新药：临床前CRO企业，细分龙头。4.药石科技：临床前CRO企业，细分龙头。5.美迪西：临床前CRO/CMO企业。6.泰格医药：国内临床试验CRO企业龙头，细分龙头。7.博济医药：临床CRO企业。8.药明生物：港股CDMO/CMO企业。9.睿智医药：CDMO/CMO企业。10.博腾股份：CMO企业。11.九洲药业：CDMO企业。12.凯莱英：CMO企业。医药各类细分龙头1.民族品牌药龙头 云南白药、片仔癀、东阿阿胶、同仁堂、九芝堂、江中药业、广誉远、贵州百灵（苗药）、寿仙谷（灵芝）、步长制药（心血管）、以岭药业（心血管）、沃华医药（心血管）、天士力。2.全产业链龙头 复星医药、上海医药、白云山、华东医药、国药一致、中国医药。3.创新药龙头 恒瑞医药（肿瘤）、贝达药业（抗癌）。4.疫苗龙头 长春高新（生长素）、智飞生物（宫颈癌）、沃森生物（肺炎）、康泰生物（肺炎）、天坛生物（综合）、金赛药业（生长素、卵泡素）。5.抗生素龙头 鲁抗医药、广生堂（乙肝病毒）、海思科、仟源医药。6.输液制品龙头 科伦药业、莱美药业（注射）。7.OTC龙头 华润三九、益佰制药（抗肿瘤）、葵花药业（儿童药）、华森制药。8.原料药、辅料龙头 华海药业（原料）、山河药辅（辅料）、九典制药（综合）、黄山胶囊（胶囊）、美诺华（特色原料药）、山东药玻（药用玻璃）。9.血液制品龙头 华兰生物、博雅生物。10.独门药龙头 甘李药业（胰岛素）、通化东宝（胰岛素）、我武生物（舌下脱敏）、莎普爱思（滴眼液）、莱茵生物(植物提取液)、永安药业（牛磺酸）、千金药业（妇科）、海特生物（鼠神经生长因子）、恩华药业（中枢神经用药）、人福医药（麻药、避孕套）、中新药业（心脏、肠胃）、西藏药业(虫草)。11.维生素龙头 新和成、浙江医药、兄弟科技、广济药业、亿帆医药、冠福股份。12.保健养生药龙头 金达威(辅酶Q10)、启迪古汉(养生)、睿智医药(营养、带CXO)。13.医药连锁龙头 益丰药房、老百姓、大参林、一心堂。医疗领域各类细分龙头1.体外诊断医械龙头 迈瑞医疗2.综合医械龙头 鱼跃医疗、九安医疗3.心血管医械龙头 乐普医疗4.再生医学龙头 正海生物5.医药装备龙头 楚天科技6.骨科医械龙头 大博医疗、凯利泰、三友医疗7.消毒龙头 新华医疗8.体外诊断试剂龙头 安图生物(免疫)、凯普生物（核酸）、透景生命(HPV)9.诊断服务龙头 迪安诊断10.基因测序龙头 华大基因11.生化诊断龙头 利德曼（最全）、润达医疗12.血液灌流龙头 健帆生物13.真空采血龙头 阳普医疗14.医用手套龙头 英科医疗、蓝帆医疗、南卫股份（医用胶带）15.注射器龙头 康德莱16.细胞免疫龙头 中源协和17.独门医疗服务 司太立（碘造影剂）、爱尔眼科化工行业各类细分龙头1、万华化学：主营产品为MDI、TDI。全球龙头，国内绝对龙头。2、恒力石化：主营传统炼化。国内民营龙头。3、荣盛石化：主营产品聚酯纤维。国内龙头。4、浙江龙盛：主营产品为分散染料、活性染料。全球龙头。5、龙蟒佰利：主营产品为钛白粉。国内龙头，全球第四。6、巨化股份：主营产品为第三代氟制冷剂。国内龙头，细分全球龙头。7、安迪苏：主营产品为蛋氨酸，为动物营养添加剂。国内龙头，全球龙二。8、扬农化工：主营产品为农药菊酯。国内龙头。9、新洋丰：主营产品为农资必需消费品复合肥。国内龙头。10、金禾实业：主营甜味剂(安赛蜜、三氯蔗糖)，为食品添加剂。单寡头垄断，全球龙头。11、红太阳：主营产品为农药吡啶碱。全球龙头。12、兴发集团：主营产品为草甘膦、磷矿石。国内龙头。13、利尔化学：主营产品为草铵膦。国内龙头。14、恩捷股份：主营产品为锂电池湿法隔膜。全球龙头。15、国瓷材料：主营产品为电子陶瓷MLCC配方粉。国内龙头，全球龙四。16、青松股份：主营产品为合成樟脑。全球龙头。17、玲珑轮胎：主营产品为轮胎。国内细分龙头。18、黑猫股份：主营产品为炭黑。国内龙头，全球龙三。19、卫星石化：主营产品为丙烯酸。国内龙头，全球龙四。20、宝丰能源：主营煤化工、煤基新材料和化学品。国内龙头。21、华鲁恒升：主营煤化工、DMF。国内龙头。22、中泰化学：主营产品为氯碱粘胶。国内龙头。23、恒逸石化：主营涤纶和锦纶一体化。国内龙头。24、桐昆股份：主营产品为涤纶长丝。国内龙头。25、泰和新材：主营产品为芳纶。国内龙头。26、华峰化学：主营产品为氨纶。国内龙头。27、三棵树：主营产品为涂料。国内龙头。28、阳谷华泰：主营产品为防焦剂CTP橡胶助剂。国内龙头。29、当升科技：主营产品为高镍三元正极材料、锂电池材料。国内龙头。30、新宙邦：主营产品为锂电池材料。国内细分龙头。31、中伟股份：主营产品为锂电池正极材料前驱体。国内龙头。32、卓越新能：主营产品为生物柴油。国内细分龙头。33、鼎龙股份：主营产品为彩色聚合碳粉。国内唯一。34、道明光学：主营产品微棱镜型反光膜、功能性薄膜。国内龙头，全球龙四。35、万润股份：主营产品为OLED。国内龙头，全球龙二。36、光威复材：主营产品碳纤维。国内龙头。37、多氟多：主营产品六氟磷酸锂。全球龙头。38、深圳新星：主营产品为铝晶粒细化剂，为冶金添加剂。全球龙头。39、亚邦股份：主营产品为蒽醌结构分散染料和还原染料。全球龙头。40、强力新材：主营产品为光刻胶用光引发剂，为电子化学品。全球龙头国防军工十大军工板块细分行业龙头1. 中航重机：隶属于中国航空工业集团公司，前为力源液压，作为“中国航空工业第一股”于1996年上市。近几年，中航重机通过外延式扩张，由单一的生产型向投资控股型公司转变，业务范围由单一的液压业务拓展为锻造、液压、散热器、燃气轮机、新能源等五大业务。2. 航发动力：我国大、中、小型军民用航空发动机、大型舰船用燃气轮机动力装置的生产研制和修理基地，集成了我国航空动力装置主机业务的几乎全部型谱，是国内生产能力最强、产品种类最全、规模最大的动力装置生产单位。3. 洪都航空：是航空工业旗下“教练机+导弹+无人机”综合上市平台，是国内唯一同时具备初、中、高级教练机产品独立研制及生产能力的系统供应商。主要产品有L15高级教练机、YJ-9E反舰导弹、攻击-11无人机等主战装备。4. 海格通信：起源于1956年始创的广州无线电厂（国营第七五〇厂），2010年8月31日A股上市，是中国军工整体IPO第一股。是我国军用通信、导航及信息化领域最大的整机和系统供应商，是行业内用户覆盖最广、频段覆盖最宽、产品系列最全的重点军工电子企业之一，行业领先的软件和信息服务供应商。5.海特高新：公司作为国内航空技术服务行业的领先企业之一，在航空机载设备的检测及维修、航空中小型发动机维修、通用航空维修及服务、航空培训、部分航空技术研发领域、航空部附件制造、航空工程改装等方面已经达到国际先进水平。6. 航天电器：航天领域优势明显，率先受益国防装备新一轮列装。国内具有军用连接器业务上市公司仅有中航光电和航天电器。公司背靠航天十院，实现航天、航空、电子、舰船、兵器全领域覆盖，在航天领域占比较高。7. 中国卫星：国内卫星制造龙头，公司成功开发了CAST10、CAST4000等多个具有国内领先、国际先进水平的小/微小卫星公用平台。8. 中船防务：集海洋防务装备、海洋运输装备、海洋开发装备和海洋科考装备四大海洋装备于一体的大型综合性海洋与防务装备企业集团，产品结构多元，在军船、民船、海工等业务上具备领先优势。在成品油船、重载运输船、客滚船、半潜船等高技术、高附加值船舶和特种船等船型方面掌握并拥有自主知识产权的核心技术。9. 中国长城：中国长城自2011年开始布局国产芯片主板及计算机整机研发，致力于构建从基础软硬件到整机、终端到安全应用及服务的完整产业链条。10. 光启技术：超材料技术是国际上被视为应用于现代国防装备领域最热门的新兴技术之一，光启技术是全球唯一一家能实现超材料从设计、研发到测试、批产一体化的龙头企业，具备完整的自主知识产权。其超材料结构件已经广泛应用在我国先进飞机、大型无人机、海洋航空装备、电子通信系统、单兵AI装备等多个领域龙头股：航发动力：国内唯一能够生产各类航空发动机的企业洪都航空：中国教练机龙头+导弹中航沈飞：国产战机唯一上市平台中航光电：军用连接器龙头中航西飞：军民用大飞机整机制造唯一 平台高德红外：军民用红外线测温仪龙头中航高科：军用航空辅材龙头太钢不锈：不锈钢龙头抚顺特钢：特钢、合金材料龙头振华科技：军工电子元器件龙头中航机电：机电系统龙头光威复材：大飞机碳纤维材料龙头鸿远电子：火炬电子：军用MLCC龙头西部超导：高温钛合金材料龙头应流股份：大飞机两机叶片龙头中直股份：直升机龙头北摩高科：航空零部件供应商航天电器：军用微特电机龙头扣扣散户刚进来走的路都差不多，起初个个雄心万丈，扒遍研报问遍群友找牛股，七上八下追涨又杀跌；三年折腾下来钱没赚到，疤倒是攒了一身；三十岁之后慢慢才明白，久战沙场靠的从来不是勇猛，七分耐心三分眼光，把得住自己这颗心，比抓十个涨停都管用。
"
发个盘前，我有点想清仓了。,175,54161,从不空大的石头人,07-18 23:48,"棒子休市，日经暴跌，我真怕了，没看到底。真清了的话，会及时在这里汇报的。
https://i3.hoopchina.com.cn/f0068bf244d909f1938770f38dc038cc_w_1260_h_353_.jpg?imageMogr2/format/webp/auto-orient?x-oss-process=image/resize,w_800/format,webp
https://i3.hoopchina.com.cn/f0068bf244d909f1938770f38dc038cc_w_1260_h_353_.jpg?imageMogr2/format/webp/auto-orient?x-oss-process=image/resize,w_800/format,webp"
6/30号拿到我妈亏损账户，直播一下从2w7到10w,94,31288,盖世爱gyc,07-18 23:47,"
https://i10.hoopchina.com.cn/318ad91e03752eb4fecd435fdb14fd9f_w_1260_h_2800_.jpg?imageMogr2/format/webp/auto-orient?x-oss-process=image/resize,w_800/format,webp
https://i10.hoopchina.com.cn/318ad91e03752eb4fecd435fdb14fd9f_w_1260_h_2800_.jpg?imageMogr2/format/webp/auto-orient?x-oss-process=image/resize,w_800/format,webp"
科技这周跑路的大资金未来全去长鑫报团，长鑫能涨到100吗？,10,8946,三足鸟,07-18 23:46,"
"
这位 居高临下 给虎扑施舍“财富密码”的大佬   围棋少年钟爱紫金矿业,88,13345,虎扑JR0684066689,07-18 23:33,"特此说明哈  我没买过这人推的任何“财富密码” 我只是不想让这帮团伙肆无忌惮的荐股 你们看到前几天韩国那个荐股博主被刺的新闻了吗   下面那些捧臭脚的你们良心会痛吗    还舔着脸告诉别人“财富密码” 还有下面一众捧臭脚的 如果当时有人听了你的“财富密码” 上车拿到现在亏了 你是不是还要嘲讽别人拿不住怪谁啊  ？上次对线也有他   这个叶道无情是他追随者还是一伙的你就说这帮人是不是团伙吧  有荐股给“财富密码的” 有一帮摇旗呐喊捧臭脚的  顺便攻击人  你们看这是不是诈骗团伙 不知道为啥  我消息里能看到  评论里翻不到  
https://i10.hoopchina.com.cn/editor/b92464335aabb7148d2f5388d38c8813_w_930_h_179_.png?x-oss-process=image/resize,w_800/format,webp
https://i3.hoopchina.com.cn/reply/d33cb67c8cafcce57a31197e6e44311a_w_814_h_506_.jpeg?x-oss-process=image/resize,w_800/format,webp
https://i11.hoopchina.com.cn/editor/05ebeb18f14c3576216325c1aed3eced_w_760_h_182_.jpeg?x-oss-process=image/resize,w_800/format,webp
https://i10.hoopchina.com.cn/editor/b92464335aabb7148d2f5388d38c8813_w_930_h_179_.png?x-oss-process=image/resize,w_800/format,webp
https://i3.hoopchina.com.cn/reply/d33cb67c8cafcce57a31197e6e44311a_w_814_h_506_.jpeg?x-oss-process=image/resize,w_800/format,webp
https://i11.hoopchina.com.cn/editor/05ebeb18f14c3576216325c1aed3eced_w_760_h_182_.jpeg?x-oss-process=image/resize,w_800/format,webp"
3764点，一场蓄谋已久的“夏日寒风”,7,6592,七哥股市看戏2,07-18 23:32,"各位同学们今天不谈诗与远方，只谈绿与账户。周五收盘，七哥盯着屏幕看了三分钟，确认自己没老花——沪指3764.15点，跌3.05%。创业板指跌了7.15%，科创50跌了7.12%。全市场超5000只个股下跌，近200只跌停。什么叫“满屏环保色”？这就是。七哥的持仓今天统一换了身衣裳，绿得整整齐齐，像约好了去参加春天的葬礼。从4041点一路跌到3764点，十个交易日，跌幅6.85%，期间几乎没有一次像样的反弹。这哪是下跌，这是自由落体不系安全带。一、为啥跌？七哥给你捋捋有人说这是“黑色星期五”，七哥觉得这称呼太客气了，应该叫 “黑色一星期”。这一周，沪指跌了5.81%，深成指跌了8.90%，创业板指跌了10.78%，科创综指跌了17.46%——全是年内最大周跌幅。那到底是谁干的？七哥总结了三大“凶手”：第一，海外科技股先崩为敬。隔夜美股半导体、存储、光通信板块跌成一片，SK海力士跌13%，闪迪跌12%。谷歌股价盘中大幅跳水。恐慌情绪像流感一样，从太平洋那头传到了这头。北向资金拔腿就跑，A股科技股跟着躺枪。第二，杠杆资金上演“大逃亡”。两融余额从7月1日约3.1万亿的高点，一路降到2.84万亿，短短半个月蒸发2600多亿。杠杆资金在撤退，量化资金在助跌，恐慌盘在踩踏——三重叠加，像三把刀同时捅进来。第三，机构在“期末大扫除”。公募基金半年报考核窗口，前期涨幅巨大的AI硬件赛道获利盘太大，机构集中减仓兑现收益。说白了就是涨太多了，大家抢着跑，门不够宽。有分析师说得挺到位——这不是单一利空造成的，而是 “前期高估值、高拥挤和高杠杆的科技行情，在海外降温、地缘风险和中报压力下的一次集中去杠杆” 。翻译成人话就是：吃太撑了，吐一吐。二、接下来怎么走？七哥斗胆展望一下跌成这样，有人问七哥：“是不是牛没了？”七哥觉得，牛还在，只是被吓跑了，过两天自己会回来。理由有三：第一，基本面没崩。说这个肯定很多人又要喷我了，都跌成这样了 还叫基本面没崩。其实这次下跌的核心原因是资金面和情绪面，不是经济基本面出了大问题。GDP增速二季度4.3%被机构认为是“经济底”，下半年有望改善。上市公司业绩也没集体扑街。第二，钱没跑远，只是换了个地方躲雨。银行、电力、煤炭这些红利板块逆势上涨。市场资金没有完全离场，只是从高波动的科技股，躲进了低波动的“避风港”。第三，有人在悄悄抄底。午后科创50ETF成交130亿，创业板ETF成交138亿，双双创下“9·24行情”以来最高纪录。这种级别的放量，不是散户干得出来的——有大资金在捡便宜货。某机构说得更狠——“后面会有一波暴力反弹”，“我们正在迎来今年的黄金买点，市场主要指数有望在下半年创出新高”。当然七哥也得提醒一句：大跌之后通常不会立即V形反转，更可能是快速下跌、技术性反弹、再测低点的反复拉锯。就像失足掉进坑里，爬两步滑一步，但方向是向上的。三、七哥给你三句话第一句：别在恐慌时做决定。人在极度恐慌时做的决策，十有八九是错的。你现在想割的肉，可能就是别人想捡的便宜。第二句：别试图精准抄底。底部是走出来的，不是猜出来的。分批布局，比一把梭哈更体面。第三句：关掉软件，去喝杯茶。行情不会因为你盯盘就反弹，也不会因为你睡觉就崩盘。七哥今天收盘后去楼下买了杯奶茶，店员问我要什么甜度，我说“跟我的账户一样苦就行”——她给了我一份全糖。最后送各位一句：股市像天气，阴晴不定；但四季轮回，春夏秋冬从不缺席。你现在经历的“寒冬”，也许正是别人眼中的“播种季”。周末了，把账户关掉，把心情打开。3764点不是世界末日，它只是一个数字——而数字，总是会变的。七哥与各位共勉。（免责声明：以上内容纯属七哥个人观点，不构成任何投资建议。股市有风险，入市需谨慎，抄底请自带干粮。）
"
股神都去哪里了？,6,2652,阿里九九,07-18 23:27,"前几个月的股神都去哪里了？晒一晒你们的持仓和盈利啊！
"
大佬进来科普下，长鑫这么高的发行市值，几个意思啊？,40,15656,让三追四可以有,07-18 23:02,"茅台当年上市不到100亿。这个一上来就5700亿。趁着超级风口，给人一种赶紧逮着机会赚一把的感觉啊！大佬可否科普下
"
有懂哥知道打新长鑫中签概率高吗,41,36054,gjjvf,07-18 22:51,"科创板申购额度280000有机会中吗
https://i5.hoopchina.com.cn/F221F0957BF1849266824E94A4A89121_w_1179_h_2556_.png?x-oss-process=image/resize,w_800/format,webp
https://i5.hoopchina.com.cn/F221F0957BF1849266824E94A4A89121_w_1179_h_2556_.png?x-oss-process=image/resize,w_800/format,webp"
韩国国全民炒股，这月过的应该比咱还惨吧,41,14545,三足鸟,07-18 22:48,"算是唯一的慰藉了
"
科技在走下坡路，任何拉升都是卖点,134,98818,海边的宁静,07-18 22:25,"昨天突然的直线加上海外的刺激挺多科技死忠都开始狂欢了今天却被浇了一盆冷水我无意嘲讽这种无力感是每次退潮期的必然更是老登股里散户早就麻木的感觉现在其实也没啥好多说的该走的早走了不想走的也不会走了行情什么都会变但有条铁律不会钱不会凭空产生，有人赚就有人亏这最简单的道理明白的话什么逻辑什么业绩什么预期不过都是既得利益者们画的大饼而且他们自己吃的满嘴流油了就差买单的人给他们付款了
https://i5.hoopchina.com.cn/6812383ED155E116D1FC338DF020AFFF_w_1179_h_2556_.png?x-oss-process=image/resize,w_800/format,webp
https://i11.hoopchina.com.cn/3889B41FDE762CC7B5F16F6267FA21D9_w_1179_h_2556_.png?x-oss-process=image/resize,w_800/format,webp
https://i5.hoopchina.com.cn/6812383ED155E116D1FC338DF020AFFF_w_1179_h_2556_.png?x-oss-process=image/resize,w_800/format,webp
https://i11.hoopchina.com.cn/3889B41FDE762CC7B5F16F6267FA21D9_w_1179_h_2556_.png?x-oss-process=image/resize,w_800/format,webp"
10年内最值得长期做波段的板块：电力！,0,1954,苏州股行僧,07-18 22:23,"铁粉都知道，我们今年做了很多轮的电力。为什么一直说电力这个事情。因为不管是AI，算力，电动车，能源，家用，最终还是要归结于能源！而常规石油煤炭能源，受到外界影响很大。抛开外界影响，相对比较稳定的就是我们电力。无论是现在，还是未来，用电量一定会越来越大！毋容置疑！但是，电力，只适合做波段。波段！波段！波段！波段！波段！波段！波段！波段！波段！波段！波段！波段！波段！波段！波段！波段！波段！波段！波段！波段！就是这一波做完，然后休息，等下一波！具体就用《黄金坑模式》来选，已经免费教给了铁粉了。只要《黄金坑》哪天选出来非常多的电力，那就做！这不，又集中出现了，而且都是在低位。那就再次抓住机会吧！
https://i10.hoopchina.com.cn/editor/17eed68f77ecd08626d18e85fac97f59_w_850_h_468_.png?x-oss-process=image/resize,w_800/format,webp
https://i10.hoopchina.com.cn/editor/17eed68f77ecd08626d18e85fac97f59_w_850_h_468_.png?x-oss-process=image/resize,w_800/format,webp"
大盘4000点了，股票区为何没热度,123,137255,毛肚王子,07-18 22:04,"当年20年的时候股票区热度炸裂，当时也才3700，现在都4100了，股票区一点热度没有，是因为当年3700大家能赚钱，4100反而还不赚钱吗
"
v小闯a股计划楼,909,40225,小v来了vvvvv,07-18 21:54,"计划自己的交易，交易自己的计划，随时断更，主要是不想在楼里打扰其他老师顺便管住手
"
实盘记录第16天:-15100，满仓跌停，本月-23%。,4,1672,回本改名,07-18 21:45,"开盘-7000，下午极值-2.3万，收盘-1.5万竟觉得还可以，自适应型预期管理真不错。等新易盛亏幅达20%，就删app装死了。今天刚好出来玩，事到如今只有看看风景了。
https://i5.hoopchina.com.cn/b1444a837017cc45ecef1894b6c3add2_w_1224_h_2700_.jpg?imageMogr2/format/webp/auto-orient?x-oss-process=image/resize,w_800/format,webp
https://i5.hoopchina.com.cn/b1444a837017cc45ecef1894b6c3add2_w_1224_h_2700_.jpg?imageMogr2/format/webp/auto-orient?x-oss-process=image/resize,w_800/format,webp"
海力士牛逼，一己之力拯救全世界，我哭死,17,6450,清梦星河,07-18 21:35,"大家周末愉快，安心过周末，休息好了，下周再战
"
股票、期货、期权，哪个比较容易？,1,242,林生斌,07-18 21:15,"
"
老登们猜猜能吃多少这波,11,10362,丶数字君,07-18 21:11,"猜猜我这两天回吐多少利润
https://i5.hoopchina.com.cn/hupuapp/bbs/919/17139919/1784308879_575048IMG_9679_w_989_h_1280_.jpg?x-oss-process=image/resize,w_800/format,webp
https://i5.hoopchina.com.cn/hupuapp/bbs/919/17139919/1784308899_2172399IMG_9678_w_1320_h_2735_.jpg?x-oss-process=image/resize,w_800/format,webp
https://i5.hoopchina.com.cn/hupuapp/bbs/919/17139919/1784308879_575048IMG_9679_w_989_h_1280_.jpg?x-oss-process=image/resize,w_800/format,webp
https://i5.hoopchina.com.cn/hupuapp/bbs/919/17139919/1784308899_2172399IMG_9678_w_1320_h_2735_.jpg?x-oss-process=image/resize,w_800/format,webp"
我建议所有看空AI的人用一用codex,338,286145,港城范戴克,07-18 21:05,"没有调研就没有发言权，花了两百块玩一玩，比什么都强
"
计划周一下午抄点底。,1,688,林生斌,07-18 21:03,"上周五买了一点，周一计划再买一点。
"
0717复盘：没亏钱，就是午饭花了好几万,31,14206,巴萨主教练弗里克,07-18 21:02,"【今日操作】1. 沪电股份 & 大元泵业 & 科创50etf：持仓不动；2. 欧菲光：7.71清仓；【今日洞察】1.大盘1）走势：梦回2015，暴力杀跌，击穿前低后，直接砸到3745，后面虽然一度拉到3800上方，但后面还是继续跳水，最后收在3764.15；一段下跌的末尾一般是最残忍的，最让人绝望的；不管是日线还是周线的结构，下周都看修复；这种级别的下跌，上次经历还是在2015年股灾，不过那会儿比现在可怕三倍，开盘K线就不动了，死一般的寂静，群里没人骂，没人说话，流动性枯竭；现在这个位置，虽然没有流动性枯竭，但市场情绪也是绝对冰点，那么就等一个技术性反弹再考虑减仓；2）量能：2.65万亿，下午杀出来一些恐慌盘；可能有人会问既然杀出了恐慌盘，为什么量没有特别大，因为融资盘不是在某一天瞬间爆掉的，已经被杀了11天了，真有风险也出清得差不多了；3）赚钱效应：涨跌比482:5001，涨跌停比35:198；跌停家数198是近期的新记录，但其实跌幅8个点以上的股超过1000家，全市跌幅中位数大约是4.5%，平均股价跌了7.26%；上次个股这么惨烈，应该就是25年贸易战那一波；最近涨停板高度止步4板，但跌停板连板高度已经到了5板，而且出现了很多三连跌停，或者4天3板的，也是市场情绪冰点的缩影；关键是不知道因为什么而跌，如果是去年4月和今年3月，大家知道原因，那么还能盼头；现在就是无缘无故地砸，今天更是泥沙俱下，5001只下跌，很难保证自己的股不在里面；真是一个很容易让人梳中分的行情；2. 板块1）证券&金融科技：有护盘动作，但不多，目前结构还在；2）银行：唯二涨的板块之一；如果银行不托一下底，指数就去3600了；3）PCB：泥沙俱下；这两天逆势拉红的，是msap概念，算是AI硬件最后的多头了；好消息是上游的铜箔，开始有止跌迹象了；4）半导体：科创50在这个位置可能会有一波技术性反弹，但这次不会像6月初那波很快捞起来了，需要看外围脸色了，也看长鑫上市的情绪；5）电池：很多股已经有点跌不动了，缓慢筑底中；6）机器人&汽车零部件：反攻失败，被大盘带下去了，虽然结构没有真正修复，但今天其实是有一些承接的；8）创新药：哈药扛住了，但是板块开始出现批量负反馈，并没有跟科技形成跷跷板；这个位置不太适合抄底；3. 个股1）沪电股份：算是比较顽强了，一直有多头尝试反击，大盘情绪稍微有点起色就努力往上拉，不过还是有点独木难支；技术面上，日线确实有破位迹象，周线第一次正式跌破10周均线，这个是需要警惕的信号；下周需要看到尽快站回10周均线，不然还是有点危险；虽然非常看好它的基本面，但还是要预留一个退出机制；2）三花智控：打出新低，止跌之路艰难；技术面上，其实上午一直有资金尝试维护，但是大盘情绪太差了，盘中直接砸到-8，不过好在收出了长长的下影线，有一些承接；3）欧菲光：周线破位，那么按照纪律无条件离场；4）德明利：依然有57.7亿的封单，等它开板，存储芯片的情绪才能好起来；5）长电科技：独自冲锋，保留了半导体最后的荣光，也算是对前面两个跌停的纠偏；倒不用太担心后面补跌，走一天看一天，至少今天80附近是有资金强力承接的；【写在最后】本文所提到的观点仅代表个人的意见，所涉及标的不作推荐，据此买卖，风险自负。坚持分享不易，如果我的文章帮助你赚到了钱，请不要吝惜充电、投币和打赏的手，这对我是很大的认可和鼓励，也请把我的文章分享给朋友们一起赚钱；如果暂时没赚到钱，也可以多多帮忙点赞收藏分享，希望我的文章未来可以帮你赚到钱。
"
国产存储龙头长鑫科技上市走势全拆解｜中签者操作方案，场外切勿盲目追高,0,1578,七哥股市看戏2,07-18 21:02,"A股年度最大IPO长鑫科技（688825）即将登陆科创板，作为国内唯一实现DRAM内存量产的企业，打破三星、海力士、美光垄断，恰逢AI存储超级周期，行情分化会非常明显，分开两种人群讲清楚节奏。一、整体三段式走势预判1. 上市前5个交易日（属于情绪炒作阶段）发行价8.66元，叠加绿鞋机制+战略配售锁仓，不会出现破发。依靠国产DRAM独家稀缺属性，短线游资与机构合力推升，主流区间在30–45元；极端情绪下短暂冲击50元上方，但这里泡沫极大，绝大部分获利盘会集中兑现。走势：开盘一路冲高，盘中多次临停，午后放量回落，绝大多数高点会诞生在前三天。2. 上市1–3个月（属于周期博弈阶段）股价不再单纯炒题材，完全绑定DRAM芯片报价。本轮存储涨价周期预计高点在2027年末，如果海外三大巨头扩产，内存价格拐头向下，公司利润会快速下滑，股价进入中期震荡回落；若DDR5服务器内存持续放量，股价会在25–35元箱体来回波段运行。3. 一年以上长期走势决定高度的核心是HBM高端存储研发进度，目前长鑫仅有普通DRAM产品，缺少AI高带宽芯片。只有高端产品实现量产，全球市占率稳步提升，才能走出长牛；反之，强周期属性会让股价反复大起大落。二、中签股民策略（500股一签本金4330元）1. 保守稳妥打法，适合 90% 稳健投资者开盘涨幅翻倍（17元附近）直接卖出一半，本金全部落袋；剩下筹码设置回落8%自动离场，不管后续涨跌，稳稳锁住利润，单签保底盈利4000+。2. 中性波段打法，激进投资者冲高到30元卖出300股，剩余200股分两档止盈：38元一档、45元一档；一旦放量跳水，无条件清仓，不格局死拿。3. 风险提醒：千万不要全程死扛。周期景气顶峰上市，很容易出现“上市即阶段最高点”，不要被全网乐观情绪迷惑。三、没有中签的普通投资者忠告1. 上市首日绝对不要在二级市场追涨，前几日换手率极高，短线资金进出速度极快，追高很容易直接被套在山顶。2. 最佳参与时机：新股炒作降温之后，等待一波深度回调，回踩20日均线再分批布局，顺着存储周期来回做差价。3. 仓位硬性规则：单只个股仓位不要超过两成，周期股波动剧烈，不要重仓赌一只股票。四、核心风险提示存储属于强周期性行业；海外巨头价格战压制；高端HBM技术存在代差；半导体设备外部管制。本文仅为行情逻辑分析，不构成任何投资买卖建议。
"
No.292大宗商品期货复盘和计划2026-07-15周三,0,54,集运欧文,07-18 21:00,"📈 复盘和计划每周一至周四交易日的收盘，开展1小时左右的深度行情复盘和计划，支持随时回放观看。基于有效的交易体系，解析文华商品指数运行进程、主要商品板块及品种的技术形态，预判中短周期行情演变路径，挖掘高胜率交易机会，提升交易决策质量与实战绩效。⏰ 为维护倍增计划成员们的权益，我们的复盘音频是直播T+1日发布。⚠️ 特别风险提示：本内容后置发布，行情变化莫测，请勿将本内容视为当前或未来的投资建议。🎤 主播：集运欧文，倍增计划发起人，私募合伙人，十年国内大宗商品期货研究与投资，中短周期趋势及价差策略，最高6个月10倍，超300家私募和现货商交流。📈 ""欢迎加入倍增计划！""👥 倍增计划，是专注国内大宗商品期货研讨与交易的精英社区，2024年成立，助力成员高效决策。📱 主播微信：abowin🔍 公众号：倍增计划BullZone📧邮箱：contact@bullzone.cn...去小宇宙查看完整单集简介在小宇宙查看该单集文稿
"
股票区的主意了，这个叫【咖喱不错】的骗子啊，都来看啊,31,2025,基拉特兰萧,07-18 20:46,"我叫他录屏，你猜发生了什么？懂得都懂。大家千万不要相信主动给你发收益率的人，尤其是图片的😄被骗了会员费别后悔哈
https://i5.hoopchina.com.cn/648d71d4e2dbf9e770a4946c8e0ef7fb_w_1200_h_2670_.jpg?imageMogr2/format/webp/auto-orient?x-oss-process=image/resize,w_800/format,webp
https://i3.hoopchina.com.cn/61dea32fc4e765c6c7c0f9055b7f5fad_w_1200_h_2670_.jpg?imageMogr2/format/webp/auto-orient?x-oss-process=image/resize,w_800/format,webp
https://i3.hoopchina.com.cn/28d2e0b52b235e93afe0c66714fc8478_w_1200_h_2670_.jpg?imageMogr2/format/webp/auto-orient?x-oss-process=image/resize,w_800/format,webp
https://i10.hoopchina.com.cn/54f36cd32885a76c5326e0aa8680d403_w_1200_h_2670_.jpg?imageMogr2/format/webp/auto-orient?x-oss-process=image/resize,w_800/format,webp
https://i11.hoopchina.com.cn/e7202d06ddc4a232e0e95acaa2f66ce5_w_1200_h_2670_.jpg?imageMogr2/format/webp/auto-orient?x-oss-process=image/resize,w_800/format,webp
https://i1.hoopchina.com.cn/2af08d276cf8fa496c246d3f6018a545_w_1200_h_2670_.jpg?imageMogr2/format/webp/auto-orient?x-oss-process=image/resize,w_800/format,webp
https://i5.hoopchina.com.cn/648d71d4e2dbf9e770a4946c8e0ef7fb_w_1200_h_2670_.jpg?imageMogr2/format/webp/auto-orient?x-oss-process=image/resize,w_800/format,webp
https://i3.hoopchina.com.cn/61dea32fc4e765c6c7c0f9055b7f5fad_w_1200_h_2670_.jpg?imageMogr2/format/webp/auto-orient?x-oss-process=image/resize,w_800/format,webp
https://i3.hoopchina.com.cn/28d2e0b52b235e93afe0c66714fc8478_w_1200_h_2670_.jpg?imageMogr2/format/webp/auto-orient?x-oss-process=image/resize,w_800/format,webp
https://i10.hoopchina.com.cn/54f36cd32885a76c5326e0aa8680d403_w_1200_h_2670_.jpg?imageMogr2/format/webp/auto-orient?x-oss-process=image/resize,w_800/format,webp
https://i11.hoopchina.com.cn/e7202d06ddc4a232e0e95acaa2f66ce5_w_1200_h_2670_.jpg?imageMogr2/format/webp/auto-orient?x-oss-process=image/resize,w_800/format,webp
https://i1.hoopchina.com.cn/2af08d276cf8fa496c246d3f6018a545_w_1200_h_2670_.jpg?imageMogr2/format/webp/auto-orient?x-oss-process=image/resize,w_800/format,webp"
22日变盘,0,745,渣渣老师,07-18 20:30,"
https://i5.hoopchina.com.cn/26DD1D0B8C35782298E14D8F938DA3EF_w_326_h_302_.png?x-oss-process=image/resize,w_800/format,webp
https://i10.hoopchina.com.cn/E3767A38316F85792E94055333F9D9CD_w_184_h_505_.png?x-oss-process=image/resize,w_800/format,webp
https://i5.hoopchina.com.cn/26DD1D0B8C35782298E14D8F938DA3EF_w_326_h_302_.png?x-oss-process=image/resize,w_800/format,webp
https://i10.hoopchina.com.cn/E3767A38316F85792E94055333F9D9CD_w_184_h_505_.png?x-oss-process=image/resize,w_800/format,webp"
2026布大楼 新年新气象,1742,132545,小火麒麟,07-18 20:24,"新的开始
"
存储三傻要怎么样才能证明自己？,29,33022,虎扑JR0419032153,07-18 20:12,"这次预报一发无论雪球还是哪基本都是7成看空的，周期顶，中远海控九安医疗新能源如数家珍，记得三月德明利发预报炸板收绿那天也是周期顶，历史大顶，那时候股价400不到，不过这套说辞教练早就预判了，早在去年十一月就预言了模组厂腰斩的悲剧，特意翻了翻那天收盘价德明利216。
https://i3.hoopchina.com.cn/b44b3bf68d8f165435b85e2805ac47fc_w_1440_h_3200_.jpg?imageMogr2/format/webp/auto-orient?x-oss-process=image/resize,w_800/format,webp
https://i3.hoopchina.com.cn/b44b3bf68d8f165435b85e2805ac47fc_w_1440_h_3200_.jpg?imageMogr2/format/webp/auto-orient?x-oss-process=image/resize,w_800/format,webp"
就这样吧，看看能亏多少,79,12646,豫章东方红大道,07-18 20:02,"
https://i10.hoopchina.com.cn/8c22d03cf2b663eea7643318ff9a0f5d_w_1080_h_2504_.jpg?imageMogr2/format/webp/auto-orient?x-oss-process=image/resize,w_800/format,webp
https://i11.hoopchina.com.cn/f7b65d027370bf1facac8b13bd31f3e8_w_1080_h_2504_.jpg?imageMogr2/format/webp/auto-orient?x-oss-process=image/resize,w_800/format,webp
https://i10.hoopchina.com.cn/8c22d03cf2b663eea7643318ff9a0f5d_w_1080_h_2504_.jpg?imageMogr2/format/webp/auto-orient?x-oss-process=image/resize,w_800/format,webp
https://i11.hoopchina.com.cn/f7b65d027370bf1facac8b13bd31f3e8_w_1080_h_2504_.jpg?imageMogr2/format/webp/auto-orient?x-oss-process=image/resize,w_800/format,webp"
如果未来3年，你没有离开股市的打算，记住以下9个神奇数字，谨记！！！,7,1976,虎扑JR0713984827,07-18 19:42,"2015年股灾之后，我一个朋友老孙请我喝酒。他是做建材生意的，2014年底拿了200万入市，赶上大牛市，半年做到了将近600万。那段时间他意气风发，已经在看别墅了。然后股灾来了。三周时间，600万灰飞烟灭，本金都搭进去了。他喝了很多酒，红着眼睛问我：老张，你说我到底错在哪了？我没有直接回答他。我在餐巾纸上写了几个数字：10、20、30、45、50、60、70、80、90。我说，如果你当时把这九个数字刻在脑子里，你不会亏成这样。他盯着那张餐巾纸看了很久，最后把它叠好放进了钱包。八年过去了，老孙靠着这九个数字，从零开始重新做起来，账户又回到了百万级别。他说这九个数字救了他一条命。今天我把这九个数字一个一个讲给你听。如果你未来三年不打算离开股市，请把它们刻进脑子里。第一个数字：10——亏损10%，无条件止损10，是我给自己设的硬止损线。任何一只股票，不管什么理由买入的，不管基本面多好，不管谁推荐的——只要亏损达到10%，无条件卖出。为什么是10%？这是我花了很多年才算清楚的一笔账。假设你本金100万。亏10%，剩90万，要回本需要赚11%。难度不大。亏20%，剩80万，要回本需要赚25%。开始有难度了。亏30%，剩70万，要回本需要赚43%。越来越难。亏50%，剩50万，要回本需要赚100%。翻倍才能回到原点。10%是一个分水岭。10%以内的亏损叫浅亏，回本相对容易，心态也不至于崩溃。超过10%叫深亏，回本难度急剧上升，而且你会从“主动止损”变成“被动装死”。老孙当年如果设了10%止损，他最多亏60万，不会把600万全搭进去。但他在跌了10%的时候觉得“会反弹的”，跌了20%的时候觉得“都跌这么多了还割什么”，跌到30%的时候已经不敢看账户了。10%到了就是到了，没有任何商量的余地。第二个数字：20——20日均线是短期生命线20日均线，代表的是过去一个月买入者的平均成本。我把它叫做短期生命线。我的规矩很简单：股价在20日均线上方运行，就继续持有。股价跌破20日均线，就开始减仓。连续两天收盘在20日均线下方，全仓出局。为什么20日线这么重要？因为它是短期资金的情绪线。股价在线上，最近一个月买入的人大多是盈利的，持股心态稳定，抛压小。股价在线下，最近一个月买入的人开始浮亏，这些人会想“等解套就跑”，抛压会越来越大。你去看看那些跌跌不休的票，几乎都是被20日线压着往下走。每次反弹到20日线附近就被打回来，因为那里有大量等解套的卖盘在等着。2020年我做白酒板块的时候，这个规则帮我躲过一次大跌。那年9月白酒急跌，很多龙头跌破了20日线。我在跌破当天减了半仓，第二天继续跌就全清了。后来那波调整持续了将近两个月，很多票跌了20%以上。等它们重新站上20日线我再进去，成本比原来低了15%。最近花了7小时选出第二只哈药：横盘整整一年，主力底部悄悄吸筹完毕！企业主业稳固，净利三连稳步走高，行业壁垒优势拉满！本轮大盘回调惨遭错杀，如今低位蛰伏，妥妥大妖胚子！现在就是黄金布局时机！获取荀葳🦍ZSW2738第三个数字：30——单只股票仓位不超过30%30，是我给自己设的单只个股仓位硬性上限，也是很多人误解最深的一条规则。很多粉丝问：你说单票不超三成，后面又说看准机会重仓、一年只做几笔核心交易，这不是矛盾吗？其实完全不冲突，核心逻辑是：不重仓单一只票，但可以集中重仓优质机会组合。我始终坚守：再看好一只票，单一标的仓位绝不超过总资金30%，杜绝个股黑天鹅、暴雷、突发利空带来的毁灭性亏损。但真正的优质行情来临时，我不会分散乱买，只会精选2-3只趋势、基本面、位置都完美的核心标的，每只三成左右仓位，合计重仓、集中发力。这就是我所说的“看准就重仓干”：放弃几十只跟风杂毛、平庸小票，把资金集中分配给极少数优质机会，而非满仓梭哈单只股票。既做到了集中抓主线、吃大行情，又用单票三成上限锁住了风险，攻守兼备。这个规矩救了我很多次。2019年初我做了一只5G概念股，基本面技术面都很好，我一度想把所有仓位都压上去。最后忍住了，只用了三成。后来那票没涨，反而因为一纸监管函跌了15%。如果满仓，本金直接缩水15%，心态就崩了。但因为只有三成仓位，我只亏了总资金的4.5%，完全不影响后续操作。仓位管理不仅仅是风险控制，更重要的功能是心态管理。你只有三成仓位，股价跌了20%只影响总资金的6%，你心态稳得很。但如果你满仓一只票，股价跌20%，账户缩水五分之一，晚上还能睡好吗？仓位决定心态，心态决定成败。集中重仓优质组合，严控单票风险，才是稳定盈利的核心。第四个数字：45——胜率超过45%就不错了很多散户以2015年股灾之后，我一个朋友老孙请我喝酒。他是做建材生意的，2014年底拿了200万入市，赶上大牛市，半年做到了将近600万。那段时间他意气风发，已经在看别墅了。然后股灾来了。三周时间，600万灰飞烟灭，本金都搭进去了。他喝了很多酒，红着眼睛问我：老张，你说我到底错在哪了？我没有直接回答他。我在餐巾纸上写了几个数字：10、20、30、45、50、60、70、80、90。我说，如果你当时把这九个数字刻在脑子里，你不会亏成这样。他盯着那张餐巾纸看了很久，最后把它叠好放进了钱包。八年过去了，老孙靠着这九个数字，从零开始重新做起来，账户又回到了百万级别。他说这九个数字救了他一条命。今天我把这九个数字一个一个讲给你听。如果你未来三年不打算离开股市，请把它们刻进脑子里。第一个数字：10——亏损10%，无条件止损10，是我给自己设的硬止损线。任何一只股票，不管什么理由买入的，不管基本面多好，不管谁推荐的——只要亏损达到10%，无条件卖出。为什么是10%？这是我花了很多年才算清楚的一笔账。假设你本金100万。亏10%，剩90万，要回本需要赚11%。难度不大。亏20%，剩80万，要回本需要赚25%。开始有难度了。亏30%，剩70万，要回本需要赚43%。越来越难。亏50%，剩50万，要回本需要赚100%。翻倍才能回到原点。10%是一个分水岭。10%以内的亏损叫浅亏，回本相对容易，心态也不至于崩溃。超过10%叫深亏，回本难度急剧上升，而且你会从“主动止损”变成“被动装死”。老孙当年如果设了10%止损，他最多亏60万，不会把600万全搭进去。但他在跌了10%的时候觉得“会反弹的”，跌了20%的时候觉得“都跌这么多了还割什么”，跌到30%的时候已经不敢看账户了。10%到了就是到了，没有任何商量的余地。第二个数字：20——20日均线是短期生命线20日均线，代表的是过去一个月买入者的平均成本。我把它叫做短期生命线。我的规矩很简单：股价在20日均线上方运行，就继续持有。股价跌破20日均线，就开始减仓。连续两天收盘在20日均线下方，全仓出局。为什么20日线这么重要？因为它是短期资金的情绪线。股价在线上，最近一个月买入的人大多是盈利的，持股心态稳定，抛压小。股价在线下，最近一个月买入的人开始浮亏，这些人会想“等解套就跑”，抛压会越来越大。你去看看那些跌跌不休的票，几乎都是被20日线压着往下走。每次反弹到20日线附近就被打回来，因为那里有大量等解套的卖盘在等着。2020年我做白酒板块的时候，这个规则帮我躲过一次大跌。那年9月白酒急跌，很多龙头跌破了20日线。我在跌破当天减了半仓，第二天继续跌就全清了。后来那波调整持续了将近两个月，很多票跌了20%以上。等它们重新站上20日线我再进去，成本比原来低了15%。主线逻辑逐渐清晰1、掌握核心关键技术，财 报完美、稳定；2、低 位+低估 值，筹码集中，股东户数不到1万，3、从技术面来看，MACD日周月三线金叉，强势突破年线，呈多头排列，主力高度控盘，新一轮主升启动在即。  午时已到，来我牧场抓牛了！牧场在溦 亻言：ZSW后面接着2738就是了!第三个数字：30——单只股票仓位不超过30%30，是我给自己设的单只个股仓位硬性上限，也是很多人误解最深的一条规则。很多粉丝问：你说单票不超三成，后面又说看准机会重仓、一年只做几笔核心交易，这不是矛盾吗？其实完全不冲突，核心逻辑是：不重仓单一只票，但可以集中重仓优质机会组合。我始终坚守：再看好一只票，单一标的仓位绝不超过总资金30%，杜绝个股黑天鹅、暴雷、突发利空带来的毁灭性亏损。但真正的优质行情来临时，我不会分散乱买，只会精选2-3只趋势、基本面、位置都完美的核心标的，每只三成左右仓位，合计重仓、集中发力。这就是我所说的“看准就重仓干”：放弃几十只跟风杂毛、平庸小票，把资金集中分配给极少数优质机会，而非满仓梭哈单只股票。既做到了集中抓主线、吃大行情，又用单票三成上限锁住了风险，攻守兼备。这个规矩救了我很多次。2019年初我做了一只5G概念股，基本面技术面都很好，我一度想把所有仓位都压上去。最后忍住了，只用了三成。后来那票没涨，反而因为一纸监管函跌了15%。如果满仓，本金直接缩水15%，心态就崩了。但因为只有三成仓位，我只亏了总资金的4.5%，完全不影响后续操作。仓位管理不仅仅是风险控制，更重要的功能是心态管理。你只有三成仓位，股价跌了20%只影响总资金的6%，你心态稳得很。但如果你满仓一只票，股价跌20%，账户缩水五分之一，晚上还能睡好吗？仓位决定心态，心态决定成败。集中重仓优质组合，严控单票风险，才是稳定盈利的核心。第四个数字：45——胜率超过45%就不错了很多散户以为炒股赚钱要靠高胜率，做十次对八次才叫厉害。我告诉你，45%的胜率就足够了。我2010年统计过自己的全年交易，胜率只有38%，但年收为炒股赚钱要靠高胜率，做十次对八次才叫厉害。我告诉你，45%的胜率就足够了。我2010年统计过自己的全年交易，胜率只有38%，但年收益是45%。因为那一年我有两笔大赚的交易——一笔赚了60%，一笔赚了80%。其他的小亏小赚，都被这两笔覆盖了。交易盈利的核心不是胜率，是盈亏比。你胜率只有40%，但只要赚钱的交易平均赚20%，亏钱的交易平均亏5%，你长期就是稳赚的。追求高胜率是散户最大的陷阱。为了每笔都赚钱，你就会频繁止盈——涨三五个点赶紧跑，怕利润回吐。跌了不愿意止损，因为止损会拉低胜率。结果是小赚无数次，但一次大亏就把所有利润吞掉了。接受亏损，欢迎亏损。每一笔按纪律止损的亏损，都是在为下一笔大赚腾出空间。第五个数字：50——高位下来跌50%，纳入观察池，等待趋势反转再出手很多人吐槽这条规则和60日线趋势线矛盾：高位跌50%的股票，大多在60日线下方，怎么贴合趋势交易？这是典型的把观察信号当成了买入信号，也是我刻意设置的分层交易逻辑，完全不冲突。一只股票从高点跌了50%，听起来很惨了，可以抄底了吧？我的答案是：跌50%只是入场观察标准，绝对不是抄底买入标准。为什么是50%？因为从高位跌50%，要回到原来的高点需要涨100%。跌50%的位置，往往只是回到了合理估值区间，不一定是低估。而且很多股票从高点跌50%之后，还能再跌50%，左侧抄底就是接飞刀。我见过太多人死在抄底的路上。2015年股灾，创业板很多票从高点跌了40%，有人觉得便宜了冲进去。结果继续跌到60%、70%。等真正跌到底的时候，那些提前抄底的人要么已经没钱了，要么已经崩溃了。完整的实战逻辑是：个股从高位回落50%，优先加入自选观察，摒弃高位追涨、半山腰抄底的错误操作。随后耐心等待两大反转信号：一是底部企稳、放量筑底，二是股价重新站稳60日均线、趋势由跌转涨。简单说：跌50%筛标的，站稳60日线再动手。先用跌幅筛选出超跌优质标的，再用60日线确认趋势反转，左侧观察、右侧买入，两者相辅相成，彻底解决抄底被套、逆势交易的问题。第六个数字：60——60日均线是趋势生命线60日均线代表的是过去一个季度的市场平均成本。我把它叫做趋势生命线。我的铁律是：大盘在60日均线下方的时候，不持有任何股票。个股在60日均线下方的时候，看都不看、绝不入场。60日线是大资金建仓的成本线。一只股票想要走出大行情，必须先站上60日线。一旦跌破60日线，说明大资金在撤退，趋势已经转向。这也就印证了上一条的核心：超跌50%的个股，只有重新站上60日线，才具备参与价值，下跌途中的超跌，只是便宜，不是机会。这个规矩帮我躲过了2018年全年熊市。那一年大盘从3500跌到2400，跌了将近三分之一。但我仓位超过五成的时间只有两个月，其余时间要么空仓要么轻仓。年底一算只亏了3%，而身边很多朋友亏了30%到50%。不是我的选股能力比他们强，是我在趋势走坏的时候选择了空仓。60日线就是我的开关——线上干活，线下休息。第七个数字：70——70%的时间用来等待巴菲特说过一句话：投资不需要频繁操作，只需要在球飞到最佳击球区时挥棒。A股每年真正有趋势性行情的月份，平均下来只有四到六个月。剩下六到八个月，不是在下跌就是在震荡。也就是说，一年中有70%的时间，你最好的操作就是不操作。很多散户正好反过来了。70%的时间在频繁交易，30%的时间在等待。结果手续费吃掉了利润，冲动交易带来了亏损。我现在每年有三分之一以上的时间是空仓的。空仓的时候别人在亏钱，我在看戏。等行情来了，别人在忙着解套，我有充足的弹药可以进攻。这一来一回的差距，就是长期收益的全部秘密。把空仓当成一种操作，而且是最高级别的操作。空仓不是什么都不做，是在为下一次机会攒弹药。第八个数字：80——80%的收益来自20%的交易这是一个被无数人验证过的规律：你账户里80%的利润，来自20%的交易。我2013年统计过全年的交易记录。那一年我做了137笔交易，如果只保留盈利最多的三笔，收益率是45%。加上其他134笔之后，收益率降到了11%。那134笔交易不但没赚钱，还消耗了大量手续费和精力。我忙活了一年，结果大部分操作都是在自残。后来我给自己定了规矩：每年只做三到五笔核心交易。看准主线行情，精选2-3只核心标的，单只三成仓位集中布局，守住趋势线不动。其他的所谓“机会”，通通放过。少动，是散户最稀缺的能力。放弃80%的平庸机会，才能抓住20%的真正机会。第九个数字：90——90%的人做不到这八条最后一个数字，也是最扎心的一个。前面八条铁律，逻辑闭环、层层递进：10%止损控单笔风险、20日线管短期情绪、30%单票控仓位风险、45%胜率懂盈亏比、50%跌幅筛优质标的、60日线定趋势买卖、70%时间耐心等待、80%精力聚焦核心机会。但我可以负责任地告诉你：90%的散户一条都做不到。为什么？因为每一条都是反人性的。不止损是人性，喜欢扛。重仓单票赌运气是人性，嫌赚得少。追求高胜率是人性，不喜欢认错。频繁交易是人性，管不住手。股市里永远七亏二平一赚。那10%能赚钱的人，不是比另外90%更聪明，是比另外90%更自律。数字是死的，执行是活的这九个数字，从10到90，构成了一套完整、无漏洞、自洽的交易纪律体系。但数字本身不会帮你赚钱。帮你赚钱的，是你执行这些数字的力度。老孙把餐巾纸上的九个数字保存了八年。他说每次打开钱包看到它们，就想起2015年那个血淋淋的自己。现在他每次操作之前，都会在心里默念一遍：10止损了吗？20线看了吗？30仓位超了吗？60线在什么位置？九个问题问完，一半的冲动交易就过滤掉了。如果你未来三年不打算离开股市，请把这九个数字抄下来，放在你看盘的地方。每次操作之前看一遍。记住没用，做到才行。我是老陈，分享自己所知所学，以众生为镜，万相为师，提升自己境界的同时与各位散户朋友互相勉励！以上内容为作者个人投资心得分享，不构成任何投资建议。股市有风险，投资需谨慎。文中提及的技术分析方法和仓位管理策略仅供参考，投资者应根据自身情况独立判断，自负盈亏。
"
一年半的韭菜，准备销户告别这个市场了,116,65041,likeyou13,07-18 19:35,"去年开年入市，自认为还是很谨慎的，不买妖股，不追高，不翘地板，不买ST，有黑历史不买，有警示函的不买，所以没亏过，最多盈利50%，目前还有27%，但是有时候还是会连续犯错，人性使然，难以改变一有时间就看相关的书，看技术分析贴，看教程视频，疯狂的时候每天回来八九点搞到凌晨两三点，热门股，热门板块，划线看支撑看压力，选股，自己学编程写策略，写指标公式，钱也花了不少，买券商增值服务，买课，买调研报告等等，行情好的时候觉得自己啥都会了，行情一不好处处吃瘪，本质还是自己没那个能力，早点认清自己或许能多带走一点利润上月底清仓，6号觉得可以抄底了，亏了一个点，第二天开盘就出了，目前就亏了2个多点，心态从最开始的暗自庆幸躲过大跌，时时刻刻想抄底，到现在慢慢发现已经没有那个动力了，准确说是没心气了，这不是我能驾驭的东西，性格，心态，财力，能力水平都远远不够太多想吐槽的，这个市场太黑暗了，多的怕被和谐，算了，还是祝在里面的兄弟姐妹发财，没回本的早日回本，好好工作，好好生活最后说一下，凡是声明能带你回本，能带你赚钱的都不要信，世间套路千千万，股市占一半，已经很难了，不要错上加错
https://i11.hoopchina.com.cn/294b77c595ce401f4c2c4a63c003e95e_w_1224_h_2557_.jpg?x-oss-process=image/resize,w_800/format,webp
https://i3.hoopchina.com.cn/80607e38254bb3d838e2544d52a7d75e_w_1224_h_2584_.jpg?x-oss-process=image/resize,w_800/format,webp
https://i11.hoopchina.com.cn/294b77c595ce401f4c2c4a63c003e95e_w_1224_h_2557_.jpg?x-oss-process=image/resize,w_800/format,webp
https://i3.hoopchina.com.cn/80607e38254bb3d838e2544d52a7d75e_w_1224_h_2584_.jpg?x-oss-process=image/resize,w_800/format,webp"
动画电影《八仙》或能成功,3,907,广州西村大表哥,07-18 19:32,"看预告是挺有意思的一部电影，我家楼下电影院点映，找机会帮衬一下。这部影片或能成功，但票房肯定没有“我命由我不由天”那般强势。
"
有个逆天改命发大财的机会大家看可行不可行？,40,31473,燃气宝宝1983,07-18 19:20,"最近新股都是爆炒那么至尊新股长鑫科技上市当天找个低点卖房买进去是不是就可以财富自由了？大家说说看有没有这个可能？还是会想中石油一样套死一辈子？
"
No.291大宗商品期货复盘和计划2026-07-14周二,0,63,集运欧文,07-18 19:00,"📈 复盘和计划每周一至周四交易日的收盘，开展1小时左右的深度行情复盘和计划，支持随时回放观看。基于有效的交易体系，解析文华商品指数运行进程、主要商品板块及品种的技术形态，预判中短周期行情演变路径，挖掘高胜率交易机会，提升交易决策质量与实战绩效。⏰ 为维护倍增计划成员们的权益，我们的复盘音频是直播T+1日发布。⚠️ 特别风险提示：本内容后置发布，行情变化莫测，请勿将本内容视为当前或未来的投资建议。🎤 主播：集运欧文，倍增计划发起人，私募合伙人，十年国内大宗商品期货研究与投资，中短周期趋势及价差策略，最高6个月10倍，超300家私募和现货商交流。📈 ""欢迎加入倍增计划！""👥 倍增计划，是专注国内大宗商品期货研讨与交易的精英社区，2024年成立，助力成员高效决策。📱 主播微信：abowin🔍 公众号：倍增计划BullZone📧邮箱：contact@bullzone.cn...去小宇宙查看完整单集简介在小宇宙查看该单集文稿
"
今天大亏，我七月还是赚的,4,1847,NBA冠军中锋杨瀚森,07-18 18:46,"高位科技股真的不是普通散户能追的
https://i3.hoopchina.com.cn/ec3bf27154ab93774c3e16e9646429c2_w_1080_h_2376_.jpg?imageMogr2/format/webp/auto-orient?x-oss-process=image/resize,w_800/format,webp
https://i3.hoopchina.com.cn/ec3bf27154ab93774c3e16e9646429c2_w_1080_h_2376_.jpg?imageMogr2/format/webp/auto-orient?x-oss-process=image/resize,w_800/format,webp"
电池开整消费税了，是利空还是利好？,3,1274,三足鸟,07-18 18:39,"不过也不多，2％-4%
"
自己开个帖子记录一下埃斯顿,25,11799,木木顶呱呱,07-18 18:20,"最近机器人板块比较火，特斯拉又要出个人型机器人，拿了个中线股票，埃斯顿，目前盈利15个点，突破了26.3，后面看多，不知道能不能翻倍，也可能腰斩，不讨论，不荐股，单纯记录一下。
"
毫无节操可言,3,3663,雲隐浙北,07-18 17:56,"早盘还在说不知道今天这个低开会不会一步到位。也许一步到位，也许低开后还有个快速下探。结果都不是，上午一路阴跌+下午一个急跌。把人反复揉搓，有各种办法让你割，也确实放出了2500亿恐慌盘。反观老美倒是走出了我梦想中的开局可惜我炒的大a啊😂纳指目前相当于是一步到位470个点的大低开，直接给足向上反弹空间，从投资者角度看这么大的低开外加分时快速下探当然是看修复，所以能看到快速拉升。正常人即使割也是在拉升后割。同样都是市场，两边主力的节操高下立判。论吃相，全球主力谁排第一☝🏻？说回盘面，今天很容易让人联想到去年的4月7号的千股跌停，去年是因为美国发动贸易战，但是今天又有什么战？200多家跌停，5001家下跌，多杀出2500亿，没有什么战跌成这样真没地方说理。经历过的都记忆犹新，25年4月7日贸易战当天竞价即千股跌停，但是次日就开启一轮反弹。而今天下午开盘急跌后又出现一个现象:大资金入场拉升，当时可以看到大量跌停板被撬开。从盘后数据看，是由于多只宽基ETF放量带动的。创业板ETF易方达（159915）成交额达154.27亿元，科创50ETF华夏（588000）成交额达142.87亿元。下午这批大资金入场或许也是参考了去年贸易战“次日修复”较大的概率，才提前出手让指数收出下影线。是牛是熊周一会有定论。目前美股在走修复，如果继续保持到收盘对我们是助攻，下周一的开局我们也许就可以少吃一个下杀了。
https://i5.hoopchina.com.cn/0be7b5475a07795c3b6f28d926d971c6_w_8192_h_8192_.jpg?imageMogr2/format/webp/auto-orient?x-oss-process=image/resize,w_800/format,webp
https://i5.hoopchina.com.cn/0be7b5475a07795c3b6f28d926d971c6_w_8192_h_8192_.jpg?imageMogr2/format/webp/auto-orient?x-oss-process=image/resize,w_800/format,webp"
能空仓的空仓，一定远离高位科技！,91,55562,海边的宁静,07-18 17:42,"半导体都不要碰尤其特别列举散户最喜欢的半导体三大块pcb，存储，cpo下跌才刚刚开始！---今日个人鱼塘比较满意的就一个尾盘保持就试试看咯至于自己选的尽量避免半年内已经涨幅有过很多倍的然后要买就买有逆势走强迹象的
https://i11.hoopchina.com.cn/A001AA800CA133C0BD590E788971D6D1_w_2697_h_5850_.jpg?x-oss-process=image/resize,w_800/format,webp
https://i11.hoopchina.com.cn/6A224931AC7F77245BC27688090A0826_w_1179_h_2556_.png?x-oss-process=image/resize,w_800/format,webp
https://i5.hoopchina.com.cn/126E7249A3FDAD0384D3AA47A29A9672_w_1179_h_2556_.png?x-oss-process=image/resize,w_800/format,webp
https://i1.hoopchina.com.cn/CF48EB985877B3FF1472B05B1612180B_w_1179_h_2556_.png?x-oss-process=image/resize,w_800/format,webp
https://i11.hoopchina.com.cn/A001AA800CA133C0BD590E788971D6D1_w_2697_h_5850_.jpg?x-oss-process=image/resize,w_800/format,webp
https://i11.hoopchina.com.cn/6A224931AC7F77245BC27688090A0826_w_1179_h_2556_.png?x-oss-process=image/resize,w_800/format,webp
https://i5.hoopchina.com.cn/126E7249A3FDAD0384D3AA47A29A9672_w_1179_h_2556_.png?x-oss-process=image/resize,w_800/format,webp
https://i1.hoopchina.com.cn/CF48EB985877B3FF1472B05B1612180B_w_1179_h_2556_.png?x-oss-process=image/resize,w_800/format,webp"
浅谈一下这波全球半导体抛售潮,0,1150,虎扑JR1310490425,07-18 17:39,"大家都知道，这两年全球股市上涨都是AI算力半导体驱动的。在一年前，就有人警示AI泡沫。但是呢，AI产业链股票还是在一路上扬，直到今年6月底。那么，6月底到底发生了什么事呢？我认为有两个新闻事件对算力半导体产业打击特别大第一个是苹果宣布涨价。2026年6月25日：iPad、Mac等产品全球性涨价，原因是存储芯片成本因AI需求飙升。以前苹果等终端产品公司为了不影响产品的销售量，选择了自行消化存储芯片涨价带来的成本压力。现在终端不再硬扛了，而是选择把存储芯片涨价的成本直接转移给消费者。那么，消费者的消费意愿就有可能受到影响。反向传导，市场对存储芯片的需求，就有可能下降。第二个是Mate出租算力的新闻。这个消息在6月底就爆出来了，但真正发酵是在7月1日。这个消息比第一个对市场的冲击更猛。隔天7月2日，韩国股市就受此影响，直接熔断。之前囤积算力芯片的主力大户就是open AI和 met a等大公司。现在met a表示自己的算力很充足，还有闲余算力可供出租。这个问题就大了，市场马上怀疑算力是不是出现了过剩，那些大公司囤积的芯片是不是超量了？如果算力过剩被证实，那么那些算力芯片公司的估值自然要大打折扣。
"
这周jrs的收益率是多少,12,2650,寻找午夜太阳,07-18 17:37,"7月17日盘后：当所有人都在等WAIC救场的时候沪指失守3800，全市场超5000只个股下跌，唯一的好消息是成交量放出来了。中际旭创-12%，东山精密、兆易创新、生益科技、华天科技等龙头悉数跌停，连昨天还在涨停的创新药龙头昭衍新药今天都跌停了。虽然WAIC今天开幕了，然而当所有人都在等大会救场的时候，资金选择了在消息面上虚无缥缈的利好窗口集中出逃——毕竟这只是共识，不是利好。【板块点评】1. 半导体：已经不是调整了，是崩盘。兆易创新连续第三天跌停，澜起科技-13，北方华创-3.67（在今天的盘面里居然算抗跌了）。但这里有一个反常的信号值得注意：长电科技今天居然涨了。在连续两天跌停之后，今天盘中最低77.71，然后被资金硬生生拉回到85.49收红。这种走势在暴跌日里极其罕见——说明有人在别人恐慌的时候开始捡筹码了。半导体设备国产替代的长期逻辑没有变，但短期的筹码出清可能还需要一个过程。2. 光通信/PCB：今天早盘已经释放了不安的信号。中际旭创开盘就快速砸到-11以下，此后一直低位震荡，全天成交564.9亿。这个数字是什么概念，比很多板块全天的成交额都大。作为光模块风向标，旭创的走低对整个科技情绪的打击是毁灭性的——东山精密昨天还在逆势上涨，今天直接跌停，说明在系统性杀跌面前，有业绩也不能幸免。PCB和光模块方向此前一直有业绩支撑，但当市场进入恐慌模式，业绩好只是让你跌得比别人晚一点，并不能让你不跌。不过反过来想——当有业绩的龙头标的也被砸到跌停的时候，往往就是情绪见底的信号之一。3. 券商：今天券商板块跌了，但跌幅远小于科技。上半年成交量维持高位对券商经纪业务是确定性利好，不过在今天的恐慌市中，券商只有上午干活了，下午并没有像以往那样出来护盘。反过来想想，券商不护盘也意味着——可能需要一次彻底的不护盘的杀跌了4. 创新药：昨天还在开party，今天就跟着一起挨锤了。昭衍新药摁在跌停，底部疯涨的博瑞医药也从高位回落。这说明今天的杀跌已经不是板块轮动的问题了，而是系统性的流动性危机——当所有方向都在跌的时候，资金不分好坏一起卖。但创新药的基本面（上半年对外授权1100亿美元、38个1类创新药获批）并没有变化，这种被情绪裹挟的下跌，后面会是修复较快的方向。5. AI应用/传媒：WAIC开幕日，AI应用端本该是最受益的方向，但今天也被大盘拖下水了。智度股份走出3连板算是少数亮点，但更多AI概念股跟着科技板块一起调整。这说明在当前的市场环境下，题材和概念已经不管用了，资金只看一个东西——你什么时候能兑现利润。WAIC上的新产品和新技术长期来看对AI应用端是利好，但短期市场没有心情去消化这些远期故事。【个股点评】1. 中际旭创：从1200到979，一周跌了近20%。564亿的成交意味着什么？意味着有大量的筹码在这个位置进行了交换。旭创的基本面——800G放量、1.6T产品完成验证、海外长单锁定——这些都没有变化。但在恐慌市中，基本面好的票只是让你跌得比别人少一点、修复得比别人快一点。今天这个跌停板上的564亿成交，某种程度上可以理解为恐慌盘的集中释放。历史上旭创每次大幅回调之后都创了新高，问题是这次需要多久来消化。2. 长电科技：今天全市场最值得品味的个股。在连续两天跌停之后，今天盘中最低又杀到77.71（从高点算已经跌了25%），然后下午反弹的那波被资金一路拉红。这种走势在暴跌日里只有一个解释——有体量不小的资金在恐慌中开始建仓了。先进封装的供需缺口延续到2027年，台积电涨价传导到封测环节，这些逻辑在连续跌停中并没有被证伪。当然，技术面已经严重破位，短期反弹之后可能还有反复，但77-78这个区间如果后续能被验证为底部，那今天的走势就是一个重要的信号。3. 东山精密：昨天还在逆势涨2.4%被当作科技股的避风港，今天直接补跌。但东山的独特性在于PCB+光模块+光芯片三重逻辑叠加，尤其未来光芯片的需求已经是明牌。在科技板块内部，东山的修复大概率会排在前列——因为资金在恐慌过后首先会回到有确定性的标的上。4. 德明利：连续第三天一字跌停，依然几乎没有换手。讽刺的是，在今天的普跌下竟然成了某种意义上的避风港，你看人家有业绩的江波龙都跌12个点呢。不过德子也相对简单，开板放量换手之后大概还有一跌，那时候才是真正的底部信号。5. 华天科技：也是跌停，但换手率高达15.97%。这个换手率在跌停板里是非常高的，说明虽然封死了跌停，但盘中有大量的筹码在交换。华天在先进封装方向的布局在最近的叙事中受青睐一些，未来昇腾链拉升的时候大概还是会有声音的。华天的优势在于，高换手跌停通常意味着恐慌盘在集中释放，后续开板修复的速度大概率比一字跌停无换手的票更快。6. 贵州茅台：在这样的日子里，茅台只跌了不到半个点，下午果然是经典护盘，还一度拉红。昨天白酒板块还在政策催化下集体走强，今天虽然也跟着调整，但跌幅远小于科技方向。这再次印证了一个规律：在市场恐慌的时候，低估值+高股息的消费龙头就是资金的短期避风港——然而这总是一体两面的，避风港的职能结束之后，我们都清楚会发生什么。【周一观察】中际旭创，北方华创，恒瑞医药，铜冠铜箔，浪潮信息，长飞光纤光缆（H）创业板-7.15%，这个数字放在A股历史上都是排得上号的单日跌幅。上一次创业板跌这么多，还是在2025年4月那波关税战危机里。但回头看看那一次之后发生了什么？对，就是这轮科技牛市真正意义上的开始。
"
如果方向是对的， 那你能坚持多久？,36,15772,processko,07-18 17:21,"其实市场的逻辑从来都很简单，方向是对的，但你又能在这种涨涨跌跌中拿多久。 就像，茅台在100的时候说会到1000，旭创在100的时候说会万亿，宁德在千亿的时候说会到万亿。你又能拿多久。 买入的逻辑是什么，那卖出的逻辑又什么？难道你的产业逻辑都是朝令夕改吗?难道你当天下单的生产设备，明天就全部关掉停产吗？
"
我想知道为什么同为科技反弹走势差异也这么大,24,18702,等一个誓言吧,07-18 17:03,"最惨的莫过于玻璃基板了吧一点反弹都没有，上周四反弹完直接a杀到今天再惨一点是芯片和cpo稍微好一点是PCB最好的应该是国产芯片，回撤少，虽然前几天见顶了。我想知道这是为什么？为什么同样是科技，表现差异却这么大？
"
事到如今,4,903,processko,07-18 17:01,"贪了
"
家人们我清仓销户了,14,15372,十方元年,07-18 16:43,"最高亏损32点 回本我也就销户了 这市场不是人玩的 全是量化反复收割 经历了昨天的商业航天和今天的科技算是看透了 玩不过他们
https://i10.hoopchina.com.cn/F22E18489C94816667B0861D81D51C0F_w_1320_h_2868_.png?x-oss-process=image/resize,w_800/format,webp
https://i10.hoopchina.com.cn/F22E18489C94816667B0861D81D51C0F_w_1320_h_2868_.png?x-oss-process=image/resize,w_800/format,webp"
全仓硬抗到今天的怎么劝慰自己呢？,39,8044,3L33,07-18 16:41,"始终抱有希望，但是今天彻底失望了。不让自己想股票，但是一直在讨伐自己。迷茫，沮丧，自我怀疑。这种感觉真是糟透了
"
麻了，我妈把她5年没打开过的账户给我，结果……,156,531458,孙笑川高龄的奶奶,07-18 16:40,"21年她朋友女儿工作帮忙凑业绩开的户买的基金，后来再也没打开过。端午节二老过来看到我在看k线问我是否投资，问我收益如何，然后让我帮她回本21年最高点买的消费。24年上半年最惨的时候收益已经腰斩，这轮牛市回本了10%开个帖子记录一下我的回本之路。
https://i11.hoopchina.com.cn/4DDDE278568C307F211237A1CEEDF232_w_1290_h_2796_.png?x-oss-process=image/resize,w_800/format,webp
https://i5.hoopchina.com.cn/7C929F0E45070D7B3D0945A41D82005F_w_1290_h_2796_.png?x-oss-process=image/resize,w_800/format,webp
https://i11.hoopchina.com.cn/4DDDE278568C307F211237A1CEEDF232_w_1290_h_2796_.png?x-oss-process=image/resize,w_800/format,webp
https://i5.hoopchina.com.cn/7C929F0E45070D7B3D0945A41D82005F_w_1290_h_2796_.png?x-oss-process=image/resize,w_800/format,webp"
哥，我服了！,12,6541,豫章东方红大道,07-18 16:31,"
https://i5.hoopchina.com.cn/473c57f99229671772945fe69c532193_w_1080_h_2504_.jpg?imageMogr2/format/webp/auto-orient?x-oss-process=image/resize,w_800/format,webp
https://i3.hoopchina.com.cn/4f5fcecfe2a8e99c4695c2323a759b6f_w_1080_h_2504_.jpg?imageMogr2/format/webp/auto-orient?x-oss-process=image/resize,w_800/format,webp
https://i5.hoopchina.com.cn/473c57f99229671772945fe69c532193_w_1080_h_2504_.jpg?imageMogr2/format/webp/auto-orient?x-oss-process=image/resize,w_800/format,webp
https://i3.hoopchina.com.cn/4f5fcecfe2a8e99c4695c2323a759b6f_w_1080_h_2504_.jpg?imageMogr2/format/webp/auto-orient?x-oss-process=image/resize,w_800/format,webp"
今年还能红的人能不能被称为股神,43,8741,一休的哥,07-18 16:25,"今年还能红的人能不能被称为股神
"
我感觉SPACEX会坑不少人,127,89896,虎扑JR1978175726,07-18 16:20,"巴菲特说过别人贪婪我恐惧在股市里散户都知道的好事，那就不是好事
"
炒股10年，我的几条滴血经验，都是干货，不看后悔一辈子,1,1763,易山居士,07-18 16:10,"机遇总是有的，如果把握不住，不要怨天忧人，只因自己不够优秀；不要把时间当垃圾处理，唯有珍惜光阴，才能提升生命的质量；两点之间未必直线最短，有时迂回曲折能够更快地抵达终点；如果错了，那就停止，如果得不到，那就放弃；赶路并非越快越好，把握正确的方向最重要。不管什么时候，什么方法，什么敌人，什么情况，我认为都应该学会变通，变通的是方针策略，不变的是理念。我们要根据不同情况制定相应的对策，毕竟炒股有时候如逆水行舟不进则退，巴老那么厉害他也在不断总结应变。正所谓兵无常势水无常形，能因敌变化而致胜者，谓之神！同时提醒活学活用是很关键的！老子说：水利万物而不争，故上善如水！曲则全，枉则直，洼则盈，敝则新，少则多，多则惑。意思：委曲反而能保全，弯曲反而能伸直，低洼反而能充盈，破旧反而能生新，少取反而能多得，贪多反而会迷惑。秘典 ：洗盘和出货，看缩量还是放量就够了新手最分不清 “洗盘” 和 “出货”，经常把洗盘当出货割肉，把出货当洗盘站岗。我总结了 15 年经验：洗盘必缩量，出货必放量，记住这 6 个字，就能避开 80% 的坑。对比案例：洗盘（缩量）：2024 年某光伏股，从 80 元跌到 76 元，成交量从 8 亿降到 3 亿（缩量），我没卖，后来涨到 98 元 —— 洗盘是主力 “吓散户”，不想让太多人拿筹码，所以不放量；出货（放量）：2023 年某新能源股，从 120 元跌到 110 元，成交量从 10 亿涨到 20 亿（放量），我卖了，后来跌到 60 元 —— 出货是主力 “跑”，要把筹码卖给散户，所以放量。判断步骤：看股价跌时的成交量：跌 5% 以内，成交量比前一天少 50% 以上（缩量）→ 洗盘；跌 5% 以上，成交量比前一天多 50% 以上（放量）→ 出货；例外：大盘狂跌时，好股也可能放量跌，但跌后 2 天内会缩量反弹（比如 2023 年 10 月的消费龙头）。秘典 ：成交量是 “核心密码”，3 个信号定买卖我炒股前 5 年只看 k线，亏了很多钱；后来才明白：成交量是股票的 “心跳”，能告诉你主力在干嘛。记住 3 个信号，买卖不用愁：低位地量→关注：股价跌了 30% 以上，日成交量降到历史最低（比如某科技股从 100 元跌到 60 元，成交量从 20 亿降到 2 亿），说明没人卖了，可以关注；低位放量→介入：地量后，成交量突然放大 3 倍以上（从 2 亿到 6 亿），股价涨 5% 以上，说明主力开始买了，可以介入；高位放量→离场：股价涨了 50% 以上，成交量大 3 倍以上（从 5 亿到 15 亿），股价不涨或跌，说明主力开始卖了，必须离场。案例：2024 年某 AI 股：3 月：跌到 60 元，成交量 2 亿（地量）→ 关注；4 月：成交量 6 亿，股价涨到 66 元（放量涨）→ 介入；7 月：涨到 108 元，成交量 18 亿，股价跌 3%（高位放量跌）→ 离场；最后赚了 80%，完美避开回调。秘典 ：重大利好高开，当天 “高开高放”，别等“利好出尽是利空”，这句话我验证了 10 次，每次都对。比如 2023 年某公司出 “净利润增长 200%” 的利好，当天高开 8%，很多人觉得 “还能涨”，结果收盘跌了 5%，套了一批人 —— 重大利好当天，尤其是高开 5% 以上，最好的操作是 “高开高卖”，别等第二天。核心原因：利好消息出来前，主力可能已经提前买了（比如知道业绩好），利好兑现时就是他们卖的时候；散户看到利好追进去，正好接盘。数据统计：重大利好高开 5% 以上的股票，当天收跌的概率达 65%，第二天跌的概率达 70%。操作技巧：利好当天 9:25 看开票价，高开 5% 以上，9:30 开盘后如果不涨停，就卖 50%；如果涨停，第二天开盘不涨停，就全卖；例外：如果利好是 “长期政策”（如国家提新能源发展），且股价没怎么涨（涨了 10% 以内），可以留 30% 仓位。目前带我的粉丝都是在80%的稳健策略，近期也是连续带把握到更多的市场强势连板机会，当下结合7月的行情精选出一只强势上涨的机会！ 目前大盘延续做强者恒强的板块，机会是非常多的，市场接下来可以及时的把握中短期的机会，主力资金净流入，底部启动信号明显，踩中多热点板块，基本面+业绩面都是良好的，7月启动即将开始，感兴趣的关注我的 公 纵 昊按照提示来把握7月翻倍连板机会！想把握节奏的朋友来公 纵 昊：易 山 居 士，回复：节奏，就好了以下是我的经验分享1、我入市三年后，发现我比一般股民表现四大突出的优点：刻苦，认真，钻研，求异。相信我能有实现跨进赢家大门槛的能力。2、操作中，要不断地发现自我，改变自我，挑战自我，战胜自我。校正自己，永远比研究市场更重要！3、我炒股五年后才发现，十年后才证实了炒股赚钱的指路明灯——天道酬勤。我每天在重复只做一件最简单而又最单调复杂的事情，即枯燥又无味，即寂寞无聊！只要能够坚持再坚持，忍耐再忍耐，在忍无可忍的时候，有再忍下去的毅力，始终如一不断地观察坚持记录，一天也不能遗漏，然后通过不断地归纳总结筛选，积累沉淀一定会有我意想不到的惊喜！4、我炒股十年后，终于诞生了我的炒股总方针：追求稳定，长久，持续地获利。5、我知道的炒股知识并不少，我在发问自己：真正做到的又有多少？能够做好的又有多少？最后要问独树一帜的你有吗？十多年后的当时我肯定地说，有！可能是独一无二，我坚信！我坚持！6、我炒股赚钱的工具——我的。7、信号第一，铁的纪律。不受个人的情绪影响。它是从由战胜市场转变为顺应市场，由主动性交易转变为被动性交易，操作主要考虑在“应变”而不是在“预测”上。8、抓住试盘，守株待兔。在常人看来这是愚蠢和原始的，但是真正让我炒股能够稳定，长久，持续地赚到钱的功夫还真是“坐功”。守株待兔关键是选择在哪些树下可以耐心等待，可能这个选择是几年来的心血结晶，心法相同技法却不同。9、不听忽悠，眼见为实。我能要到手的铜，不要隔山的金子。10、专家的话是两头堵，总是说如果……那么就会是……，一旦说对了就会炫耀自己看的多么准！一旦说错了他们就会说，我说过如果……那么……，现在是如果的条件没有满足，所以没有走出预想的行情是对的。我说，要是听专家的话炒股，想成为赢家我觉得简直是梦想。11、我看图是打开图形向左看，先看月线再看周线，压缩图形看趋势，看方向不重价。12、强势时不看阻力，弱势时不看支撑。13、顺势加码要持股！逆势斩仓要离场！14、我无意中发现当我赚到钱的一个规律，要想赚到钱，“必须要敢”。我一般是在底部看好一只股票基本上就重仓，如果不是，顺势加码持股也就逐步达到重仓了。这样，一拨行情下来赚个20%——40%很容易。但是，过去是见到大盘上涨明朗后才开始敢大买，而涨了点就卖，大盘继续涨，就在热点板块跳来蹦去频繁地买卖赚点差价操作忙个不休，或者手中分散几只，这样到最后一般是赚了指数不赚钱。应该是在底部区域看准机会，必须重仓，敢于重仓这是改变自己的收益的关键问题。这就是看对时要有赚大钱的豪情，看错时要有及时的果断。15、自从我有了选股“本事”之后，我是坚决果断地把鸡蛋就敢放在一个筐里。要是不敢放?!说明我还没有能力找到一个结实的铁筐，也可以说还没有能力走上赢家的路。所以我就每天看管好这一筐鸡蛋就行了，我一赢就赢个盆满钵盈，我一见要输马上干净利落不用几秒钟就能逃个精光。以上内容仅供学习交流，不构成投资建议，不作为投资决策的依据。股市有风险，投资需谨慎！
"
周五恐慌放量了，底部就在眼前,0,1131,震雷子,07-18 16:06,"哀鸿遍野反而是好机会。
"
心魔 心态 客观,1,726,题材投机P大,07-18 16:04,"昨天发qnmlgb一个是对资金的不争气，跪基因仿佛散步在各个角落。另一个是对自己的绝望，再一层是把自己当对手盘的一种思想。选票是真的没有问题，问题在哪里，问题在退休潮的执念，我几次大亏都是退潮期的执念，觉得票子能穿越，能穿越牛熊，实际上有多少票子能做到这样，有多少人能做到这样呢？蝴蝶飞不过沧海，谁又忍心责怪？执念太深是错误的，错误的时机错误的执念更是大错特错。如果把上证指数当做个股，下跌趋势去硬抗个股肯定不对，杀入点就在起爆那一刻。我觉得昨天下午已经是恐慌买点了，结果今天早上继续杀，那就再试一次。前两天文章写到抗跌票补跌的问题，事实上认知绝对没问题，前两天抗跌的票又是补跌，直到昨天的票子到今天的票子没有了补跌迹象，方才进入修复，而选票还是要是市场主流，大跌日抗跌才能在修复日表现，你不披荆斩棘，怎么做功勋!而这种极致的弹簧效应，压制到最低点，很容易暴力反弹，但暴力反弹到高潮，还是先把能收的利润，能回的本先回，再观察!再而衰，三而竭。而反弹也是力度高到低，情绪不会那么快转向，因为悲观时间太久了。交易最终还是自己战胜自己，认知到了，行动能否跟随，每一次回撤都是找寻自己缺点的过程。。执念莫过深。。。。。
"
一成仓很久了，下周该分批进场了，除非国家意志失效以及外围系统性风险。,4,2498,再也不做科韵路首席了,07-18 16:02,"
"
炒股的秘诀,32,58426,中场大师凯塞多,07-18 15:53,"1.重道别重术，克制贪欲，记得下桌。2.炒股的本质是投资，投资本质是做生意，做生意的第一要义是现金流。说来简单，99%的JRs根本不会懂...
https://i3.hoopchina.com.cn/5CFAFF4970EA0B8F84D7F9A8D9EFC8E3_w_1206_h_498_.jpg?x-oss-process=image/resize,w_800/format,webp
https://i3.hoopchina.com.cn/5CFAFF4970EA0B8F84D7F9A8D9EFC8E3_w_1206_h_498_.jpg?x-oss-process=image/resize,w_800/format,webp"
2026盖楼帖,6,1025,人不发呆就不会呆可我不,07-18 15:39,"今天突然发现带我股市入门的良师益友在虎扑销户了，有种感慨的感觉，也有种一直在背后支撑自己的朋友消失了的感觉，最大的遗憾就是没机会再回头去翻翻他的帖子了，哪怕不再直接交流，但是每次从头浏览他对市场的理解，我都收益良多，虽然已经告过一次别，但是还是再次祝愿果大身体健康，生活平安幸福，祝在果大楼里一起交流过的朋友也一样。在今天这样市场大跌的日子里，既然没有人再不求回报地扶自己一把了，那就该自己努力跑起来，这是我写这个帖子的心理动因之一。我入市的时间不长，经验也不多，对市场的认知和交易系统的培养都是在和各位朋友的交流中慢慢走出来我自己的路，希望这是一条能走下去的路。我是比较纯粹的技术派，技术指标主要看的macd，成交量，均线指标我用的是ema均线，当然我也会关注市场上那些重大有影响力的事件，会留意一下情绪和消息面，不过基本上还是从技术指标的角度看待这个市场，我在这个市场上唯一称得上信赖的东西就是量价关系。有很多朋友会怀疑技术指标的价值，但我想说的是，基本面也好、技术面也好、情绪面消息面也罢，这都只是不同的观察市场的角度而已，但我们观察的都是同一个市场，然后从市场这个森罗万象里提炼出能适用于自己系统的东西，所以没有好不好，只有适不适合自己。在我的认知里，这个市场始终要遵循基本的筹码逻辑，雁过留痕，技术指标的背后都是多空博弈以后的结果，能让我管中窥豹、揣摩这个市场后续可能的动向，但是预期都只是预期，还需市场验证，这就是复盘的价值。进入正题：目前我对大盘的思考主要是两个问题：一、这个牛市是月k级别的还是季k级别的？这个问题直接决定了牛市的长度和高度，目前为止大A的历次牛市都是月k级别的，主力在两三年的时间周期里将各个板块都做一遍利润，拉高通胀把经济带起来。历史总是周而复始又螺旋上升，历经几十年的变迁，大A目前的市场规模和流动性规模已不可同日而语，如果主力确实希望在这次打造一个长牛慢牛，走出季k级别的行情规模就是可能实现的，这是宏观层面的简单猜测。核心思路之一是目前的双创形态，这次牛市的板块总龙是双创应该没有疑问，从季k的形态和量价配合上看，就是三段季k量价齐升夹杂着锻造箱体、打造阶段性平台的过程，从这个视角来看就是一个稳步抬升的过程，月kmacd是自然的连续新高。但是不管是因为主力的主动控制，还是市场目前的规模就到这里，受限于流动性的规模，这种大容量的弹性板块要走出这种强度拉升，不可避免的在加速阶段要虹吸其他板块的流动性，毕竟这个盆就那么大，你乘多点水我就只能少喝点了，所以主板里的其他容量板块，也就是大家调侃的老登，包括医药、消费等等板块走出了季k级别的调整，在很长一段时间里跌跌不休，无人光顾。大家把不同板块的季k叠起来看，就会发现去年同步箱体震荡以后，双创季k的加速拉升明显对应着老登的季k调整。核心思路之二，就是目前北证、券商、恒科为代表的一批板块，这里暂时不提它们的个性，共性上看，这些板块在去年做出了月k级别的顶部结构，按理说月k级别顶部结构的确立基本对应着这轮牛市的终结，实际上看从月k铸顶开始就是标准夹角打开放量调整，但我想直到这个月以前，大家对牛市结束的论调应该普遍持反对态度，最重要的一点就是流动性规模，3we的量就不是熊市能有的。另一个原因，也是因为这些板块随着月k级别的调整，带来了下踩季k级别的支撑，并且在季k级别的大周期支撑位上有效止跌，小周期也做出标准的日k、周k结构，说明下跌动能大大衰减。如果后续市场能成功地推进高低切，这些历经季k级别调整的板块也走出季k级别的主升，那这个观点就得到了验证。市场将在不同板块的季k上升阶段中走出长牛。说回宏观的角度，主力做牛市的核心目的之一就是为了复苏经济、刺激消费，走到现在还有一大堆板块还嗷嗷待哺呢，没有偏心的道理。不过当前市场上大部分板块的月k形态都很不理想了，就算后面牛市要继续，包括指数在内的很多板块估计也要经历一段时间的整理。还有另一个预期，就是这个牛市确实还是只有月k级别的高度，资金在一批板块上赚够了就结账撤离，月k死叉放量大跌，牛市画上终点。到底是哪种只能随着行情的发展逐步揭晓了。二、这个牛市会以什么样的方式收尾。年初汪汪队把货抛给机构以后，我就一直在思考一个问题，这个牛市到底是会像15年一样，在极尽升华中大资金一口气把货全倒完，放量涨放量跌不做多重顶。还是像21年那样反复地打造月k缩量顶，一浪一浪冲击新高中轮动出货？亦或者是一次冲高以后，在往下几百点大箱体里反复震荡，直到把做多的动能消耗殆尽。从目前上证的周k、月k来看，现在已经有走后两种形态的苗头了。不过基于第一个问题的思考，我暂且还是愿意相信希望的。短线的预期上，上证下踩大箱体底部，指数在今天盘中回踩到月k、季k级别共振的均线支撑，月k是下探到21ema，季k是8ema附近，指数30min往上的周期到普遍是夹角打开放量杀跌，如果理想的话应该是下周回来见反弹，今天放量杀跌完很多板块短期的担子要轻一些了，然后在多空的反复拉扯中震荡驻底，从狂风暴雨到一潭死水，然后迎来反转。当然，前提是这波杀跌没把牛噶了。目前我拿上证举例子，这个非常失真，基本只能当天气预报，不过也总比没有强，实际上还是围绕各自在做的板块，关注板块自身的发展、宏观的预期以及和市场整体的联动情况。当然还有很多对市场的理解和经验上的东西我还很浅薄，绝不敢自以为人师，权当交流。然后是实际操作上，肯定要回避掉形态不好有待整理的高位板块，不过我这人经常手痒，有时候喜欢拿小仓位在下降趋势里博反弹接飞刀，我也安慰自己不体会过怎么知道其中的凶险呢？但是这肯定是个坏例子就是了。我顺便贴一个实盘，增加点实践性质的说服力，不过体量很小，只有2w，比不得高手，而且这个阶段我只做etf，不做个股，拒绝一切荐股、拉群、卖课的行为，只交流。这个季度我主要的目标就是医药、消费、恒科以及其他在季k经过充分整理的板块，医药是上个月底开始参与，这两天虽然有日k的顶部结构雏形，但是我理解上这至少是个周k级别的主升，不太想下仓位，结果回撤了不少，但是这个回撤算是我系统内可以接受的风险，这段拉升算上前面的一次清仓，这个板块我做了二十个点的利润垫，还扛得住。消费目前的周k形态我还不满意，感觉差个缩量底，恒科一直在做成本。短线上月初的时候参与一下科创做次顶的收益，结果这两天看科创回踩日k55ema支撑，想着小仓位做做小周期的反弹，结果今天给我套了，服了。主要是没想到低位板块短期顶部和高位板块的恐慌杀跌共振有这么大的杀伤力，今天这个打挨得还算值得，下次吸取教训。因为我平常还有其他工作，所以尽量维持日更。
https://i3.hoopchina.com.cn/F81D1349196405B93EE218AC760B187F_w_1320_h_2868_.png?x-oss-process=image/resize,w_800/format,webp
https://i10.hoopchina.com.cn/EFEDF72730809A1E270BDA65D443A6D2_w_1320_h_2868_.png?x-oss-process=image/resize,w_800/format,webp
https://i3.hoopchina.com.cn/F81D1349196405B93EE218AC760B187F_w_1320_h_2868_.png?x-oss-process=image/resize,w_800/format,webp
https://i10.hoopchina.com.cn/EFEDF72730809A1E270BDA65D443A6D2_w_1320_h_2868_.png?x-oss-process=image/resize,w_800/format,webp"
创业板已经3400点了，再跌到2800点就准备入场了,1,1042,阿克伦的王权,07-18 15:23,"年内为数不多的黄金坑
"
炒股就是捡钱,34,15243,进攻大师东77,07-18 15:17,"老标题党了，jr们纯纯小白，想问下你们炒股都是怎么学习，把资金盈利变得稳定的。需要看书吗，最近几个月尝到了甜头，觉得都是运气，长期肯定不行。求大神给点建议
https://i1.hoopchina.com.cn/c1ccb5d79bfb30ff7f794aa8d153e059_w_1200_h_1000_.jpg?imageMogr2/format/webp/auto-orient?x-oss-process=image/resize,w_800/format,webp
https://i1.hoopchina.com.cn/c1ccb5d79bfb30ff7f794aa8d153e059_w_1200_h_1000_.jpg?imageMogr2/format/webp/auto-orient?x-oss-process=image/resize,w_800/format,webp"
科技前面赚了三五倍，跌50%也没感觉吧？,25,14508,广州西村大表哥,07-18 15:16,"一点都不需要为科技的朋友们担心，唯一的问题是如何狠狠地抄底，将来赚到钱要去哪里玩。
"
No.290大宗商品期货复盘和计划2026-07-13周一,0,53,集运欧文,07-18 15:01,"📈 复盘和计划每周一至周四交易日的收盘，开展1小时左右的深度行情复盘和计划，支持随时回放观看。基于有效的交易体系，解析文华商品指数运行进程、主要商品板块及品种的技术形态，预判中短周期行情演变路径，挖掘高胜率交易机会，提升交易决策质量与实战绩效。⏰ 为维护倍增计划成员们的权益，我们的复盘音频是直播T+1日发布。⚠️ 特别风险提示：本内容后置发布，行情变化莫测，请勿将本内容视为当前或未来的投资建议。🎤 主播：集运欧文，倍增计划发起人，私募合伙人，十年国内大宗商品期货研究与投资，中短周期趋势及价差策略，最高6个月10倍，超300家私募和现货商交流。📈 ""欢迎加入倍增计划！""👥 倍增计划，是专注国内大宗商品期货研讨与交易的精英社区，2024年成立，助力成员高效决策。📱 主播微信：abowin🔍 公众号：倍增计划BullZone📧邮箱：contact@bullzone.cn...去小宇宙查看完整单集简介在小宇宙查看该单集文稿
"
大家觉得今年兆易还有没有机会冲击千元？,6,2962,三足鸟,07-18 14:47,"
"
板块轮动，打不过就加入，电力我来啦,8,2959,wangleiiyjh,07-18 14:33,"
"
分享几点最近休息中思考的东西---南昌炒股神经刀,2,238,cml102911,07-18 14:26,"技术貌似是错的，技术有用么，肯定有用，但比较好用的就是趋势，这点只针对选股，沉迷所谓的技术就是入魔的开始，看似理论一大堆，但操作稀烂，越是有用的东西往往越是废话，涨多了就跌，跌多了就涨，听着是不是废话，但实际上这才是真理，不过这点对大盘更有效，大盘环境的好坏决定了个股环境，换句话说，在大环境好的时候多操作，大盘不好的时候少操作，承认自己的平庸，不要想着胜天半子，每一轮大盘的反弹行情对应着个股的一波行情。
"
说点心里话，炒股是一件非常难的事情,10,5695,金陵琅琊中路江左梅郎,07-18 14:21,"哈药一战算是结束了还是那句话炒股是一件非常难的事情市场节点+题材方向+个股地位三者缺一不可今天搞了点华电辽能玛德，又干杂毛了
https://i1.hoopchina.com.cn/a52109678c4afa68dac3b36d273ea723_w_1224_h_1569_.jpg?imageMogr2/format/webp/auto-orient?x-oss-process=image/resize,w_800/format,webp
https://i1.hoopchina.com.cn/d6bdfbeb5d74f9b5624c22d231531f00_w_1224_h_2158_.jpg?imageMogr2/format/webp/auto-orient?x-oss-process=image/resize,w_800/format,webp
https://i1.hoopchina.com.cn/a52109678c4afa68dac3b36d273ea723_w_1224_h_1569_.jpg?imageMogr2/format/webp/auto-orient?x-oss-process=image/resize,w_800/format,webp
https://i1.hoopchina.com.cn/d6bdfbeb5d74f9b5624c22d231531f00_w_1224_h_2158_.jpg?imageMogr2/format/webp/auto-orient?x-oss-process=image/resize,w_800/format,webp"
长鑫申购，运气不错。,4,1401,大A股金融消费者,07-18 14:19,"27个号就中了一个签，原本都不抱什么期望了，能赚个1万吗？
https://i1.hoopchina.com.cn/37cebf5fb6710cd47e559e2f3e7aa67d_w_1080_h_1052_.jpg?x-oss-process=image/resize,w_800/format,webp
https://i1.hoopchina.com.cn/37cebf5fb6710cd47e559e2f3e7aa67d_w_1080_h_1052_.jpg?x-oss-process=image/resize,w_800/format,webp"
中签了！jrs  长鑫科技500股到手！,4,5412,球王点帅,07-18 14:18,"
https://i3.hoopchina.com.cn/94a40e9e6bff4e7a4d7c454c87c065f3_w_1080_h_2400_.jpg?imageMogr2/format/webp/auto-orient?x-oss-process=image/resize,w_800/format,webp
https://i3.hoopchina.com.cn/94a40e9e6bff4e7a4d7c454c87c065f3_w_1080_h_2400_.jpg?imageMogr2/format/webp/auto-orient?x-oss-process=image/resize,w_800/format,webp"
涨的我拿不住了怎么办,83,106687,想得开拿得住,07-18 14:00,"有没有同车的，还能拿吗，科技是不是要退潮了啊？
https://i5.hoopchina.com.cn/B3B2429379EFBF581F834ED64607981D_w_1206_h_2622_.jpg?x-oss-process=image/resize,w_800/format,webp
https://i5.hoopchina.com.cn/B3B2429379EFBF581F834ED64607981D_w_1206_h_2622_.jpg?x-oss-process=image/resize,w_800/format,webp"
袁友江： 7.18黄金行情走势分析及下周行情预测 ,0,107,虎扑JR0847109993,07-18 13:46,"
"
打满！,13,4177,大A空虚公子,07-18 13:30,"这种时候就别管什么板块了，打满就行了，下周无非就是修复多和修复少的问题而已了，吃完记得把仓位再腾挪出来就行了
https://i11.hoopchina.com.cn/653c832b094e344a5476bd97494dee2a_w_1264_h_1488_.jpg?imageMogr2/format/webp/auto-orient?x-oss-process=image/resize,w_800/format,webp
https://i11.hoopchina.com.cn/653c832b094e344a5476bd97494dee2a_w_1264_h_1488_.jpg?imageMogr2/format/webp/auto-orient?x-oss-process=image/resize,w_800/format,webp"
写给刚入市的股民：稳住心态，才能长期盈利,0,1145,观市不眠晓,07-18 13:29,"太多新手投资者想参与投资，想让自己的财富增值，非常想学习股票投资，但是不知道怎么去学所以我把所有炒股需要用到入门知识都按照顺序写到一起，让大家以后都不用再去东拼西凑的学习各种零散的知识点本篇文章不同于市面上大部分文章，不会说什么一夜暴富的神话、没有莫名其妙的财富代码和不切实际的小道消息，本文记录的就是最真实的股市现状，最实在的股票教学，本文也将颠覆很多人对股市的认知.聊一点大家在网上普遍遇见的股市难题我们现在通过各种网络渠道，炒股软件总能看见什么一招学炒股，什么一个名字很厉害的炒股指标，一个什么必涨的形态，一个什么无敌的指标、但你一开始用起来可能有一点点用，但会发现经常失效，这是因为在任何不综合考虑市场和股票的前提下讲的任何技术，数据，形态都是没有保障的！这个数据好用，这个技术好用，这个指标好用都是要用对时间，用对股票，用对市场的！炒股是投资，投资是赚钱，不是亏钱、这是一个严谨的事情，不是什么一招两招就可以真正一直赚钱的、不相信的可以去试着按照网络上流传的来操作看看，你亏了就知道我的苦口婆心了、所以大家不要想着急功近利，不要去相信网上的什么绝招，你没有基本功绝对用不了！金融市场水深鱼多，人家什么老师就是抓住了你这个想暴富又懒的心理所以骗你很容易！牛市的时候随便蒙一个都涨，你还以为是老师教的好！叫你去追涨停板，第二天怎么也有一点点涨幅，你肯定因为老师真厉害！还有个别搞笑的老师推荐次新股，连续拉涨停板说是他说的准！其实不就是骗你单纯，骗你完全不懂股票？在我眼里没有必涨绝招，没有必涨股票，没有必涨形态，没有必涨指标、我眼里就没有必涨两个字，任何操作都一定要综合考虑，都要走一步看一步，每一天行情都不一样，公司也不一样、行情都不一样、有什么必涨？不同的政策，不同的股票，不同的行情，不同的业绩，不同的估值用的技术，仓位，心态都不一样，我怎么说方法？每一天都不一样，就是要灵活运用！所以我叫你们去打基础，基础打好了就可以灵活运用了，自己灵活搭配技术来玩才可以赚钱，才可以稳定赚钱！新手朋友最重要的就是看懂几个核心的数据一，净利润（要稳定增加，因为净利润就是企业的赚钱能力）二，现金流（不能为负。因为现金流负了有可能企业资金链困难）三，市盈率（要平稳，因为市盈率波动大证明业绩不稳定）四，净资产（要稳定增加，因为净资产是企业的根基）五，营业收入（要稳定增加，因为营业收入是企业的规模）这几个是新手朋友必须掌握的，其他的等以后老练了再继续深度学习。股票投资最主流的3种赚钱策略投资企业的综合实力，赚的是企业成长和社会发展的钱、投资股价的差价波动，赚的是筹码博弈和人性博弈的钱、投资热点题材的利好，赚的是市场上所有无脑韭菜的钱、不管多么新颖的投资模型，技术分析方法，估值方法，交易策略，最终还是在围绕着这三个主题打转。要不就是专注其中一种投资策略，要不就是综合混搭使用。以后大家可以留意一下，所有投资方法都是这样的，永远不可能超出以上三种范围。大家还可以根据自己的实际性格来选择适合自己的投资策略每个人的性格是不一样的。不要随心所欲的炒股！任何人都有自己玩不好的股票，都有自己把握不了的行情！想要赚钱就要先了解自己！就要敬畏市场！就要懂得有所为有所不为！正确的投资者心态炒股赚钱=对企业长期的深度了解+对资金的短期走势判断+对人性弱点的控制+对自身心态的修炼前面三个因素都是可以通过时间，努力，实战来累积的，唯独心态的修炼是很多投资者一辈子无法跨越的坎。我一直认为投资股票的天赋不在技术，不在分析而在心态，你可能几年就足够把所有的知识点都学会，但是心态的修炼却是一辈子的事情。投资者最终能不能在股市赚钱，能不能通过股市实现复利，关键还是自己的心态。很多事情都是大道至简，都是看山是山，看山不是山，最终山还是山的过程，学到最后，你会发现你赚的钱5%来源于技术和分析，95%的钱来源于自己的心态。本可以不亏的，本可以赚的，为什么亏了？为什么没有赚到？你是不是心态不稳了，是不是飘了，是不是贪婪了，是不是恐惧了？这些都是投资的核心问题，我们来详细聊一聊心态的修炼。克服贪婪和恐惧贪婪和恐惧都来源于人性的弱点我们总是会在股市忘记风险，涨了1%想涨2%，涨了5%想涨10%，永远没有满足，都想连续赚钱，几个月财务自由，一年成为首富。贪婪不仅仅来源于人性的弱点还来源于无知，但凡对投资有点了解的投资者都知道，4%的年化收益是一个标杆，这是年化不是一天的收益。你只要冷静的思考就会知道当你在短期获利的时候也获得了风险。任何得到的背后都一定赋予了失去，只是你还没来得及察觉。很多股民并不是没有在股市赚钱，只是想赚更多，最终收益没有得到，本金还亏了。这是大部分投资者亏钱的原因，很少有投资者从未在股市赚钱，大部分都是赚钱了没卖而亏钱的。这就是贪婪的副作用。我们要克服贪婪心理的前提就是一定要冷静的告诉自己，4%的年化是标杆收益，8%以上的年化是超高收益，10%以上的年化是有巨大风险的收益。我希望大家可以懂得开发自己，懂得在学习的过程中结合自己的性格，特点去吸收各种知识。这才是心态修炼的最高境界。
https://i1.hoopchina.com.cn/editor/c882c5b35e24e3dc1f0fac145108006d_w_1200_h_1024_.jpeg?x-oss-process=image/resize,w_800/format,webp
https://i10.hoopchina.com.cn/editor/bdc0a3b1adbaf5b42fe91e8216eb1f23_w_906_h_686_.png?x-oss-process=image/resize,w_800/format,webp
https://i11.hoopchina.com.cn/editor/023f8e088f69cd2aba82ce62c573b415_w_640_h_360_.png?x-oss-process=image/resize,w_800/format,webp
https://i10.hoopchina.com.cn/editor/a76738f9a4838c1490537f862ef41f17_w_1280_h_616_.png?x-oss-process=image/resize,w_800/format,webp
https://i1.hoopchina.com.cn/editor/c882c5b35e24e3dc1f0fac145108006d_w_1200_h_1024_.jpeg?x-oss-process=image/resize,w_800/format,webp
https://i10.hoopchina.com.cn/editor/bdc0a3b1adbaf5b42fe91e8216eb1f23_w_906_h_686_.png?x-oss-process=image/resize,w_800/format,webp
https://i11.hoopchina.com.cn/editor/023f8e088f69cd2aba82ce62c573b415_w_640_h_360_.png?x-oss-process=image/resize,w_800/format,webp
https://i10.hoopchina.com.cn/editor/a76738f9a4838c1490537f862ef41f17_w_1280_h_616_.png?x-oss-process=image/resize,w_800/format,webp"
袁友江： 7.18黄金行情走势分析及下周行情预测 ,0,137,虎扑JR0847109993,07-18 13:25,"　　周五(7月17日)：国际黄金开盘先行窄幅波动，并存在一定的反弹修复行情，但由于技术走势仍受压，基本面也处于偏向利空的预期，因而反弹也是有限，虽然原油走势多头动力减缓，美元指数仍处于布林带中轨下方，但其周图月图仍然偏看涨前景，油价也仍运行在200日均线之上，整体对于金价来说，仍然还是要么维持筑底调整，要么再度走低回落。日内操作偏向短多反弹高空为主。　 黄金昨日开盘起便承压4065持续震荡回落，晚盘行情受美伊局势升级恶化，以及美联储相关人员偏鹰言论影响而再度扩大下跌空间，低点跌至3970一线，日线因此也再收得一实体饱和中阴线。简单来说，黄金现在整体偏弱，但绝对不是完全没有反弹的可能。市场变化很快，一旦后续地缘紧张局势有所缓和，或是美国经济数据走弱、美联储的加息降息路径出现变动，黄金大概率就会迎来一波强势反弹。　周线级别，黄金连续第二周收阴，本周最低触及3959美元，最高反弹至4023美元，整体仍处于下降通道内运行。金价远离下降趋势线上轨，且持续承压于20日简单移动平均线（约4070-4100美元区域）下方，日线RSI指标位于40附近，空头趋势格局未改。　关键支撑与阻力方面，4000美元整数关口已成为短期多空分水岭。下方第一支撑位于3950-3970美元区间，若有效跌破该区域，金价恐进一步滑向3900美元甚至3800美元（静态支撑位）。上方第一阻力位于4040-4050美元（本周反弹高点），更强阻力集中在4070-4115美元区域，该区域汇聚了20日均线、下降趋势线以及本周多空分水岭，突破该区域才能视为趋势转强的信号。
"
新手第四次重仓赛力斯,200,58277,库里比詹姆斯更硬,07-18 13:20,"1，底部77.77触底放量2，M9L70万价位，大定超预期，高端站稳3，7月底马斯克机器人概念炒作4，二季报有望超预期5，7月底，八月初止盈
https://i10.hoopchina.com.cn/a36c2ea85cd4825d1164104d463ea022_w_819_h_538_.jpg?imageMogr2/format/webp/auto-orient?x-oss-process=image/resize,w_800/format,webp
https://i10.hoopchina.com.cn/a36c2ea85cd4825d1164104d463ea022_w_819_h_538_.jpg?imageMogr2/format/webp/auto-orient?x-oss-process=image/resize,w_800/format,webp"
巴菲特手握千亿美元现金，我们普通人有存款的也不敢花钱，说明了什么信号？,0,630,饱了没有,07-18 13:19,"别误会，不是拿普通人和巴菲特比，现在人但凡有点钱非必要大多数都存起来，巴菲特现金储备也是历史最高，仿佛在等待这什么，这一点巧合说明存钱有一定道理，但究竟在等什么？这些钱将来究竟会流到哪个方向呢？
"
晚上看老美表现了，希望牢a周一能拉回来！,22,6469,十倍牛股大连电瓷,07-18 13:19,"
https://i3.hoopchina.com.cn/5D38319BB18CD0CBAA320214ADADD0EA_w_1179_h_2556_.png?x-oss-process=image/resize,w_800/format,webp
https://i3.hoopchina.com.cn/5D38319BB18CD0CBAA320214ADADD0EA_w_1179_h_2556_.png?x-oss-process=image/resize,w_800/format,webp"
从任泽平粉丝爆仓看股市人性，决定股市涨跌的不是别的，全是人性,0,1473,虎扑JR0471125054,07-18 13:16,"任泽平粉丝爆仓亏损超千万的事情相信大家都看到了。有人问为什么任泽平为什么每次都能在房地产、新能源、算力的顶部精准喊崩？有人说任泽平不是不懂股市，他是更懂人性。在ai硬件高潮时，所有人都双眼赤红眼冒绿光恨不得把房子都压上去。任泽平迎合了这种情绪，所以他能用另一种手法割韭菜。一种不用承担任何涨跌风险的割韭菜方式。人性贪婪、恐惧、妒忌、赌徒。从来没有一直涨的股票，也从来没有能长期直线拉涨的板块，这是一个基本常识，为什么这么多人选择性忽视？明明就是被贪婪蒙蔽了双眼。我无意冒犯任何人，也没有幸灾乐祸的意思，但这就是事实，你们自己的贪婪造成的后果自己活该承担！我在两个月前就开始提醒风险，说注意4258的顶部风险，说注意硬件非理性上涨带来踩踏式下跌，说注意指数的虚假繁掩盖个股走熊的趋势，说注意硬件大票的高股价被动推高了虚假的量能，说了好多啊。可结果呢。我被骂的要死，那些人身攻击的回复现在还能看到呢，要多难听有多难听。我估计要是在现实中当面说这些，我估计他们冒绿光的眼睛会有实质性的杀人，要是有个看多集中营，我会被一群追高追红眼的人砍成肉泥。我列数据，摆事实，他们说政策托底、宏观周期，我从逻辑出发，他们从贪婪出发。笑死嘎人。所以呢？这次不一样？回回都一样！日光之下无新事，贪婪伴随了人类从石器时代到人工智能时代，以后还会伴随到人类终结。所以骂的最欢的那群人，你们自己反思下，到底是谁让你们亏损的，就是你们自己的贪婪！
"
六年了，你知道我这六年是怎么过的吗,11,15058,拉风的名字521,07-18 13:11,"
https://i1.hoopchina.com.cn/17278a6740a9cb0a5131c14f8668a435_w_1260_h_2844_.jpg?imageMogr2/format/webp/auto-orient?x-oss-process=image/resize,w_800/format,webp
https://i1.hoopchina.com.cn/17278a6740a9cb0a5131c14f8668a435_w_1260_h_2844_.jpg?imageMogr2/format/webp/auto-orient?x-oss-process=image/resize,w_800/format,webp"
总结一个高胜率短线模式,69,40651,海边的宁静,07-18 13:05,"不少好兄弟希望指点方向那授人以鱼不如授人以渔本月观察了近 40  多只并多次实测总结的在当下行情胜率高达 90% 以上的模式我称之为鱼塘钓鱼大法核心要点【短线】+【分仓】+【超跌】无脑三步走，①找图形，②拿三天，③有赚就卖首先收盘后找每天跌幅肉眼可见加速下跌个股可以用同花顺的形态选股功能找图形走势有点像抛物线尽量找低位还有下跌之前最好有过大阳线拉升像根鱼竿最后根据自己喜好经验删选出看好的加入自选鱼塘之后如果发现其出现止跌收阳十字信号尾盘买入（注意分仓 3-10 只，均可看自己）然后第二天卖出有明显拉升但不封板的票没涨的留着不动但最多拿三天，三天没表现也走这个模式适合有时间盯盘还爱操作的选手原理是加速下跌的惯性恐慌是巨大的如果此时有能力托住止跌的大概率不是散户下图随便列举几个你也可以翻看最近几天涨停的票都是些什么走势大多都是此形态记住一定要分仓，一定不要贪有赚就走如果没时间那我还是建议空仓等股灾不然这种行情越操作亏的越多
https://i11.hoopchina.com.cn/B4887420D69EC6212CEB192815018563_w_1179_h_2556_.png?x-oss-process=image/resize,w_800/format,webp
https://i1.hoopchina.com.cn/A84C382652D9642DB21E4453D6ED15D7_w_1179_h_2556_.png?x-oss-process=image/resize,w_800/format,webp
https://i1.hoopchina.com.cn/6D8FA2A61ED81A0DCC2B723C56DD1E8B_w_2607_h_5652_.jpg?x-oss-process=image/resize,w_800/format,webp
https://i3.hoopchina.com.cn/293E4BCE400B1D14DA7F8F0B15956275_w_749_h_1624_.png?x-oss-process=image/resize,w_800/format,webp
https://i3.hoopchina.com.cn/EE42D7D3852F019E80B796E86130195C_w_1179_h_2556_.png?x-oss-process=image/resize,w_800/format,webp
https://i11.hoopchina.com.cn/B4887420D69EC6212CEB192815018563_w_1179_h_2556_.png?x-oss-process=image/resize,w_800/format,webp
https://i1.hoopchina.com.cn/A84C382652D9642DB21E4453D6ED15D7_w_1179_h_2556_.png?x-oss-process=image/resize,w_800/format,webp
https://i1.hoopchina.com.cn/6D8FA2A61ED81A0DCC2B723C56DD1E8B_w_2607_h_5652_.jpg?x-oss-process=image/resize,w_800/format,webp
https://i3.hoopchina.com.cn/293E4BCE400B1D14DA7F8F0B15956275_w_749_h_1624_.png?x-oss-process=image/resize,w_800/format,webp
https://i3.hoopchina.com.cn/EE42D7D3852F019E80B796E86130195C_w_1179_h_2556_.png?x-oss-process=image/resize,w_800/format,webp"
三条趋势清晰的主升浪标的，放量上涨+缩量回踩，波段稳稳拿捏,0,2084,七哥股市看戏2,07-18 13:04,"中科曙光（603019）标题：中科曙光：AI算力底座龙头｜短中线趋势观察｜非投资建议赛道逻辑国产算力核心龙头，服务器供货需求持续提升，AI大模型建设刚需，算力产业链景气度稳步上行，机构资金持续布局。趋势特征长期底部完成筑底，60日均线稳步向上，拉升阶段放量，调整阶段缩量，趋势运行规整，主力资金滚动运作。观察重点以20日线作为强弱分界线，回踩均线分批低吸，波段滚动做差价，个股仓位控制两成以内，不重仓追高。风险提示行业竞争加剧、板块轮动过快、行业政策变化。拓普集团（601689）标题：拓普集团：汽车零部件龙头｜短中线趋势观察｜非投资建议赛道逻辑新能源汽车底盘核心供应商，海内外车企订单稳步增长，电车行业渗透率不断提升，业绩稳步释放，属于成长赛道标的。趋势特征箱体长期磨底结束，均线多头排列，上涨放量回落缩量，重心不断抬升，走势稳定性强，适合中长线来回做T。观察重点依托20日均线持股，不破趋势就耐心持有，冲高分批止盈，回落分批加仓，总仓位不超过两成。风险提示车市价格战、原材料涨价、海外需求下滑。浪潮信息（000977）标题：浪潮信息：服务器整机龙头｜短中线趋势观察｜非投资建议赛道逻辑国内AI服务器整机龙头，各地智算中心大批量建设，算力采购订单放量，是人工智能产业链核心受益标的。趋势特征低位震荡筑底结束，中长期趋势拐头向上，大涨放量、回调缩量，波浪式上涨，主升浪结构慢慢打开。观察重点守住20日线持仓，每一次缩量回调都是进场机会，分段止盈，单只股票仓位严格两成内。风险提示行业周期波动、海外限制、上游芯片供货不稳。
https://i5.hoopchina.com.cn/EAF21FF03BC215FCA791D135B56A4D63_w_1792_h_2178_.png?x-oss-process=image/resize,w_800/format,webp
https://i3.hoopchina.com.cn/4F59697E6847B70D9BD05FA2D904B331_w_1792_h_2170_.png?x-oss-process=image/resize,w_800/format,webp
https://i1.hoopchina.com.cn/84763BCDA6B41D91AE158E0625DA5226_w_1792_h_2174_.png?x-oss-process=image/resize,w_800/format,webp
https://i5.hoopchina.com.cn/EAF21FF03BC215FCA791D135B56A4D63_w_1792_h_2178_.png?x-oss-process=image/resize,w_800/format,webp
https://i3.hoopchina.com.cn/4F59697E6847B70D9BD05FA2D904B331_w_1792_h_2170_.png?x-oss-process=image/resize,w_800/format,webp
https://i1.hoopchina.com.cn/84763BCDA6B41D91AE158E0625DA5226_w_1792_h_2174_.png?x-oss-process=image/resize,w_800/format,webp"
高位拿的科技基金，亏麻了,7,2158,健康平安山,07-18 12:59,"现在清仓吗
"
股市的一点感悟,142,47224,永远向前看,07-18 12:52,"       股市是个神奇的地方，不用接单不用售后就可以挣钱(也可以亏钱)，股市既复杂又简单，复杂之处就在于参与者众多，每个人的经历每个人决断的理由都不相同，所以就决定了形成走势的原因之复杂。简单之处就在于不是涨就是跌，各有50%的几率。       复杂在于人心，经验，经历，学识体验。。。等等都各不相同的，决断标准都各有不同，有一个技术指标做决断的，有多个技术指标做依据的，有各种财务数据做基本面判断的，不一而足。用W底做依据，这个股票挣到钱了，但是过不久W底反过来就变成M头了，又亏钱了。那自然就要想办法怎么过滤掉这个亏钱的点呢？加一个指标进去，技术的或者基本的随便，就是加一个过滤掉它。终于过滤好了，下一次挣钱了，开心。然后不巧在这个基础上又碰到亏损的案例了，怎么办？再加指标过滤，一直循环下去。。。到最后，精神分裂了。      股市太简单了，一买一卖就有利润了，简单的让很多人不愿意把他当一个复杂的东西来看待，或者很多人愿意把他当复杂的东西来看待，但是没明白复杂之处在哪里，总以为自己掌握的东西太少了，于是钻研技术指标，钻研财务报表，看股评，看推荐，学程序，总想去发现全世界人都没发现的一劳永逸的方法。没用的，没有什么方法是一劳永逸的。       市场里面永远有2种声音的，你买进就肯定有人卖出，要不你买的是哪里来的呢？你买进表示你看涨，人家卖出就表示人家看跌。结果怎样？市场走势来决定，你的业绩来决定。W底跟M头是怎么样转换的呢？突破上去了就是底，跌下来了就是M头。意思就是市场不是任何人一厢情愿的结果，不是你买进去了他就一定会涨，市场是用任何定理都证明不了的。       其实大家在股市里面经历的过程都几乎一样的：刚进股市，利润让我们幸福，亏损让我们沮丧，有心者自然会想办法去解决亏损。有人就去向专家取经，看股评，看推荐，看财经新闻。也有人就去买书 学习自己钻研。自己钻研的就越钻越深，总想用一个完美的方式去获得每一笔的盈利。学专家的就追随一个又一个专家的脚印无疾而终。      社会有社会的语言，有社会的规则。自然股市就有股市的语言，也有股市的规则。我们从牙牙学语开始学习着社会的语言，用一次又一次的摔倒，无数次的挨打来学习社会的规则，什么是可以做的，什么是不能做的。那么在股市里面的亏损和盈利就是我们对股市规则的适应和学习。       你现实中学到了一个夸人的话你在这个人身上适用你就会得到表扬奖励，但是同样一句话你用到别人身上可能就会得到批评，那你是怎么看待这个夸人的话的呢？你会觉得他是对的还是错的，还是觉得在无论什么场合你都能使用这样一句话呢？同样的，你再一个专家那里看到突破就买入，你有盈利得到奖励了你自然会认为这个专家是对的了，但是下次你没有得到奖励反而亏损了，那你又是怎么看待这个专家的言论的呢？      股市其实不是一个简单的地方，简单的只是他的形式而已，我觉得能在股市里面真正取得成就的是那些明心见性，三省自身，言行合一的正人君子吧。一家之言，敬请指正
"
七月依旧左存右光，不过存做设备扩产相关收益链,294,127977,雷霆杜少威少,07-18 12:29,"存储板块，当前全球缺存的格局已经非常明牌，三星和海力士发布在韩大规模投资计划，今后十年的投资金额有望超过1000万亿韩元（约合人民币4.42万亿元）、长鑫、长江的上市以及上市前的融资动作，都是为了进一步扩产，这背后是整个存储产业链扩产的明确趋势。再加上苹果等头部企业计划采购国内存储产品，足以说明国内存储领域的发展已经远超预期，存储扩产链的投资机会值得重点关注。对于普通散户投资者来说，科创半导体设备 ETF/半导体设备ETF 是一个不错的选择。如果说你有一个选股能力，就去选一些设备 etf 里边，能够跟这个半导体设备 etf 里边占比例比较大的，而且是相关的有国产替代背景的有卡脖子的，业绩还比较不错的，可以去选（材料、设备、测试、清洗等等，我觉得细分太多，适合有研究+交易能力的老师们）。7 到 8 月是上市公司的业绩披露季，光模块/光纤（传业绩很好）板块的业绩预期相对比较明确。在这个时间段，业绩驱动的逻辑会比较突出，普通散户通信 ETF 还是可以继续关注，因为它能较好地覆盖光模块+光纤等相关优质标的，契合当前业绩驱动的投资逻辑。我自己还是重仓光模块+会拿1/4仓位去做存的扩产逻辑或者直接等长鑫上市（必参与）最后强烈推荐合肥橙子投研记录
https://i10.hoopchina.com.cn/editor/8c920b31510abb36044a0ac50db99a66_w_391_h_109_.png?x-oss-process=image/resize,w_800/format,webp
https://i10.hoopchina.com.cn/editor/8c920b31510abb36044a0ac50db99a66_w_391_h_109_.png?x-oss-process=image/resize,w_800/format,webp"
求推荐当前值得研究的方向或者行业,136,74961,剑诩,07-18 12:25,"过去一年多主要研究了超净室、奶、锅、锂、海风几个东西，虽然没有吃到特别夸张的收益但每一个沉下心来研究过的行业最后还是都能有一些获益，也坚定了这种先细看行业后下手的投资模式。但是现在遍览市场，之前看好的没有什么特别多的变量，像锂之前减仓一半以后现在就是等着再往上走点清完；锅和海风就是等着长线的逻辑持续兑现。有没有靠谱的哥们推荐点可以值得一看的产业和标的？值得一看的标准如下：1. 不太性感，看得人少，但是估值合理有意思；2. 当下很惨，但是未来自己的alpha有希望；3. 当下一般，但是有迎来行业beta景气周期的可能性。什么半导体光模块ai之类的，看懂门槛太高现在也太拥挤，我有自知之明，不会费那个劲去参与，这些事情跟我没关系。想再花点时间研究一点新股票新产业，看看大家有没有一些有启发性的建议。
"
炒股亏到快腰斩了,21,13247,只在梦里拥有过她,07-18 12:14,"辛辛苦苦打了几年工，攒了几万块钱，没想过能靠炒股发财，只是想着至少能赚个菜钱吧，不用整天点十块钱的外卖，不用整天吃路边的快餐，但还是太天真了，一直没有盈利过，就像个小丑被股市玩弄，买到了突然被st的票，出来后又被另一只票套住，《炒股要是能赚钱你连户都开不了》看到这句话的时候还以为是个玩笑，现在想想，真的连吐槽的心气都没有了，只是看着自己辛苦攒下的钱这样亏掉，确实是很难受
"
狐尔摩斯看盘0717：最坏的情况,20,10631,狐尔摩斯看盘2号,07-18 11:59,"今天走了昨天预演形势里最坏的一种。今天盘中创业板最大-8的跌幅，标志着牛市基础被严重破坏了。市场信心受到重创。前几天止跌信号明显的光通信再度崩盘。几乎所有科技板块堆积了天量套牢盘。后续一两个月很难有单边上涨的大行情了。本身我对这轮牛市的判断也是还有3到6个月。今天这个走势来看，本轮牛市很难再有大肉了。不要指望老登能接力牛市大旗。碳基社会通缩趋势不是半年一年能逆转的。这轮牛市就是科技牛。科技股后续如果反弹至前高附近，会是一个很好的减仓点。
https://i1.hoopchina.com.cn/DFE52001288FEF278F129F55BE534261_w_1206_h_523_.png?x-oss-process=image/resize,w_800/format,webp
https://i1.hoopchina.com.cn/DFE52001288FEF278F129F55BE534261_w_1206_h_523_.png?x-oss-process=image/resize,w_800/format,webp"
3287.如何看待这次调整和后续行情？,0,131,雪球官方,07-18 11:51,"欢迎收听雪球出品的财经有深度，雪球，国内领先的集投资交流交易一体的综合财富管理平台，聪明的投资者都在这里。今天分享的内容叫如何看待这次调整和后续行情？来自评研阁。有些话不能说得太重，批判言论我就少说几句好了。首先，给七月十七号股市的定义是——股灾，这个不接受任何辩驳。双创指数跌幅百分之7以上，上证指数跌超百分之3，深证成指跌超百分之4，两市个股5000多只下跌，跌超百分之7的个股有1300多只。除了个别电力、大金融等老登个股是上涨的，其他板块全线扑街。尤其AI科技相关个股，集体踩踏。今天收盘后，不管是情绪还是技术趋势，A股都已经进入熊市。下午看盘的时候在想一个问题，这些年A股一直想要一个慢牛，那最近的下跌——快熊，也算慢牛的一部分吗？A股今天走势始末和大家详细分析下。客观地看，这次大跌的根本原因是韩国杠杆资金踩踏的传导。韩国股市今年一路狂飙，在6月22日创下历史新高，累计涨幅百分之116，之后就开始崩盘，不到一个月时间，从高点下来累计跌了百分之30左右。崩盘的原因是杠杆加太猛了，韩国到处都是赌狗，据说最近韩国市场超过120万杠杆散户账户触及保证金追缴线，按韩国人口算，每30个成年人里就有1个面临爆仓风险。另外，强平的账户已经有三四十万，这些大多数年龄在20到30岁，都是年轻散户。这些人以为可以通过股市逆天改命，万万没想到，刀子在等着他们。这就是赌狗的下场，贪婪永远是股市的最大禁忌。韩国的崩盘直接影响了全球股市情绪，比如A股，AI科技板块出现大量卖单，融资盘紧急避险，造成流动性危机，形成了""越跌越卖""的负反馈。下午开盘后我看了盘面，有国家队进场迹象，另外多只宽基E T F集体放量，金融板块也在维稳，但奈何空头太坚决，尾盘依然疯狂出货。股市收盘，大盘指数负百分之7的跌幅，有种深深的无力感。我的看法是，韩国这波杠杆出清还没完，融资余额下降幅度远落后于指数跌幅，大量杠杆仓位还在里面，后续可能还有抛压。但传导到A股的影响会逐渐减弱，毕竟我们这边的杠杆率没那么夸张，国家队今天既然已经动手了，后面大概率还会继续托底。另外，我A股持仓主要是价值股，俗称老登股，今年科技大涨之后，压力并不小，也有不少人建议我多买点科技仓位，最终我还是坚持了自己的想法。截止到目前的情况看，芯片半导体减仓后所剩无几，中间没有加仓任何一只科技股，对我来说，算是真正做到了知行合一。最近A I科技只用了三周就跌去两个月的涨幅，很多小白被股市上了终身难忘的一课。我在A股十几年，这种事见得多，已经习以为常，在AI上基本靠纳指100赚钱，A股没怎么参与，虽然没赚，但也没亏，今天股市大跌7个点，对我来说，心态基本没受到什么影响。但对于很多刚入市不久的小白投资者来说，这轮下跌只是第一课，下跌后的大反弹将是第二课。这就是股市，只有做绝大多数人的对立面，只有做到反人性，才能赢。之前多次提醒牛市越到后期波动越大，钱越难赚，今天大盘基本面变化不大，但情绪上明显超跌了，下周可以关注修复行情。
"
德明利业绩不及预期是犯了天庭吗,42,18626,虎扑JR0967264960,07-18 11:37,"三个跌停不知道的还以为是被立案调查了
https://i10.hoopchina.com.cn/70b37cdbdc8a58bb87c52e99bdbeb677_w_1263_h_2171_.jpg?imageMogr2/format/webp/auto-orient?x-oss-process=image/resize,w_800/format,webp
https://i10.hoopchina.com.cn/70b37cdbdc8a58bb87c52e99bdbeb677_w_1263_h_2171_.jpg?imageMogr2/format/webp/auto-orient?x-oss-process=image/resize,w_800/format,webp"
科技是反抽还是新高？,89,75066,karmapolice999,07-18 11:16,"指数要新高我认为是肯定的 涨什么是主要问题。wind全A这里有可能是双底。我个人的感觉不一定会继续涨已经涨过当科技了 光存储科创50。算力租赁这些没准有戏
https://i11.hoopchina.com.cn/1F0872680884463113A1F94A6DD62E5F_w_1179_h_2556_.png?x-oss-process=image/resize,w_800/format,webp
https://i11.hoopchina.com.cn/1F0872680884463113A1F94A6DD62E5F_w_1179_h_2556_.png?x-oss-process=image/resize,w_800/format,webp"
我很好奇这股市最后怎么收场？,184,86000,folder1208,07-18 11:11,"长安汽车，赛力斯，分众传媒这些股票业绩都不错，股价已经跌了一半，这样下去，难道这些一年赚几十亿几百亿的股票市值要归零吗？机构明显抱团科技股里面的大盘股，也不可能有散户接盘，那后面如何收场呢？我想，到了对科技大票恐惧的时候了，而那些股价跌跌不休的价值股终究会修复，这就是股市的反射性。
"
拿别人图晒上周收益也是典中典,10,2386,mg000000,07-18 11:04,"股票区最小丑的人，就盯着你锤，欢迎取消屏蔽我，继续对线。自从江丰被精准预测跌下200后开始亏急眼，持仓图不敢晒了，收益图也换成别人的。也不看看别人账户资金是你的几倍就盗图，纯🤡
https://i10.hoopchina.com.cn/editor/5abf2e4ccdca66fb59834b90d5a80fe9_w_882_h_843_.png?x-oss-process=image/resize,w_800/format,webp
https://i3.hoopchina.com.cn/editor/9f64c7d86603cafc94c502c67a0d972f_w_886_h_844_.png?x-oss-process=image/resize,w_800/format,webp
https://i10.hoopchina.com.cn/editor/5abf2e4ccdca66fb59834b90d5a80fe9_w_882_h_843_.png?x-oss-process=image/resize,w_800/format,webp
https://i3.hoopchina.com.cn/editor/9f64c7d86603cafc94c502c67a0d972f_w_886_h_844_.png?x-oss-process=image/resize,w_800/format,webp"
炒股十五年，我总结了以下多条经验，前人栽树后人乘凉,2,1326,虎扑JR0902600875,07-18 11:03,"我严格以下七条铁律战法： 第一定律：你要做羊，还是做狼？ 永远是10%的赚钱，90%的人赔钱，这是市场的铁律不论是股市，还是开公司，办企业，都不会改变。天下人不可能都是富人，也不可能都是穷人，但富人永远是少数，穷人永远是多数。这是上帝定的谁也没办法可是赚钱总是有办法的，就是你去做10%的人，不要去做大多数人做少数富人。你需要换思想转变观念拥有富人的思维你就得研究的办法研究富翁的思想和行为。 第二定律：对钱有浓厚的兴趣！问苍茫大地，谁主财富。为什么他能赚钱，你不能赚钱，追根溯源想赚钱，首先你要对钱有兴趣，对钱有一个正确的认识，不然钱不会找你。钱不是罪恶，她是价值的化身是业绩的体现是智慧的回报，物以类聚，钱以人分，你必须对钱有浓厚的兴趣感觉赚钱很有意思很好玩。你喜欢钱钱才能喜欢你，这绝不是拜金主义而是金钱运行的内在规律不信你看那些富翁都喜欢钱都能把钱玩得非常了得。 第三定律：最简单的方法最赚钱天下赚钱方法千千万但最简单的方法最赚钱虽说条条大路通罗马但万法归一，最简单的才是最好的复杂的方法只能赚小钱，简单的方法才能赚大钱，而且方法越简单越赚大钱。比如比尔盖茨只做软件就做到了世界首富，沃伦巴菲特专做股票很快做到了亿万富翁。具体讲每个行业都有赚大钱的方法他们的方法很简单你要研究赚钱总结自己的简单赚钱方法然后坚持它不要轻易改变简单的方法赚大钱，复杂的方法赚大钱这是赚钱的第三定律。 第四定律：赚大钱一定要有目标 年年岁岁花相似，赚钱方法各不同，但有一点是相同的，就是你赚钱一定要有目标，成功的道路是由目标铺成的，没有目标的人是为有目标的人完成目标的，有大目标的人赚大钱，有小目标的人赚小钱，没有目标的人永远衣食发愁。要赚钱你一定要有目标，一定要有野心，这是赚钱的第四定律。 第五定律：一定要用脑子赚钱 天下熙熙皆为名来，天下攘攘皆为利往。在财富时代，你一定要用脑子赚钱，你见过谁用四肢赚大钱的？一些运动员赚钱不菲，但迈克尔乔丹说：我不是用四肢打球，而是用脑子打球。用四肢只能赚小钱，用脑子才能赚大钱。赚钱始于想法富翁的钱都是想出来的世界上所有富翁都是最会用脑子赚钱的你就是把他变成穷光蛋他很快又是富翁因为他会用脑。 第六定律：要赚大钱一定要敢于行动世界没有免费的午餐，也没有天上掉下来的馅饼不行动你不可能赚钱不敢行动你赚不了大钱敢想还要敢干现在人们谈论财富越来越多，但许多人说得多做得少要知道：说是做的仆人，做是说的主人！我们许多经济学家谈论财富头头是道，但他们谁富了，德国行动主义哲学家费希特说过：行动，行动，这是我们最终目的。要想富快行动不要怕先迈出一小步然后再迈出一大步记住利润和风险是成正比的。 第七定律：想赚大钱一定要学习赚钱天下聪明人很多但为什么绝大数人都不富？在财智时代要赚大钱，一定要学习赚钱！你学过赚钱吗？我们在小学没学过赚钱在中学没学过赚钱在大学还是没学过赚钱。财商和智商不同，智商有天生的成分而财商100%需要后天学习提高。孙正义李嘉诚史玉柱等所有大富翁都不是一生下来就会赚钱，但他们都有两个共同特点：一是有强烈的赚钱企图心，二是有很强的学习力。正是由于他们善于学习赚钱方法，所以他们超越常人，登上财富巅峰。向成功者学，像成功者那样子增长你的智慧提高你的财商总结赚钱的秘籍很快你就会变得富有！ 炒股，一定要学会看内外盘！简单高效，一眼看穿主力的痕迹！在实践中，了解股票内外盘的并不多，能运用好内外盘的人更是少之又少！85%的股民对股票的内盘和外盘都不是很了解,能看懂它盘口的却只有很少的一部人.我们都知道,股票就是一个零和游戏,有人买就肯定有人卖,如果看不懂内外盘的话,很容易被主力偷偷溜走了,因为内外盘就是主力想掩饰也掩饰不了的信号。今天我给大家详细分析内外盘的8种内外盘操作方法，轻松地看懂主力的行为！首先我们要知道什么叫内外盘，内盘就是卖盘，就是从一只股票卖出去的筹码，外盘就是买盘，就是外面资金买进来的筹码。内外盘数量的大小比例，可以实时地看出来买卖盘的情况，清楚地观察主力的动向，也是短线我们经常会看的指标！那如何利用内外盘操作呢？1、当股价在上涨的途中，外盘大于内盘，并且成交量温和的放量，分时图沿着均线在上方并且有上升趋势，说明此时人气旺，大家都看好这只票，这时候我们可以直接进场。 2、当股价头也不回地上涨途中，突然停住了脚步，并且成交量是前几天的几倍以上，很难再继续放大量，内盘数量大于外盘数量，说明股价将会回调进入下跌，主力很大已经在卖筹码吸引散户进场。这时我们应该止盈。 3、当股价在一直上涨的途中，已经到达了高位，但是外盘大于内盘，股价开始慢慢的回落，说明主力很可能在出货，不要被诱惑了，需要注意离场。 4、当股价每日的下跌途中，股价运行到了低位区域，成交量萎缩至很小，看起来没有任何的起伏，内盘大于外盘，成交量逐步的温和放量，说明主力已经开始吸筹，很可能会开始慢慢的拉涨模式。这时候就是我们的介入点。 5、当股价走到一定的价位，上方明明还有很大的空间，却就是不紧不慢地等待，分时图在均线附近但是不跌破均线，外盘大于内盘，上方还有大量的买单，说明主力很可能就是在建仓，不想给散户的机会。 6、当股价走到一定的高位，分时图跌破均线拐头向下，内盘大于外盘，但是呢股价并没有一下子大幅度的下跌，说明主力在出货，但是不想一下子太明显！7、股价走震荡行情，分时均线一上一下势均力敌，持续走震荡，内外盘相差不大，说明多空双方还是在分歧里面，这时候我们观望就可以了。 8、股价持续上升，并且没有回落的意思，但是内外盘却很少，说明主力已经锁定好了筹码，托着股价一直走了！关于内外盘的操作方法，以上内容大家可以多看几遍，大家需要认真研究熟悉运用到看盘中大多数的散户朋友，都是依靠股价以及成交量的搭配，来识别主力到底是吸筹还是出货，但是却不能精准地掌握其中的诀窍，其实有一个方法更加直观观察到主力持仓的情况，就是搭配筹码的分布，直接点击K线图的右下角，有一个“筹”字，分别可以看出主力是吸筹，还是洗盘，出货都可以一眼看出，但是很多朋友都忽略了这个指标。 闲聊几句：每位股民都希望能稳定盈利，但想要做好交易从来没有捷径。散户想要走得长远，需要抓主线、踩节奏、选好股、看懂资金、择时进场；同时放平心态，克服恐惧与贪欲，严格执行交易计划，锤炼强大心态。如此才能在市场完成蜕变，实现财务与时间自由。该股中长期具备翻倍潜力，想交流中线布局思路的朋友，在伀.-.重..-.呺：观潮止盈，留言虎，就可以找到我了。投资长路漫漫，愿大家后市行情长虹！今日市场大幅下挫，恐慌盘集中涌出，市场阶段性底部信号逐步清晰，修复行情不远了。熟悉我的人都知道，我始终以基本面为核心做中线布局，全年收益稳健，感谢各位一路信任。当下正是底部布局窗口期，整理了一只中长期潜力中线标的，三大核心逻辑清晰：所属赛道高景气延续，行业持续高速增长；公司新品持续放量落地，长期成长确定性拉满；个股走势独立抗跌，本轮调整没有破坏上行通道，适合分批低吸中长期持有。我们知道每只股票至少都会有一个主力，不管整体的拉升阶段怎么样，都会有吸筹的阶段，盘整的周期越长，主力拿到的筹码就越多，唯一不一样的就是他们有比较强大的资金以及有严格纪律，而我们只要把握到吸筹这个阶段，就能顺势跟着主力吃到后面一大波的主升浪行情！ 不废话，直接讲干货！1、首先我们要知道筹码分别有三个颜色组成，分别为红色，蓝色以及灰色的一个跟柱状图形组成，分别代表着获利盘，套拉盘，而柱子的长短代表着在这个价位的筹码堆积情况，柱子越长，说明成交量的就越大，筹码也就越多了，柱子最集中的一部分，就跟山峰一般，这个也就叫做筹码峰，也就是绝大多数人的持仓成本！2、主力想要吸筹的时候，一般都是小心翼翼的，如果一只股票长期下跌之后，动能开始越来越弱，开始有企稳回升的迹象，股价通常都会开始缓慢的上扬，筹码的分布红色获利盘会出现逐步的增多，为了防止被发现，这个阶段一定是非常缓慢的，温和的方式吸筹，成交量显示堆量以及逐步的上升，正常都不会大涨大跌，这种也是正常的吸筹方式。 3、主力吸筹的第二种方式，因为短期的吸筹股价也将会有所拉高，如果一下子拉太高，那么后面的成本就会太高，导致后续拉升比较吃力，这个时候将会出现一种慢涨快跌的方式，一般这个时间会在7个交易日以内，股价缓慢拉升起来之后开始快速的进行下跌，一般都会反复的进行几次，以便拿到低价的便宜筹码，盘面上可以看到K线呈现出一个个小尖尖的形态，这种形态也叫做“牛长熊短”，这个就是经典的主力打压吸筹的迹象，成交量显示出拉升放量，回踩缩量的形式，筹码显示也是逐步的增加。 4、主力吸筹的第三种方式，这种的话容易造成恐慌的性质，这种后期的拉升幅度一般都会比较大，个股在横盘震荡的区间，某一天拉升突破箱体之后回落继续震荡，随后出现快速的下跌破位，跌破箱体下沿，呈现出一个“坑”一般，但是成交量却是显示出缩量的，随后在短时间内拉升回到箱体附近，这时候的成交量也是呈现出放量的，筹码出现一根长长的柱子，形成筹码峰，这个也是区别是真摔还是假摔的关键了！ 5、主力拉升后如何判断出货的情况，如果股价经过一波拉升后到达了高位，但是底部的筹码峰却开始不断的减少，甚至消失，伴随着成交量的放大股价却出现滞涨，高位放出的量甚至达到了5倍以上，或者换手率在高位也超过了20%以上，股价随后开始下跌，筹码峰也不断的下移，这个时候就是主力把手中的筹码换给了散户手中，这个时候就要高位落袋止盈。 6、最后给大家分享一个小技巧，通常如果股价在底部盘整的时间够久，底部的换手率如果达到300%或者以上，也可以判断出主力吸筹基本完毕，搭配热点题材或者大盘坏境良好，那也将会迎来直接的拉升阶段。 其实股票背后都是人的操作，不同的就是主力与散户，如果你能领悟筹码背后的含义，在主力吸筹的时候发现踪迹，那么你之后的操作也将会更加的顺畅
"
今天看好什么板块,11,1784,鸡哥爱养基,07-18 11:02,"
"
今天为什么能这么杀啊，见底了吗,30,16413,等一个誓言吧,07-18 11:02,"太难受了今天
"
搞笑了，美股期货竟然往回拉了,14,7432,ymcc1994,07-18 10:57,"A股今天是迭给自己看了？美股期货都开始往回拉了。海力士盘前五个点？
"
就目前看，今年一直持有老登的，坚守科技的，哪类股民亏损的更多些,0,781,三足鸟,07-18 10:50,"感觉还是科技好些吧？
"
要销户的往这边看看！,4,2032,球王点帅,07-18 10:49,"博古李德之流，堡垒对堡垒！由速胜转为速败！要多学习毛选思想：保存自己，消灭敌人。股市第一步：建立自己的根据地建立自己的大本营，把主力资金放在安全区域，然后运用10%的资金去打游击，顺便了解市场行情。主要还是要提高自己的认知，每天多进步一点。附上我的A股赚钱心得之一，从那一刻我悟了一点人生道理：金钱可以复利，那么知识也可以复利，每天多读点书，让自己认知提高，在往后日子里，这些知识都会给我带来巨大价值，人际关系也是可以复利，自己越优秀，交到的朋友也会更优秀，更优秀的朋友会把他的优秀朋友介绍给你，达到人际关系的复利。我的心得之一
"
充值加仓,16,4705,南京路老久,07-18 10:49,"早上充了50个底部全部打进去锁仓不动了，就这样
https://i3.hoopchina.com.cn/editor/2ae951eb8a7d81b61e503c4fda28fe10_w_1320_h_2868_.png?x-oss-process=image/resize,w_800/format,webp
https://i3.hoopchina.com.cn/editor/2ae951eb8a7d81b61e503c4fda28fe10_w_1320_h_2868_.png?x-oss-process=image/resize,w_800/format,webp"
7.18仪态思路,0,234,舒妍观势,07-18 10:43,"7.18仪态思路同受监管利好提振，但法案审议存不确定性，走势联动大饼、弹性更强；机构资金同步回流etf，下方买盘承接稳固。区间节奏和大饼同步，1800是关键防守位，上方1930承压，波段依托支撑低吸、压力短空即可。建议:1800-1830多，止损1770下方，目标1880-1920；1930-1900空，止损1960上方，目标1860-1830。
"
各位小心骗子！没有其他号。@虎扑管理。,316,78651,飞飞闯大A,07-18 10:28,"过气了，都还有人假借骗人..
https://i3.hoopchina.com.cn/93CBF8D245C6D671C2E5152B90B6AD65_w_1152_h_2376_.webp?x-oss-process=image/resize,w_800/format,webp
https://i3.hoopchina.com.cn/93CBF8D245C6D671C2E5152B90B6AD65_w_1152_h_2376_.webp?x-oss-process=image/resize,w_800/format,webp"
7.18大饼思路,0,244,舒妍观势,07-18 10:27,"7.18大饼思路监管法案推进、现货ETF资金回流带来中长期支撑，短期衍生品到期、美联储偏鹰情绪扰动波动；周五回落仅多头止盈，无空头集中砸盘，资金回补意愿强，下半年市场流动性预期回暖。日线震荡蓄力，4小时上行通道完好，涨放量跌缩量；63000为核心支撑，65000是短期承压关口，短线指标修复完毕，回踩支撑就是低吸窗口。建议:63000-63700多，止损62200下方，目标64200-65000，激进者现价63900附近可以直接哆。65500-64700空，止损66300上方，目标63800-63000
"
实话实说，科技行情大概率已经结束了,12,8575,阿克伦的王权,07-18 10:26,"半导体和光通信有可能是5年大顶
"
扛不住了。。。,44,32297,巴菲特爱吃韭菜,07-18 10:25,"讲真，最近这个调整应该挺多人扛不住了，创业板指数回调 20%，个股应该就是跌 30%-40% 起步了。炒股最重要的一条，就是别光幻想挣多少钱，先想想万一亏 40%，能不能扛得住，有没有应对策略，这是最重要的。天天看走势猜涨跌的，大部分结局都是巨亏割肉离场。。。
https://i5.hoopchina.com.cn/509D3CBBE93EB5F6352133BFFFFDFC57_w_1284_h_1495_.png?x-oss-process=image/resize,w_800/format,webp
https://i5.hoopchina.com.cn/509D3CBBE93EB5F6352133BFFFFDFC57_w_1284_h_1495_.png?x-oss-process=image/resize,w_800/format,webp"
半导体远没有到顶，物理ai对半导体的需求会越来越大,293,212687,围棋少年钟爱紫金矿业,07-18 10:12,"物理AI浪潮已然到来，人形机器人将成为众多行业的核心生产力载体。一台成熟完备的工业机器人，离不开实体躯体、核心芯片、动力驱动系统，同时还需配套智能软件、通信模组与电路线路等各类辅助配件，整条产业链蕴藏着可观的发展机遇与财富机遇。
https://i5.hoopchina.com.cn/hupuapp/bbs/776/21004776/1779694820_283836IMG_6879_w_1920_h_1920_.jpg?x-oss-process=image/resize,w_800/format,webp
https://i5.hoopchina.com.cn/hupuapp/bbs/776/21004776/1779694820_283836IMG_6879_w_1920_h_1920_.jpg?x-oss-process=image/resize,w_800/format,webp"
记录第95天  横盘突破后追进去，为什么经常被套？,0,292,horizongui,07-18 10:08,"横盘突破不一定是真突破——无量突破是陷阱，放量突破才靠谱一、一个常见的困惑很多散户都遇到过这种情况：一只股票横盘了很久，突然一根阳线突破了横盘区间的上沿，你赶紧追了进去。结果刚买进去，股价就掉头向下，把你套在了“山顶”上。不是说“横盘突破是买入信号”吗？为什么会亏钱？答案是：你遇到了假突破（诱多陷阱）。二、假突破的三种典型形态形态一：无量突破，最典型的陷阱股价看似突破了横盘上沿，但成交量没有明显放大（甚至比横盘期间的量还小）。说明没有新资金进场，只是存量资金的自娱自乐。识别方法：突破当天的成交量至少要达到横盘期间均量的1.5倍以上。无量突破，80%以上是假突破。形态二：盘中突破，收盘回落股价在盘中一度冲过横盘上沿，但收盘时又跌了回来，收出长上影线或阴线。这说明上方抛压巨大，买入力量被消耗殆尽。识别方法：只有“收盘价”站上横盘上沿才算有效突破。盘中突破不算，收盘价才是买卖双方博弈的最终结果。形态三：突破后快速回撤股价当天确实站上了横盘上沿，第二天却直接低开低走，把昨天的涨幅全部吞没。这说明跟风盘不足，追高资金被套。识别方法：有效突破后，股价应该连续3天站稳在横盘上沿之上。如果第二天就跌回去，说明突破失败。三、如何提高追突破的成功率？· 突破当天成交量必须明显放大（≥均量1.5倍）· 收盘价必须稳稳站上横盘上沿· 突破后3天内不能跌回横盘区间内· 设置止损位：买入后以横盘上沿或突破阳线的最低价为止损线，一旦跌破无条件离场四、一句话总结横盘突破后追进去被套，不是“突破信号”错了，是你买到了“假突破”。真正有效的突破必须满足三个条件：放量、收盘站稳、三天不破。任何一条不满足，都是假突破，不能追。宁可错过，不要做错。放量确认了再进，等三天不会错过主升浪。
"
适合普通人的炒股方式,609,535202,球王点帅,07-18 10:04,"普通人没第一手消息，没有时间盯盘复盘，要想赚钱 只能长线投资。普通人进股市的目标应该是股息，瞄准高股息的大盘股才是正解。股票市值1000亿以上，分红每年每股2元，股价30元/股的话，股息就是6.66%，这种股票就应该闭眼买，每年吃股息比存银行赚多了。分红不正常，市盈率高于30的票，进去大概率都是亏钱。
https://i10.hoopchina.com.cn/hupuapp/bbs/132/17332132/thread_17332132_20241011200740_s_262600_o_w_1080_h_2126_3059.jpg?x-oss-process=image/resize,w_800/format,webp
https://i10.hoopchina.com.cn/hupuapp/bbs/132/17332132/thread_17332132_20241011200740_s_262600_o_w_1080_h_2126_3059.jpg?x-oss-process=image/resize,w_800/format,webp"
大盘大概率会跌到3450左右,2,1450,库里库里不讲理,07-18 09:55,"
https://i1.hoopchina.com.cn/b9bac3afd8abfce45ee9fd936a472094_w_1080_h_2376_.jpg?imageMogr2/format/webp/auto-orient?x-oss-process=image/resize,w_800/format,webp
https://i1.hoopchina.com.cn/b9bac3afd8abfce45ee9fd936a472094_w_1080_h_2376_.jpg?imageMogr2/format/webp/auto-orient?x-oss-process=image/resize,w_800/format,webp"
风水轮流转,10,2014,mg000000,07-18 09:49,"跌的时候帖子不发了，评论也不回了，也不知道割肉没有
https://i3.hoopchina.com.cn/editor/a783c561ba1f17d3d5ba661a538a5851_w_926_h_862_.png?x-oss-process=image/resize,w_800/format,webp
https://i10.hoopchina.com.cn/editor/cb45b65412a10ed537a7d271488e7b83_w_883_h_869_.png?x-oss-process=image/resize,w_800/format,webp
https://i10.hoopchina.com.cn/editor/5730661d8946e804c8353d241b054462_w_702_h_800_.png?x-oss-process=image/resize,w_800/format,webp
https://i3.hoopchina.com.cn/editor/a783c561ba1f17d3d5ba661a538a5851_w_926_h_862_.png?x-oss-process=image/resize,w_800/format,webp
https://i10.hoopchina.com.cn/editor/cb45b65412a10ed537a7d271488e7b83_w_883_h_869_.png?x-oss-process=image/resize,w_800/format,webp
https://i10.hoopchina.com.cn/editor/5730661d8946e804c8353d241b054462_w_702_h_800_.png?x-oss-process=image/resize,w_800/format,webp"
拿稳商业航天核心标地,47,20129,深圳湾k总,07-18 09:49,"商业航天可回收验证成功意味着我国航天发展正式步入商业化加速星辰大海重点关注卫星端无论是回收端还是火箭端增速远远没有卫星快卫星端百倍增长
"
等信号,9,4809,文化流氓k大,07-18 09:24,"最近市场变化很快，13号晚的时候复盘得到了一些结论，当然真的发到这里文字非常多，所以简略说一下观点的变化吧。首先从大远期看，按照历年估值我还是认为牛市没完全见顶，但是很显然只剩我说的三分之一甚至更少了，也就是牛尾，可能这轮下跌完事还有一波，这是大的逻辑。当然这是基准情况，悲观情况是我之前复盘的就是这次打破了过去二十年的估值常规，24年924的悲观下限估值压缩没问题符合常规，但是市场的乐观估值扩张上限因为房地产周期下行导致居民资产减值造成对未来的悲观，表现在疫情后超额储蓄达近60万亿，居民间接直接投资股票占比不超过10%。简单来说市场不缺钱本来支持正常的牛市估值扩张，但居民信心没了只愿意储蓄不愿意进行投资。如果是这样，那这轮牛市上限确实会被压缩很多，但是即便如此，这轮非科技的老登股目前估值也太低了，没有太大的下跌空间。13号我对科技总体评价就是三个字，不格局。说实话科技反弹也确实不太好做，我也感觉费劲，这玩意弹起来弹性真的大，目前我也不看空但是感觉节奏太难把握只能小仓位玩玩，总之像上一轮那样破新高的行情，肯定短期没有，2-3周之后再说。非科技的老登股，其实没有大家想的那么悲观，目前已经有一些赛道有点走出底部的趋势，比如医疗，再比如游戏，其实各位不知道有没有关注，一直被诟病的白酒锂电整车龙头，似乎都有筑底的感觉。当然也有一些如商业航天跌跌不休的赛道，所以分两类，跌跌不休的别看，等它止跌有抵抗再说，在已经筑底或者右侧的里面找机会。最后就是整个市场，我翻了一圈，从低位老登跌跌不休，然后高位科技轮流补跌，整个市场没有活口，没有哪个方向幸免于难，意味着整个市场已经经历了一轮下跌，包括科技目前跌了接近30%-40%，这个时候再去谈风险意义不大，我也不相信这种行情会持久。但是没必要去抗去猜，什么时候见信号，什么时候满仓。我经常形容就是一个进icu的病人，好起来不是迅速进ktv，它需要有个筹码交换的过程，所以先等止跌再满仓。而且最重要的是，维持持续缩量是止不了跌的，需要放量，病人需要营养，这些信号非常重要。因此我的建议就是，肯定这个位置不能空仓，但是也要有一部分仓位应对，等待市场量能回暖，情绪回暖的右侧再满仓。虽然现在很难像15年那样一路崩，但是各位要知道，个股下跌也是非常深的，没有止损是很恐怖的，因此要有止损，并不建议无脑硬抗。最后，市场是走出来的，不是猜出来的，首先要有抵抗要有量，不然别谈满仓，至于踏空别担心，各位很难见到突然从暴跌变连续暴涨，其实哪怕像924那段暴涨那么急，我们只隔了一天就果断确定趋势来了，因此哪怕各位水平不是很高，也会很快感觉到市场回暖和震荡的区别。最后我想强调一下:不管是因为量化或其他，市场越来越专业化，典型的表现就是散户和机构在这轮牛市的赚钱效应对比历次来说都是最差的。因此各位不必苛责自己，我的感受就是，市场确实越来越难了，这也是市场的一个演化方向，也许未来也像美股，以机构化为主了。更多独家逻辑分享关注同名gzh最后各位如果拿不准个股的，前期可以先考虑各行业etf，分散风险同时能吃到基本收益。
https://i10.hoopchina.com.cn/d19817ac83e3b0dc679e6d305657e8be_w_1079_h_686_.jpg?imageMogr2/format/webp/auto-orient?x-oss-process=image/resize,w_800/format,webp
https://i10.hoopchina.com.cn/eca41e808f462624148334150698cbec_w_1073_h_1603_.jpg?imageMogr2/format/webp/auto-orient?x-oss-process=image/resize,w_800/format,webp
https://i10.hoopchina.com.cn/d19817ac83e3b0dc679e6d305657e8be_w_1079_h_686_.jpg?imageMogr2/format/webp/auto-orient?x-oss-process=image/resize,w_800/format,webp
https://i10.hoopchina.com.cn/eca41e808f462624148334150698cbec_w_1073_h_1603_.jpg?imageMogr2/format/webp/auto-orient?x-oss-process=image/resize,w_800/format,webp"
好消息，韩国今天停盘，今天终于可以涨了。,52,62482,虎扑JR0980133427,07-18 09:07,"如题
"
熊市来了,11,5171,秦马正威,07-18 09:07,"准备去看伍佰演唱会，扫个电动车去高铁站，路上买了个饼，一共花了五块。打开手机今天亏了五千
"
富途被提前做空，现在神秘人被迫现身,1,2344,贞贞爱爬井,07-18 08:52,"
"
实盘DAY5,0,1034,一碗彗星炒饭,07-18 08:50,"早盘国产算力一波急跌，选择在深v低点全部割肉，属于被量化精准收割了。我给自己定的交易规矩是8.45前不做任何卖出操作，今天由于盯盘还是违反了这个规则。急跌的恐惧感一上身，所有的理智全部抛之脑后。今天又是知行不合一的一天，值得铭记。尾盘进了两层仓紫光，这票早盘支撑很强，尾盘应该是主力看形势不对放弃抵抗了。但也没跌出上一波平台支撑。国产算力算是很抗跌了，但是大盘摆在这，要有耐心。买了一点点广和通，做一下短线的放量大涨后的缩量回踩模式。验证阶段，打磨细节，坚决止损。
https://i10.hoopchina.com.cn/4EC33CCD3FA94C39C0D4600AA79F7168_w_1290_h_2796_.png?x-oss-process=image/resize,w_800/format,webp
https://i10.hoopchina.com.cn/1B64BDFBE0C6B8BBBBE11D5DFF2561CA_w_1290_h_2796_.png?x-oss-process=image/resize,w_800/format,webp
https://i10.hoopchina.com.cn/4EC33CCD3FA94C39C0D4600AA79F7168_w_1290_h_2796_.png?x-oss-process=image/resize,w_800/format,webp
https://i10.hoopchina.com.cn/1B64BDFBE0C6B8BBBBE11D5DFF2561CA_w_1290_h_2796_.png?x-oss-process=image/resize,w_800/format,webp"
股民是怎么练成的,0,713,潘帕斯禿鹰,07-18 08:48,"“为什么今天这么悲观呢？就不想再做一次最后的加仓奋斗吗？”这个没有解决的账户浮亏，像无底的深渊出现在他面前。他既然失去了最宝贵的东西——账户的主动权与盈利的能力，为什么还要扛着仓位呢？在现在和在凄凉的将来，他将怎样才能证明自己的交易生涯有价值呢？用什么来填满这漫漫磨底的日子呢？光是盯盘和割肉吗？只做一个无用的旁观者，看着北向资金在战斗中向前出逃吗？成为公募抱团队伍的累赘吗？他应不应该毁掉这个背叛了他的持仓呢？一键清仓，一切难题都解决了！以往既然能够在主升浪里拿得住票，现在就应当在适当的时间结束这痛苦的煎熬。谁能责备一个不愿意作绝望呻吟的交易者呢？他的手在屏幕上摸着券商APP的光滑卖出按钮，指头习惯地握住了下单的光标。他慢慢地滑出持仓列表，大声对自己说：“谁能想到你会有今天哪？科创50两天跌了11%，中际旭创们从云端跌进泥里！”卖出按钮轻蔑地对着他的眼睛。他把手指从卖出键移开，狠狠地骂着说：“朋友，这是假英雄！任何一个韭菜都会随时割掉自己的筹码！这是最怯懦也是最容易的出路。行情有了困难——就销户离场。你有没有试试去战胜这轮极端杀跌？你已经尽了一切力量来设法冲出这轮两融去杠杆的铁环吗？难道你已经忘记了在年初行情里，一天做过十几次T+1的冲锋，而终于排除一切困难赚下账户新高的时刻吗？把卖出单藏起来，永远不要让自己在恐慌的最低点交出筹码。即使市场到了实在是难以忍受的地步，也要守住仓位，让这笔资金变得有益于自己的人生复利与国家资本市场的长期建设！”
https://i5.hoopchina.com.cn/cda7b5fd8c411b173779a09d29330b4c_w_1440_h_1103_.jpg?imageMogr2/format/webp/auto-orient?x-oss-process=image/resize,w_800/format,webp
https://i5.hoopchina.com.cn/cda7b5fd8c411b173779a09d29330b4c_w_1440_h_1103_.jpg?imageMogr2/format/webp/auto-orient?x-oss-process=image/resize,w_800/format,webp"
核心规律：牛市末期资金极度集中于抱团龙头，大部分个股不涨反跌，呈现“指数涨、个股跌”的极端分化。,0,591,管住手尾盘买,07-18 08:48,"“指数涨、个股跌”的本质，就是增量资金枯竭、存量资金极限内卷的必然结果。在金融学里，这被称为“流动性虹吸效应”。我们可以把这个过程拆解开来看，为什么增量资金不足会导致这种极端分化：1. 增量资金枯竭，存量资金只能“抱团”牛市初期和中期，场外资金（储蓄搬家、外资、新发基金）源源不断涌入，水涨船高，所有板块都能分到一杯羹（普涨）。但到了牛市末期，能进场的资金基本都进场了，增量资金断档。此时，场内机构为了维持净值，不敢去拉升那些缺乏增量资金接盘的中小盘股（因为拉了也卖不出去），只能把仅剩的存量资金全部集中到少数几个有“共识”的龙头股里，形成极端的“抱团”。2. 中小盘股遭遇“抽血效应”既然总资金池不再扩大，龙头股的暴涨靠什么维持？靠“抽血”。机构为了买入高位的抱团龙头，必须卖出其他非抱团的中小盘股来腾出仓位。这就导致了一个极其残酷的现象：龙头股的每一次冲高，都伴随着大量中小盘股的失血下跌。 这就是为什么牛市末期，大部分个股不涨反跌。3. 基金发行陷入“死亡悖论”牛市末期，散户看到龙头股天天涨，疯狂申购主题基金（比如2021年初的“医药/白酒/新能源”基金）。散户的钱进来了，但增量资金并没有真正变多，因为这是从其他股票里抽出来的钱。基金经理拿到这些钱，只能继续买龙头股（因为中小盘股流动性差，大资金买不进去，且没有业绩支撑）。这进一步推高了龙头股的估值，同时继续抽干中小盘股的流动性。最终，当最后一点增量资金也被榨干时，这个“击鼓传花”的游戏就彻底崩盘了。
"
韭菜的觉悟！,0,345,虎扑JR0780926270,07-18 08:48,"《这次不一样》《早知道》《贪了》《没跑掉》《差一分》《我感觉要涨》《我感觉要跌》《明天怎么看》《还会跌的》《又亏了》《要跑吗》《老师怎么办》《下次一定跟》《救命》《大腿拍断》《价值投资》《5年后再看》《下次一定遵守纪律》《违反了我的体系》《以后控制仓位慢慢来》《不卖就不亏》《不敢跟家里人说》《事到如今最对不起的就是家人》
"
0716复盘：散户手机里最不缺的就是哭的表情包,50,33345,巴萨主教练弗里克,07-18 08:47,"【今日操作】1. 沪电股份& 欧菲光 & 大元泵业：持仓不动；2. 科创50etf：1.93重新建仓；【今日洞察】1.大盘1）走势：全天震荡调整，打出阶段新低3867.60,，最后收在3882.41；最近也在考虑牛市是不是结束了这件事；因为之前专门整理过一篇专栏，里面列举了很多项牛市见顶的信号，如果满足了其中大部分标准，就需要警惕了；我用最近的宏观数据指标和大盘的指标，对比了一下，只是亮了两盏黄灯而已，至少在我的体系和经验里，还没出现明确牛转熊的信号；当然我知道这个阶段大部分人的心气都磨没了，正常，我也是打开K线图就生理性厌恶。2）量能：2.4万亿，缩量大跌；3）赚钱效应：涨跌比2499:2861，涨跌停比48:38；下午2:30开始，逐渐杀出一些恐慌盘：2:50开始，有一些资金进场承接；只要散户割得足够多，就有大资金去抄底；现在的策略就是，要么第一根破位大阴线赶紧跑路，要么一直不跑，坚信基本面；千万不能扛到最后一刻情绪崩溃了才跑；2. 板块1）证券&金融科技：有证券股跌停了，对自己人也这么狠...或者说没有自己人，都是对手盘；证券还是不能偏离20日线太多，目前结构没坏；2）银行：一旦银行也发起撤退，一切都坏起来了；但也许不是坏事，真想出清止损盘制造恐慌的话，几天跌到位，比阴跌几个月要好；3）PCB：早上还是表现出很强的主动性的，但无奈权重砸太大，被动下杀；不过整体结构没有走坏；AI叙事应该还没结束，抛开AI的发展前景不谈，现在高端制造已经是拉动出口的重要引擎之一了；4）半导体：补跌还是来了，依然是存储领跌，在长鑫上市前先挖了个大坑；科创50在这个位置可能有技术性反弹，但不确定结构上是不是阶段低点，需要观察；5）电池：今天锂矿还是有逆势拉起来的想法的；现在资金在交易下半年碳酸锂价格不再上涨的预期，等利空出尽，缩量止跌的时候，只要碳酸锂价格有点回弹，那么股价还是有上涨预期的，只不过时间不确定；6）机器人&汽车零部件：一度有拉起来的想法，但是还是被摁下去了；机器人倒是有止跌的迹象了；8）创新药：板块到了反弹压力位，今天又有一些资金提前跑了；其实如果炒药明 恒瑞这种龙头，也挺好的；如果出了礼来、诺和诺德这样的公司，那更好，那样的话创新药板块有长牛的基础；退一步讲，炒猴子涨价，也能接受，就跟囤存储芯片涨价是一个道理；但现在连卖香蕉的都开始炒，甚至蔓延到沙和尚了，这哪敢参与，越来越魔幻了；这还没到8月底，中报正式披露都还没来，怎么就开始炒这种故事了？只能说资金实在没地方去了；3. 个股1）沪电股份：虽然尾盘回落了很多，但今天确实要谢谢沪电，早盘独自勇敢冲锋，拯救了科技的情绪，多头确实在努力；而且最近财报好看，次日暴跌的股太多了，沪电也算是挽救了一些市场信心；技术面上，又是冲高回落，但是跟昨天一样，拉升放量，回踩缩量，还是有人在看场子的；如果打开60分钟级别的图会更明显，二次探底123以后，每次开盘的前60分钟，都是爆量阳柱，多头在维护股价，重心在抬高，只是没有发起猛烈冲击；2）三花智控：依然有资金在托底；技术面上，60分钟级别基本止跌，这个位置需要缩量横盘消化套牢的筹码，慢慢构筑底部结构；3）欧菲光：打出新低，周线有破位迹象，按照纪律是不加仓的，明天周线如果收不回8.36，考虑离场；4）德明利：收盘都还有80亿左右的封单，在A股排得上号了，上次应该是利欧的百亿封单；存储甚至半导体板块，都是被它带崩了；明天不能再封死跌停了，不然很多融资盘要爆仓；5）大元泵业：主力资金的控盘能力确实很强，不服不行，液冷龙头的实力；【写在最后】本文所提到的观点仅代表个人的意见，所涉及标的不作推荐，据此买卖，风险自负。坚持分享不易，如果我的文章帮助你赚到了钱，请不要吝惜充电、投币和打赏的手，这对我是很大的认可和鼓励，也请把我的文章分享给朋友们一起赚钱；如果暂时没赚到钱，也可以多多帮忙点赞收藏分享，希望我的文章未来可以帮你赚到钱。
"
7月份的这一波单边下跌的原因是什么？,67,17728,LALandRMCF卢卡,07-18 08:46,"我觉得转熊了1.单边下跌2.gjd多次救场，但依然抵抗不了下跌3.每一次有反弹，就被按下去
"
张晶霖：伦敦金震荡迎黑色星期五？7.17黄金走势分析及操作建议！,1,232,张晶霖,07-18 08:45,"　　市场无非就是多空的交易，非多即空，非空即多，多空的博弈其实是利润的二次分配，很多投资者遇到一个尴尬的问题，那就是上涨的时候手里有空单，下跌的时候发现手里有多单，设好的止损刚好被秒，不设的止损刚好被套，悲催的事情经常发现，已经变成了习惯，赚钱的单子心慌，亏钱的单子套到没办法再慌，锁了的单子就没有成功解出来几个，做股票的时候帐户绿的像油菜地，做黄金的时候帐户红的跟战场，真正的盈利是思路改变的时候，真正的翻倍是遵守规则的时候，其实一个简单的道理，当你不再做大多数人干的事，就会远离这些悲催。　　​　　——美伊局势余威仍存，黄金空头待加速——　　　　周五(7月17日)亚欧时段，美伊冲突愈演愈烈，叠加全球权益市场大幅下挫风险偏好恶化，而现货黄金走势出现利空不跌现象，目前小幅反弹0.60%交投于3999美元/盎司。隔天中东紧张推升油价和美债收益率之际，投资者对通胀的担忧加剧，强化美国利率居高不下的预期，也打压不生息的黄金。最新消息显示，伊朗部分机场、桥梁和铁路枢纽遭到美军袭击，这令美伊冲突进一步升级。　　　此轮金价下跌是多重利空共振的结果：地缘冲突推高油价和通胀预期，美元与美债收益率同步走强，美国经济数据展现韧性，美联储加息预期升温。这些因素共同削弱了黄金的避险和抗通胀属性，导致价格快速回落至7月初以来的低点。　　　　——黄金技术走势分析，晚间如何操作？——　　　　黄金从日线上看，价格处于中轨下方并接近下轨，说明中期趋势仍偏弱，波动重心持续下移。MACD快慢线仍位于零轴下方，柱状图虽转正，但高度逐步收窄，反映空头动能边际减弱，却尚未形成趋势反转。从4小时线上看，上方存在。多重均线压制。均线MA10以及中轨附近的均线，这些位置对黄金价格的上涨形成了明显的阻力。MACD呈现死叉放量的状态，这表明市场的空头力量正在增强。死叉意味着短期的市场趋势偏向于下跌，而且放量说明这种下跌的动能还在持续增加。灵动指标sto在超卖区运行，这显示出4小时周期的行情处于震荡偏弱的状态。整体来看，今晚黄金操作上张晶霖建议震荡偏空对待！　　　　晚间黄金操作策略：　　　　空单策略：上方4002-4004做空，止损4018，目标3970、3945附近。　　　　周四保本，今天空单完美狙击（文章策略与自媒体策略会有差异，请做出正确参考）：昨日早间我们在4032做多后，经过长时间的折腾，最后保本离场。晚间忙着指导实盘，就没有公开策略。不过今天早间4006空单算是完美狙击，拿下最高26个点空间，折合20美金。周四、周五交易2单，折合单手盈利21个点。关注张晶霖的朋友都有目共睹，每日只提供现价单，不信可翻阅自媒体历史记录。实盘每日的策略才会增加，有需求的朋友，可以考虑跟上张晶霖的节奏。　　黑色星期五，又不知如何下手？：很多时候，我们谨慎的时候，反而市场没有出现“洗盘”，但交易节奏和心态，不该被这些小概率事件所影响。今天晚间不管有没有大的动静，想考虑短线交易的，多单止损3969，空单止损4018即可。今天价格处于底部震荡，没有给出破低下跌，但短线转空的情况，且欧盘价格持续压制在4009下方的情况下，我们晚间依旧偏向于反弹做空。　　　　文/张晶霖 编撰　　　本文属作者原创，转载请注明出处
https://i1.hoopchina.com.cn/blogfile/20267/17/BbsImg_267446377857201_1784288619_s_85099_o_w_600_h_330_12054.jpeg?x-oss-process=image/resize,w_800/format,webp
https://i5.hoopchina.com.cn/blogfile/20267/17/BbsImg_267446377857201_1784288619_s_59884_o_w_519_h_390_26162.jpeg?x-oss-process=image/resize,w_800/format,webp
https://i1.hoopchina.com.cn/blogfile/20267/17/BbsImg_267446377857201_1784288619_s_63571_o_w_600_h_404_43981.jpeg?x-oss-process=image/resize,w_800/format,webp
https://i1.hoopchina.com.cn/blogfile/20267/17/BbsImg_267446377857201_1784288619_s_85099_o_w_600_h_330_12054.jpeg?x-oss-process=image/resize,w_800/format,webp
https://i5.hoopchina.com.cn/blogfile/20267/17/BbsImg_267446377857201_1784288619_s_59884_o_w_519_h_390_26162.jpeg?x-oss-process=image/resize,w_800/format,webp
https://i1.hoopchina.com.cn/blogfile/20267/17/BbsImg_267446377857201_1784288619_s_63571_o_w_600_h_404_43981.jpeg?x-oss-process=image/resize,w_800/format,webp"
老登们怎么不说话了？,46,10462,丶数字君,07-18 08:41,"科技跌了也没看你们赚钱啊？都开始怀疑市场了我就知道可以再加仓了，我巴不得看你们被洗死
"
实盘分享:45w到55w 第27天,3,906,林书豪JeremyL,07-18 08:35,"已经被市场打懵，捂着眼睛充值当黄金坑看待吧
https://i11.hoopchina.com.cn/814216820f77ca2bc9b2e74a82ddd86b_w_1080_h_2444_.jpg?x-oss-process=image/resize,w_800/format,webp
https://i11.hoopchina.com.cn/814216820f77ca2bc9b2e74a82ddd86b_w_1080_h_2444_.jpg?x-oss-process=image/resize,w_800/format,webp"
科技能抄底了吗？后续必然有一波修复。,15,7922,虎扑JR0575288711,07-18 08:27,"但是主要是不知道啥时候是底。目前深套老登股的都还在死扛，还都没往科技转，说明科技必然还会新高的。什么时候把这波老登股套牢的人全吸到科技才会跌。
"
持有老登股的我，估计今年的班白上了，纯纯付费炒股了。,122,37924,玄德秦岭,07-18 08:17,"
https://i5.hoopchina.com.cn/e3e37d3b7f2f080bf15ea57cdd4f85df_w_1220_h_2712_.jpg?imageMogr2/format/webp/auto-orient?x-oss-process=image/resize,w_800/format,webp
https://i3.hoopchina.com.cn/4d78439bad8801c1d20ef4306c283e6f_w_1220_h_2712_.jpg?imageMogr2/format/webp/auto-orient?x-oss-process=image/resize,w_800/format,webp
https://i10.hoopchina.com.cn/22d6b32705ec3df1ace70b9c46754e84_w_1220_h_2236_.jpg?imageMogr2/format/webp/auto-orient?x-oss-process=image/resize,w_800/format,webp
https://i5.hoopchina.com.cn/e3e37d3b7f2f080bf15ea57cdd4f85df_w_1220_h_2712_.jpg?imageMogr2/format/webp/auto-orient?x-oss-process=image/resize,w_800/format,webp
https://i3.hoopchina.com.cn/4d78439bad8801c1d20ef4306c283e6f_w_1220_h_2712_.jpg?imageMogr2/format/webp/auto-orient?x-oss-process=image/resize,w_800/format,webp
https://i10.hoopchina.com.cn/22d6b32705ec3df1ace70b9c46754e84_w_1220_h_2236_.jpg?imageMogr2/format/webp/auto-orient?x-oss-process=image/resize,w_800/format,webp"
请问我的全部持仓和巴萨的持仓哪个更好呢,61,26493,川川6043,07-18 08:15,"包括智谱和海力士
https://i1.hoopchina.com.cn/91B5303AC6C74552E667C2E1F3A03A67_w_1260_h_2736_.png?x-oss-process=image/resize,w_800/format,webp
https://i3.hoopchina.com.cn/32273A0FC460E9E1D86209F58899FC5C_w_515_h_180_.png?x-oss-process=image/resize,w_800/format,webp
https://i11.hoopchina.com.cn/7743DDFE2B1C787C25D393AD0889F2D6_w_1260_h_2736_.png?x-oss-process=image/resize,w_800/format,webp
https://i1.hoopchina.com.cn/91B5303AC6C74552E667C2E1F3A03A67_w_1260_h_2736_.png?x-oss-process=image/resize,w_800/format,webp
https://i3.hoopchina.com.cn/32273A0FC460E9E1D86209F58899FC5C_w_515_h_180_.png?x-oss-process=image/resize,w_800/format,webp
https://i11.hoopchina.com.cn/7743DDFE2B1C787C25D393AD0889F2D6_w_1260_h_2736_.png?x-oss-process=image/resize,w_800/format,webp"
李一恩的单日暴跌观点顶不顶？7月14日+29655,42,16687,紫气东睐,07-18 08:14,"李一恩上周四晚上判断下周或下下周有个单日暴跌，结果上周五、本周一大跌，因为他个人主要关注光模块，光模块实际昨天已经企稳了甚至按捺不住想向上攻，所以差不多是符合他的判断。最近越来越离谱了，上周四+2万7，上周五-1万9，周一-1万2，现在我的账户每天最少波动都是1万打底，过去大部分时间都是四五千块的波动。兄弟们最近的过山车怎么样，刺激不刺激，希望你没有在这个超级过山车回到原点的过程中丢掉了筹码。昨天大跌之后，我关注的很多多头大V都退缩了、沉默了，只有李一恩坚定的说，如果你有钱这个位置就买一些散户的割肉盘，说实话如果是过去这么大的波动，我早就在回来的过程中大减仓了，但是现在除了很少一部分高抛低吸我不太想动，因为李一恩的判断被验证太多次了，只能说我从5月份才开始听他的抖音确实有点晚了。《学习之道》里有一句话“纵览全局和持之以恒的品质，几乎在任何领域都是成功的关键”。李一恩没怎么讲过K线技术路线，他是从大趋势的角度分析光模块的前景，算是纵览全局；他天天说光模块和算力拿着别动一年了，也绝对是持之以恒了，所以如果你跟我一样在股市里迷茫，我建议你多听听他的抖音。
https://i1.hoopchina.com.cn/editor/ce143bdae69cd10e1dada982ef6c8f39_w_1284_h_1721_.jpeg?x-oss-process=image/resize,w_800/format,webp
https://i1.hoopchina.com.cn/editor/ce143bdae69cd10e1dada982ef6c8f39_w_1284_h_1721_.jpeg?x-oss-process=image/resize,w_800/format,webp"
来个大手子，说怎么办？明天怎么办？,9,1927,虎扑JR1396885626,07-18 07:52,"
https://i10.hoopchina.com.cn/9745363a59442a5195b7079a145b98b0_w_1060_h_2376_.jpg?imageMogr2/format/webp/auto-orient?x-oss-process=image/resize,w_800/format,webp
https://i1.hoopchina.com.cn/9e4b449f6e487fbbd82888dab002b7ec_w_1060_h_2376_.jpg?imageMogr2/format/webp/auto-orient?x-oss-process=image/resize,w_800/format,webp
https://i10.hoopchina.com.cn/9745363a59442a5195b7079a145b98b0_w_1060_h_2376_.jpg?imageMogr2/format/webp/auto-orient?x-oss-process=image/resize,w_800/format,webp
https://i1.hoopchina.com.cn/9e4b449f6e487fbbd82888dab002b7ec_w_1060_h_2376_.jpg?imageMogr2/format/webp/auto-orient?x-oss-process=image/resize,w_800/format,webp"
这半个月发生了啥,46,29266,陪维金斯打到80岁,07-18 07:48,"因为工作原因最近没时间看股，市场上发生啥事了
"
长鑫上市大概多少钱,2,1696,虎扑JR1359676599,07-18 07:47,"有人看到说大概7.2美元，是真的吗，也不知道他怎么知道 的 
"
卖房炒股的第 4 天,33,8043,巴菲特爱吃韭菜,07-18 07:27,"上个月大幅跑输，这个月追回来。少看，少动，动的越多，错的越多。
https://i1.hoopchina.com.cn/7CF10D88F16D90690142460311920976_w_1284_h_1353_.png?x-oss-process=image/resize,w_800/format,webp
https://i11.hoopchina.com.cn/A6E96DD653B9C5DFA3DBCA46DFE5D7D8_w_1284_h_1381_.webp?x-oss-process=image/resize,w_800/format,webp
https://i3.hoopchina.com.cn/AA13D7B0856327A5C80CA9738B497219_w_1284_h_2016_.png?x-oss-process=image/resize,w_800/format,webp
https://i1.hoopchina.com.cn/7CF10D88F16D90690142460311920976_w_1284_h_1353_.png?x-oss-process=image/resize,w_800/format,webp
https://i11.hoopchina.com.cn/A6E96DD653B9C5DFA3DBCA46DFE5D7D8_w_1284_h_1381_.webp?x-oss-process=image/resize,w_800/format,webp
https://i3.hoopchina.com.cn/AA13D7B0856327A5C80CA9738B497219_w_1284_h_2016_.png?x-oss-process=image/resize,w_800/format,webp"
今天是我今年玩股票以来见过最夸张的一天,38,57885,一个菠萝油,07-18 07:19,"科技，老登通杀，板块都准备跌停，不单单科技股，连什么创新药，消费都大跌，真觉得要回到3000点了
"
0718早评｜乘着下跌，多关注宏观面会给我们带来点啥干货,0,102,韩叔聊投资,07-18 06:22,"欢迎JRs收听今日的播客
"
卖了北京的房炒股第 1 天,73,44999,巴菲特爱吃韭菜,07-18 06:22,"接上一个帖子，在北京买房，5 年时间亏了 100多万，今年决定卖房把钱投到大A里。上周卖房款到账，今天充值 30 万，另外 100万给老婆打理，她主要做指数基金加债券的均衡配置，不碰个股。算了一下，相当于目前我们家庭资产的 90% 都在大 A。 目标是这 200 万用 5 年时间盈利 50%，也就是从大 A 挣100万，填上买房的坑。经过前面几年的摸爬滚打，已经确定了未来五年的持仓结构：A500—20%创业板+科创—15%中海油—15%特变电工—15%中概+恒生科技 15%红利低波—10%其他（恒生医药、紫金矿业、长江电力）—10%以上仓位百分比代表的是上限，大部分时间都会保持 8 成仓左右，出现极端回撤（3000 以下）考虑满仓，后面每月更新一次收益，一起见证。「股市有风险，投资需谨慎」。大家觉得，有戏吗？
https://i10.hoopchina.com.cn/273418E978E8849BD719FB299FBCAFC8_w_4032_h_3024_.jpg?x-oss-process=image/resize,w_800/format,webp
https://i10.hoopchina.com.cn/5E2C77363B3E99618F0DF607A4DCD320_w_1284_h_1381_.png?x-oss-process=image/resize,w_800/format,webp
https://i11.hoopchina.com.cn/59CCED939BCEB88F91351F98134343BF_w_1284_h_2028_.png?x-oss-process=image/resize,w_800/format,webp
https://i10.hoopchina.com.cn/273418E978E8849BD719FB299FBCAFC8_w_4032_h_3024_.jpg?x-oss-process=image/resize,w_800/format,webp
https://i10.hoopchina.com.cn/5E2C77363B3E99618F0DF607A4DCD320_w_1284_h_1381_.png?x-oss-process=image/resize,w_800/format,webp
https://i11.hoopchina.com.cn/59CCED939BCEB88F91351F98134343BF_w_1284_h_2028_.png?x-oss-process=image/resize,w_800/format,webp"
还有人记得，五洲交通吗,8,16309,火神赶路,07-18 05:04,"
https://i1.hoopchina.com.cn/0F75BC21310007A1DAFD503A232B9844_w_1320_h_2868_.png?x-oss-process=image/resize,w_800/format,webp
https://i1.hoopchina.com.cn/0F75BC21310007A1DAFD503A232B9844_w_1320_h_2868_.png?x-oss-process=image/resize,w_800/format,webp"
谈谈我的投资策略,69,51788,中场大师凯塞多,07-18 04:33,"前文1前文2昨天有个小韭菜居然追着我胡搅蛮缠，所以写一篇文章供大伙参考。不敢说多厉害，但到目前连续七年没有亏损，股票圈里很多都是始终在亏的新人，希望帮助大家少走些弯路。1.买的便宜，一定要买的足够便宜。这是超级铁律。如果你不会DCF估值，不懂自由现金流折现，拿现在来说，最简单就是去找股价比大盘2600还便宜的，企业经营良好，分红优异，且有一定发展空间的企业长期优质企业最简单办法就是看这三点：股息率高，业绩增长率为正，pe分位<102.第一条反过来，再好的东西不能买贵。买到坏的不可怕，买到贵了最可怕。这也是熊市不亏钱，牛市最亏钱的原因。3.耐心等待，其实投资很简单，买到一个便宜的好东西，等待他价值回归（烟蒂股），这也是巴菲特早起最简单的投资逻辑。心态要放好。4.永远不要忘记站在战略高度去审视市场，在市场里活下去比任何事情都重要。不要亏掉本金，不要亏掉本金，不要亏掉本金。
https://i5.hoopchina.com.cn/B502C86A7CB407ED9AD6349C16587252_w_1206_h_2622_.png?x-oss-process=image/resize,w_800/format,webp
https://i5.hoopchina.com.cn/B502C86A7CB407ED9AD6349C16587252_w_1206_h_2622_.png?x-oss-process=image/resize,w_800/format,webp"
下跌无量，反弹带量,25,7219,狐尔摩斯看盘2号,07-18 02:55,"这波下跌可能真的要结束了
https://i10.hoopchina.com.cn/2517BD4D72896DA5F741A4DABAF9E5C7_w_1206_h_2622_.png?x-oss-process=image/resize,w_800/format,webp
https://i10.hoopchina.com.cn/2517BD4D72896DA5F741A4DABAF9E5C7_w_1206_h_2622_.png?x-oss-process=image/resize,w_800/format,webp"
炒股还是基金？,9,3985,薄荷糖0124,07-18 01:41,"老哥们进来说说，教教
"
我在虎扑学习炒股 股海遨游一年半练习生实盘               day0,0,371,五彩缤纷的阿财,07-18 00:07,"出于一个一般上班族闲暇时候想捣鼓捣鼓股市，于2025年2月27日开户，由于是一个资深老JRS，也没接触过雪球，在虎扑仰望各位大佬，于2025年3月5日综合股区大手子飞哥的分享买入100股华夏幸福（2.48/股票），初始的投资金额少于99%的JRS，基本上是楼主当地的最低工资标准。在这两年中出道即滑铁卢，资金一路缩水至1500元，于年底买入逆天改命的巨力索具，启动前买入，持股时间不久即完成翻倍，又踩中锂电的主升浪，江特电机推至高潮，最高来到3700元的账户，现又几度浮沉在本周五收盘最新账户为3148元，现斗胆在高手云集的虎扑股票区分享一下每交易日实盘，和大家讨论讨论，因为资金量小，也不构成投资建议，大伙看个乐子，多给楼主点建议现在全仓一鸣食品，最近风浪太大，在老登板块躲一躲
https://i10.hoopchina.com.cn/A4EC36D3586F92E083EF8BD1BD4D4B65_w_1170_h_2532_.jpg?x-oss-process=image/resize,w_800/format,webp
https://i5.hoopchina.com.cn/2BE5BB524DE8A295A0C3DEBCF16093CF_w_1170_h_2532_.jpg?x-oss-process=image/resize,w_800/format,webp
https://i3.hoopchina.com.cn/EE3569B99FE55DF043E39B137AE69850_w_1170_h_2532_.png?x-oss-process=image/resize,w_800/format,webp
https://i1.hoopchina.com.cn/E2EA22BC569B8B2D4A3D922F63C17C87_w_1170_h_2532_.png?x-oss-process=image/resize,w_800/format,webp
https://i11.hoopchina.com.cn/C4A7F244CFD1613D73FA0F6F70365A13_w_1170_h_2532_.png?x-oss-process=image/resize,w_800/format,webp
https://i10.hoopchina.com.cn/A4EC36D3586F92E083EF8BD1BD4D4B65_w_1170_h_2532_.jpg?x-oss-process=image/resize,w_800/format,webp
https://i5.hoopchina.com.cn/2BE5BB524DE8A295A0C3DEBCF16093CF_w_1170_h_2532_.jpg?x-oss-process=image/resize,w_800/format,webp
https://i3.hoopchina.com.cn/EE3569B99FE55DF043E39B137AE69850_w_1170_h_2532_.png?x-oss-process=image/resize,w_800/format,webp
https://i1.hoopchina.com.cn/E2EA22BC569B8B2D4A3D922F63C17C87_w_1170_h_2532_.png?x-oss-process=image/resize,w_800/format,webp
https://i11.hoopchina.com.cn/C4A7F244CFD1613D73FA0F6F70365A13_w_1170_h_2532_.png?x-oss-process=image/resize,w_800/format,webp"
区里几个老熟人不更新了,37,15013,炒股赚科研经费,07-17 23:58,"夜大，龙哥，嘴哥，火老师，晕老师
"
颠簸已过，系好安全带准备出发,126,68156,围棋少年钟爱紫金矿业,07-17 23:56,"这一周确实是不好过，就像过年自驾返乡，经过一段烂路一样。你会因为路太颠簸而选择掉头吗？如果没有，那么恭喜你！挺过了一路的颠簸，马上可以看到自己家的大门了！
https://i5.hoopchina.com.cn/hupuapp/bbs/776/21004776/1783583233_857068IMG_0147_w_1320_h_2868_.png?x-oss-process=image/resize,w_800/format,webp
https://i5.hoopchina.com.cn/hupuapp/bbs/776/21004776/1783583233_864393IMG_0145_w_1320_h_2868_.png?x-oss-process=image/resize,w_800/format,webp
https://i5.hoopchina.com.cn/hupuapp/bbs/776/21004776/1783583233_857068IMG_0147_w_1320_h_2868_.png?x-oss-process=image/resize,w_800/format,webp
https://i5.hoopchina.com.cn/hupuapp/bbs/776/21004776/1783583233_864393IMG_0145_w_1320_h_2868_.png?x-oss-process=image/resize,w_800/format,webp"
熬过了寒冬与最黑暗时刻，下半年才刚刚开始,8,1222,1oop1oop,07-17 23:48,"
"
分享我这轮牛市暴跌前后两个月的心历路程,12,3873,淘股奶爸,07-17 23:34,"我大概是从五月底开始提示风险，但是那时候大盘不顾一切的疯涨，五月六月很煎熬，七月风险真的来了，我已经明牌看空了，大家也可以看我之前的帖子，最近的几篇帖子，分别是不要轻易接盘，还有就是他们不仅要吃干抹尽还要敲骨吸髓
https://i10.hoopchina.com.cn/319fb032cc960d42c69dabfc5720b976_w_546_h_905_.png?x-oss-process=image/resize,w_800/format,webp
https://i3.hoopchina.com.cn/8d51c230fafa3d26c4f3778e71a801d4_w_546_h_993_.png?x-oss-process=image/resize,w_800/format,webp
https://i10.hoopchina.com.cn/5247617fccf39643df9f130597fcd1c1_w_546_h_993_.png?x-oss-process=image/resize,w_800/format,webp
https://i3.hoopchina.com.cn/3a0816990b921e3a3820d151f42f5c68_w_532_h_847_.png?x-oss-process=image/resize,w_800/format,webp
https://i5.hoopchina.com.cn/9743cf11a6462615a9b88d1e0a736e05_w_1084_h_990_.jpg?x-oss-process=image/resize,w_800/format,webp
https://i10.hoopchina.com.cn/319fb032cc960d42c69dabfc5720b976_w_546_h_905_.png?x-oss-process=image/resize,w_800/format,webp
https://i3.hoopchina.com.cn/8d51c230fafa3d26c4f3778e71a801d4_w_546_h_993_.png?x-oss-process=image/resize,w_800/format,webp
https://i10.hoopchina.com.cn/5247617fccf39643df9f130597fcd1c1_w_546_h_993_.png?x-oss-process=image/resize,w_800/format,webp
https://i3.hoopchina.com.cn/3a0816990b921e3a3820d151f42f5c68_w_532_h_847_.png?x-oss-process=image/resize,w_800/format,webp
https://i5.hoopchina.com.cn/9743cf11a6462615a9b88d1e0a736e05_w_1084_h_990_.jpg?x-oss-process=image/resize,w_800/format,webp"
中奖尾号。。。,20,4160,你是一个瘟猪子,07-17 23:34,"188，438，688，938。。我710开始，585个号，只中了两签。。手气不好。。各位自己看哈自己的手气
"
半导体设备ETF拿到年底，会涨吗？,40,18370,ymcc1994,07-17 23:31,"气消了，买个ETF直接给干亏十几个点。拿到年底能给红着出去么？
"
2026拯救大号计划,75,5487,大kb树,07-17 23:30,"之前交易路上走过许多弯路，经历11个月将小号亏到-13%到回本(上一个帖子)。现在从一月份开始拯救大号，二月+5.57%，遵守交易计划，希望今年好运4月德福和琏升救了狗命，收官，希望下个月好运
https://i3.hoopchina.com.cn/editor/faf8c1eb283613c93b29898cdb24ddd4_w_1476_h_833_.png?x-oss-process=image/resize,w_800/format,webp
https://i3.hoopchina.com.cn/editor/b71ac32645e5d04a927b7c4692113e1a_w_1702_h_1212_.png?x-oss-process=image/resize,w_800/format,webp
https://i3.hoopchina.com.cn/editor/faf8c1eb283613c93b29898cdb24ddd4_w_1476_h_833_.png?x-oss-process=image/resize,w_800/format,webp
https://i3.hoopchina.com.cn/editor/b71ac32645e5d04a927b7c4692113e1a_w_1702_h_1212_.png?x-oss-process=image/resize,w_800/format,webp"
回本还有希望吗,44,19963,佛曰丶不可狂,07-17 23:24,"
https://i10.hoopchina.com.cn/8f47ed555fb1dc650bd62fd755c04f53_w_1200_h_2608_.jpg?imageMogr2/format/webp/auto-orient?x-oss-process=image/resize,w_800/format,webp
https://i10.hoopchina.com.cn/8f47ed555fb1dc650bd62fd755c04f53_w_1200_h_2608_.jpg?imageMogr2/format/webp/auto-orient?x-oss-process=image/resize,w_800/format,webp"
加更——再创新低,11,3323,雲隐浙北,07-17 23:11,"其实不想写了。昨天复盘预计要来了，今天一起见证啊😂如果说你扛过了主跌段，最后这一跌的尾巴也没必要躲了吧。再拿一两个交易日看清前面的路或许更划算，但看个人选择啊！因为我不知道今天这个低开会不会一步到位。也许一步到位，也许低开后还有个快速下探。仁者见仁智者见智吧，有人会尝试低吸看做机会。
"
股市为什么跌的这么狠,1,1251,饭圈猎手,07-17 23:01,"
"
今天可以抄底除科技以外的所有被错杀的股,39,13821,海边的宁静,07-17 23:00,"
"
又名《消失的3800》,2,1637,七哥股市看戏2,07-17 22:50,"一、今日行情，又名《消失的3800》早盘一开，三大指数就像约好了去蹦极，一个比一个跳得欢。沪指先是试探性地往下蹭了蹭，到了午后终于憋不住——“噗”一声，3800点破了。有人说3800点是""心理防线""，今天市场用实际行动证明：心理防线这东西，就像女生的""我就看看不买""，说着说着就没了。创业板指今天格外争气，跌了5.82——别人是绿色，它是墨绿色；别人是下跌，它是自由落体。科创综指更狠，跌超6%，直接给科技股爱好者上了一堂""风险教育课""。全市场超4700只个股下跌。什么概念？就是你去菜市场买菜，4700个摊位只有几十家开门，还全是卖苦瓜的。二、板块众生相：有人吃肉，有人吃面今天的盘面，电力和银行是为数不多的逆势上涨板块。银行涨，是因为大家把钱从股市取出来存回去了——这叫""用脚投票""；电力涨，大概是市场觉得跌成这样，总得有人来""发电""提振一下士气吧。另一边，半导体、医药医疗、算力硬件、贵金属集体扑街。尤其是半导体，跌得连亲妈都不认识——海外半导体崩了，亚太跟着崩，A股自然也没能幸免。通信行业跌幅8.28%，电子跌7.50%，机械设备跌6.07%。这跌幅，不知道的还以为这些公司集体宣布明天倒闭。三、成交量：人没走，钱没了两市成交额预计全天接近2.5万亿。量能还在，说明人没走——但打开账户一看，钱没了。有人说这叫""放量下跌""，翻译成人话就是：大家都在跑，谁跑得慢谁买单。四、周末寄语这一周，从周一到周五，大盘像极了减肥的你——每天都在往下走，偶尔反弹一下纯属意外。但换个角度想：3800点的A股，就像打折季的商场——你永远不知道现在是打八折还是打骨折。周末了，把交易软件关掉，把心情打开。股市跌了可以再涨，但周末过完了可就真没了。祝各位周末愉快，账户下周见——希望是往上见。
"
金融在读研究生实盘 25w到50w的第215天,35,10005,会飞的禾斗匕匕,07-17 22:49,"胜宏我xxx
https://i1.hoopchina.com.cn/125aa84644d4d35c98580b4be4d253c5_w_1259_h_554_.png?imageMogr2/format/webp/auto-orient?x-oss-process=image/resize,w_800/format,webp
https://i1.hoopchina.com.cn/2c64227718a62c57cd4990506dff334c_w_1256_h_1855_.png?imageMogr2/format/webp/auto-orient?x-oss-process=image/resize,w_800/format,webp
https://i1.hoopchina.com.cn/125aa84644d4d35c98580b4be4d253c5_w_1259_h_554_.png?imageMogr2/format/webp/auto-orient?x-oss-process=image/resize,w_800/format,webp
https://i1.hoopchina.com.cn/2c64227718a62c57cd4990506dff334c_w_1256_h_1855_.png?imageMogr2/format/webp/auto-orient?x-oss-process=image/resize,w_800/format,webp"
每次发帖都是大盘冰点，后面就反弹 希望这次也一样,3,651,闷声看好球,07-17 22:43,"昨天早盘仓位全卖出来 下午大跌抄进去 今天直接ICU,以前每次扛不住发个贴子 基本都是在大盘阶段低点 希望这次也一样😳
https://i3.hoopchina.com.cn/493724490537ce8fb1093c5e111662b8_w_1200_h_2607_.jpg?imageMogr2/format/webp/auto-orient?x-oss-process=image/resize,w_800/format,webp
https://i3.hoopchina.com.cn/493724490537ce8fb1093c5e111662b8_w_1200_h_2607_.jpg?imageMogr2/format/webp/auto-orient?x-oss-process=image/resize,w_800/format,webp"
太难了。绝地求生最后1w,29,10707,珠海钟Y军,07-17 22:42,"板块也不少看我脸熟的吧。超短楼的。最近几个月被干趴了。连续踩了银之杰大坑，两个次新加仓没走人，科技大跌电子布国际复材，再来个航天，海兰信。周五翻红没走，周二深水才割。真的没钱了，和老婆说了。老婆真好，同意帮忙周转。以前还喊10倍回本。现在要80倍了。我真的是傻b。最后1w闹着玩了。还没1w呢。今天300股，竞价买入数据港。明天就卖出。上幸福蓝海。
https://i5.hoopchina.com.cn/294559961d1bb149b8fbe42169dafe29_w_4096_h_3072_.jpg?x-oss-process=image/resize,w_800/format,webp
https://i5.hoopchina.com.cn/294559961d1bb149b8fbe42169dafe29_w_4096_h_3072_.jpg?x-oss-process=image/resize,w_800/format,webp"
现在唯一对不起的,49,24826,四月天丶,07-17 22:34,"就是加仓少了，相信科技。
https://i11.hoopchina.com.cn/c2ae1ebbce6d2053f9b9bdd57d786997_w_1260_h_2800_.jpg?imageMogr2/format/webp/auto-orient?x-oss-process=image/resize,w_800/format,webp
https://i11.hoopchina.com.cn/c2ae1ebbce6d2053f9b9bdd57d786997_w_1260_h_2800_.jpg?imageMogr2/format/webp/auto-orient?x-oss-process=image/resize,w_800/format,webp"
感觉大A很屌,1,1010,乔科库李,07-17 22:32,"就是3800入场，拿到现在还是3800，无论买啥都大概率亏30％😂
"
该玩老登玩老登，又不是不能涨,1,2132,挂树上的考拉君,07-17 22:27,"不碰科技一身轻松
https://i10.hoopchina.com.cn/9d24a6a22bf38f2d071c30b76289e2f1_w_1320_h_2760_.jpg?imageMogr2/format/webp/auto-orient?x-oss-process=image/resize,w_800/format,webp
https://i10.hoopchina.com.cn/9d24a6a22bf38f2d071c30b76289e2f1_w_1320_h_2760_.jpg?imageMogr2/format/webp/auto-orient?x-oss-process=image/resize,w_800/format,webp"
吃人了,7,6543,靓仔嗦话,07-17 22:27,"太夸张了，偶尔轻仓买五分之一，这个月都亏10个点，大部分还是空仓的，好离谱。
https://i5.hoopchina.com.cn/880D7306BF728AAD41B0862F9A84A7E0_w_1170_h_2532_.png?x-oss-process=image/resize,w_800/format,webp
https://i5.hoopchina.com.cn/880D7306BF728AAD41B0862F9A84A7E0_w_1170_h_2532_.png?x-oss-process=image/resize,w_800/format,webp"
刷新亏损记录,2,2988,挣大钱买比亚迪股票,07-17 22:21,"就这样吧
https://i3.hoopchina.com.cn/hupuapp/bbs/275/95550275/thread_95550275_20260717154045_s_609230_o_w_1260_h_2800_60806.jpg?x-oss-process=image/resize,w_800/format,webp
https://i10.hoopchina.com.cn/hupuapp/bbs/275/95550275/thread_95550275_20260717154056_s_283775_o_w_1256_h_1400_71709.jpg?x-oss-process=image/resize,w_800/format,webp
https://i3.hoopchina.com.cn/hupuapp/bbs/275/95550275/thread_95550275_20260717154056_s_349811_o_w_1260_h_2800_73442.jpg?x-oss-process=image/resize,w_800/format,webp
https://i3.hoopchina.com.cn/hupuapp/bbs/275/95550275/thread_95550275_20260717154045_s_609230_o_w_1260_h_2800_60806.jpg?x-oss-process=image/resize,w_800/format,webp
https://i10.hoopchina.com.cn/hupuapp/bbs/275/95550275/thread_95550275_20260717154056_s_283775_o_w_1256_h_1400_71709.jpg?x-oss-process=image/resize,w_800/format,webp
https://i3.hoopchina.com.cn/hupuapp/bbs/275/95550275/thread_95550275_20260717154056_s_349811_o_w_1260_h_2800_73442.jpg?x-oss-process=image/resize,w_800/format,webp"
有色啥时候能够启动啊,4,834,lllkobelll,07-17 22:20,"年初买了紫金，一直慢慢跌，本来37的本，现在慢慢割肉已经到48了，准备不看了，不知道什么时候能回本
https://i3.hoopchina.com.cn/E5AE2F2774CEA5F390A33F93ACC80EFB_w_1320_h_324_.png?x-oss-process=image/resize,w_800/format,webp
https://i3.hoopchina.com.cn/E5AE2F2774CEA5F390A33F93ACC80EFB_w_1320_h_324_.png?x-oss-process=image/resize,w_800/format,webp"
【0711】从兆易到雅克：如何以产业发展趋势视角寻找翻倍潜力股,32,9808,信仰坚定余事则成,07-17 22:13,"1、前言首先，标题很唬人，这只是博流量的手段，股票区里有很多大神，笔者也只是个股市小学生，还在不断成长。保持发帖习惯更多还是记录自己成长，这篇帖子也只是个人阶段性的炒股心得，应一些评论区有所交流的JR分享入市以来个人沉淀的交易逻辑。笔者深知收益都是好的行情带来的，“站在风口上，猪都能飞起来”，始终要敬畏市场，没有人能预测涨跌，特别是短期，所有的外部信息都要经过自己的判断、决策，因此不代表本文的观点就是正确的，仅作分享，不构成投资建议。所有的收益与亏损，本质上都取决于自己的认知、心态。2、入市背景在工作了三年后，和很多人一样，逐渐意识到，普通人如果没办法做到钱生钱，指望打工是很难实现财富自由，摆脱工作的束缚。因此在有了一定本金后，开始进入股市，哪怕从中赚得一些买菜钱，也是不依靠出卖自己的劳动力所得，获得感与工资收益是不可比拟的。3、收益结果25年8月入市至今未亏损过本金，25年收益率60%，26年收益率80%，25年投入本金不多，主要还是26年贡献收益较多，晒收益只是表达笔者按照自己的逻辑知行合一去交易，确实赚到了一些比自己上班几年存的还要多的钱，虽然比不上很多大神，但也侧面说明是有一定可取之处。4、标的选择逻辑4.1把握大方向：追随时代浪潮从宏观视角去了解以及把握世界范围内、国家范围内的产业发展趋势，以国内举例，从房地产、互联网、到新能源，每一次社会进步过程中的发展方向变化、生产方式变革，都会产生一批新的受益于这种变化的公司，那对于普通人来说，如果不在其中行业内公司工作，要把握这个机遇就是投资这些公司。那么当下引领这种变化的毫无疑问是AI，这一点如果几年前GPT刚横空出世时还存有疑问，到今天为止相信AI已经逐步渗透至我们生活的方方面面，因为笔者是软件产品经理的职业，所以对这种AI带来的生产方式的变化更有深切的体会，也更加确信AI在B端、C端的发展路程也才刚刚起步。不参与其中就如同上一代人在改革开放的背景下，错失很多时代的机遇，笔者反应过来的晚，接下来不想错失更多，当然目前AI产业链的景气已人尽皆知，到底是半山腰还是山顶各有各的看法，各取认知内的收益即可，只要赚到就是赢。4.2选择好行业：牢记供需原则几个月前，借助AI整理过一篇帖子从供需角度出发的投资第一性原理，写的比较粗糙，但核心原则还是坚定：产品供需结构的变化带来产品价格的变化，进而转化成企业利润的变化。那是否会带来股价的变化，从短期来看取决于资金的流动，但长期来看，那些越来越赚钱的行业内的公司，股价最终还是会到达该有的位置。所有的行业理论上来讲都是供需结构周期变化的行业，那么在供<需的阶段就是我们要参与的阶段，至于这个阶段有多长，需要动态的去观察，股价的变化往往领先于周期拐点的变化，当出现拐点的苗头时，就应该考虑入场/离场。那基于供需原则还是表达下个人认为值得参与的行业特点：供给端：供给短缺且短期无法大幅提升产能，这背后代表着所在行业的参与者较少、技术壁垒高扩产难度大等等。如果不符合以上条件，那么按国内的资金、人才涌入速度，很快就会变成供给过剩，上行周期结束，典型案例：光伏、新能源汽车等，当然伴随企业出海趋势，未来仍有上行预期只是当下阶段不适合参与。需求端：产品只有卖出去才能收获利润，因此产品不可替代或替代成本高、需求持续稳定甚至增长同时占下游成本极低，产品价格上涨不会导致需求大幅收缩，具备长期的需求刚性。哪些行业慎重参与：周期下行行业：抱着价值投资理念投资白酒、汽车等行业的公司的，不可否认，在前几年消费景气时，确实是好公司，但在需求下降，原材料成本上涨等诸多不利因素，企业处于周期下行时期时，如果不能及时调整观念，那自然不会有好的收益表现。短期催化行业：如石油行业，3月因为美伊的黑天鹅，油价暴涨，笔者始终没有参与其中个股，根本原因就是认为油价暴涨只是战争因素引起的短期供需变化，长远来看，和平是大势所趋，相对低的油价是大部分国家发展的必备条件，同时这些石油生产国能够快速扩产，价格和产量都有不利预期，其中公司只有短期消息面博弈价值，对交易的时机把握要求较高，风险大于收益。题材概念行业：这类行业如机器人，不可否认存在远期宏大的叙事，也正因为这些叙事才有资金介入，但笔者认为在行业内企业未有实质性业绩体现时，只适合短期波段博弈，只有真正落地应用企业开始变现，才能走出大行情。笔者按照上述逻辑其实至今只重仓长持参与了两个行业：有色金属、存储芯片，当然有色受利息政策的压制今年表现不佳，但以年为单位看，长期还是在一个供需短缺的周期里，当这种压制结束的时候，就是可以再次参与的时候；而存储芯片，几乎已经是明牌的供需紧缺，甚至到了影响AI产业链发展的地步，那么自然是最佳的上行周期行业。总之想表达的是要做市场的滑头，以供需原则出发，从一个上行周期行业再到另一个上行周期行业，不死磕，如此才能持久增长。4.3确定好公司：识别优质标的选择对行业后，同板块公司一般情况下同涨同跌，那如何更确定性的获取更大的收益，这个是需要从不同维度来进行判断优先选择上游“卖铲人”：淘金者（下游终端）九死一生，卖铲子、水桶、牛仔裤的商人几乎稳赚，放到产业投资里，就是不赌下游胜负，只赚行业扩张的刚需钱，从过去市场的炒作趋势来看，也是沿着中游生产商到上游材料、设备，一层一层催化炒作。最好是“卡脖子”高端产品：在整条产业链上，哪些产品不可获缺，没了它，大家都赚不到钱，那么这个产品自然要被争抢采购，公司自然受益，典型的如“中船特气”。同时还要满足产品高端，高端意味着不是谁随随便便就能生产，那对于已经掌握技术的企业来说，在整个景气周期里拥有较大的护城河，获得的红利才最大。客户布局要广：需求端的来源广，国内、国外均有布局，一是产品售卖增长更大，二是受单一市场需求变动的冲击影响较小，例如举个极端情况，某个公司主要客户是老美，那在当下中美竞争格局下，一旦政策有所封锁，对公司经营是极大损伤。竞争对手要少：这个原则更多是偏向于产品竞争对手少，下游需求采购的可选对象少，同时炒作资金也只能聚焦于个别标的，做对的概率较大。公司市值适中：公司市值不宜太高也不宜太低，在A股存量资金下，太高意味着翻倍需要更大量的资金，太低则容易被游资掌握走势，持股体验不佳，难以拿住。个人觉得500-2000亿市值的公司相对较合适(当然个别领域处于巨头垄断格局下，另当别论，辩证看待)。拒绝情绪标的：各个板块炒作时，总会有一些情绪标的，如年初的白银有色，不参与的原因就是情绪标的主要受情绪催化，情绪来的快去的也快，普通人难以把握。而在情绪退潮的时候只有公司真的有产品、真的有业绩增长才能继续向前走，君子不立危墙之下，远离风险是股市长久生存之道。5、持仓交易心态耐心等待逻辑兑现：在选择一个对的标的后，股价并不会因为我们个人的买入立刻就上涨，而是大多数人买入之后才上涨，那这个就考验我们的耐心，当你领先于市场时，要耐心的等待公司价值被市场发现，很多人不够耐心倒在黎明前，归根结底还是不够坚定。手里的就是最好的：为什么要这么说，因为人都是贪婪的，看到别人的涨了自己的不涨是很难受的，这里就要区分来看到底是别人的逻辑更好还是股价涨的更好，如果只是因为看到股价涨的更好那可能切过去之后面临回调且错过自己原有标的的上涨趋势。买卖逻辑一致：短线套利和长线持有是两种不同的交易逻辑以及心态，选择短线套利就应该在短期不及预期时果断止损离场，而不是短线博弈失败后被迫转换为长线。长线持有就应该忽略短期的波动，不要妄想只享受上涨，精准躲过下跌，逻辑还在，就坚定持有，我相信回过头来看真正赚大钱的往往是优质标的拿着不动。接受慢慢变富：一旦追求隔日、短期暴利，就必然被股价涨跌情绪裹挟、被市场牵着走，急中出错。而盯紧产业周期、供需反转的收益，是慢但更稳的收益，虽然不会天天大涨，但胜率确是最高。6、标的交易复盘兆易创新：从手机等电子产品涨价消息出发，验证存储芯片紧缺性真实，A股虽无高端HBM厂商标的，但利基型产品受大厂将产能转移至高端产品，同样形成了供给紧缺的格局，而独一份的原厂公司+背靠长鑫产能，是A股存储产业的代表性稀缺标的，在中间模组厂商暴涨而它没有启动时，坚定耐心持有虽然高点回撤很多，但同样获得1.5倍收益。雅克科技：由半导体产业链的发展趋势推导，中游产品极度紧缺涨价压制需求，只有扩产，产业链才能良性发展，必然利好上游材料，海内外存储大厂供应链均有布局+高端前驱体A股唯一+半导体材料国产替代平台型公司，同样是高确定性稀缺标的，5月布局一度亏损10几个点，6月启动也接近翻倍收益。这里的思路就是，不能只看到已经涨起来的，还应该顺着整条产业链扩张趋势，蹲在有潜在增长逻辑的的公司里守株待兔，只需要比大部分人早先发现，就能获得较大收益，并且逻辑还未兑现的往往比逻辑已经兑现的风险更低、收益更高。7、后市展望主要围绕 Ai 科技硬件产品扩产的逻辑进行布局，核心思路还是26年上半年各种产品涨价逻辑轮番启动，当产品紧缺到一定程度，厂商自然要大举扩产，不扩产等于拱手让出市场份额，那从前段时间苹果计划采购长鑫存储的消息面上出发，结合板块供需紧缺度，下半年最看好半导体材料/设备/零部件板块中“国产替代+国产出海“双重利好的标的，主要原因国产替代：科技仍然要追赶海外一线大厂，国家政策上对国产高端产品势必要有倾斜扶持，叠加海外产品断供，相关产业国产替代进程进一步加快。国产出海：国内的扩产建设效率，要远比国外公司快得多，当紧缺到一定程度，国产不得不被选择，那么那些已经进入到海外大厂供应链的公司，只要产能跟得上，叠加成本优势，必然能吃到更多订单。当然这些标的从现在看基本都处在高位了，股价是否已经提前兑现预期，谁也说不准，有没有更好的还没被发现的，还需要动态的根据最新的产业消息，按照产业逻辑去寻找。也许今天的这篇帖子，过了一周逻辑就会全部被推翻，但我相信持续的根据市场变化推翻旧逻辑再形成新的逻辑，拒绝“老登思维”是在这个残酷的市场里活下去的必备能力。
https://i5.hoopchina.com.cn/editor/5a7d448b85a4a7e37397c98c85fef16a_w_1206_h_1206_.jpeg?x-oss-process=image/resize,w_800/format,webp
https://i5.hoopchina.com.cn/editor/5a7d448b85a4a7e37397c98c85fef16a_w_1206_h_1206_.jpeg?x-oss-process=image/resize,w_800/format,webp"
如果你未来几年都不打算离开股市，立志把炒股当第二职业，一定要看完这篇文章,1,1250,虎扑JR0840568023,07-17 22:12,"本人算不上什么顶尖的交易高手，只能说在这个市场存活了十七年，勉强能维持基本收益的状态，在这个市场这么些年见惯了很多高手的崛起和陨落，这个市场并没有什么秘密，也没什么所谓的交易秘诀和绝招，好像所有很多交易员都在追求所谓的圣杯，但是很遗憾这个市场并不存在圣杯就像物理学上不存在永动机一个道理。存在的只有多年的经验，正确的认知和一致的执行力。今天我们就来说一下那些在市场上生存多年的高手在行为到底有什么不同，也说一下我交易多年对这个市场的理解，今天我会从多个维度来解析一下想要在这个市场获利究竟需要具备什么样的思维方式。在经历多年交易之后，我告诉你我学到最重要的教训是什么？不是研究市场走势的相对确定性，相反，对于市场未来的走势，没有任何研究的价值，因为谁也不可能知道明天的行情下周的行情怎么走，财富的增长和盈利并不是如何挑选投资，甚至不是通过挑选股票以及靠某一笔单子赚大钱，实际上，在交易过程中盈利只是其中一部分内容，管理交易最重要的内容在于风险管理。但是风险管理并不是说要避免风险，如果把头埋在沙子里，把钱藏在床底，这样永远不可能实现盈利。所以真正的高手都有一个共性，就是明白风险管理的重要性。今天我们就从风险这个角度来聊聊交易方面到底有哪些层面风险，还是先说说认知层面的东西，一个高手，或者想要成为一个高手，你应该具备什么样的思维模型1、还是说一下认知层面的风险，什么叫做认知层面的风险，就是你不懂，比傲慢更可怕的就是无知，其实很多人并不是没有办法做好交易，而是在接触市场之初形成了错误的认知。你看人家重仓做赚钱了，那可能只是短期的，也可能是市场想让你看到的一面，有时候幸存者偏差很具备迷惑性。所以交易为什么难，因为你总是在看别人怎么做，无论我们做什么事情，一定要实事求是，怎么理解，任何人，成功一定有他自身的条件在加持，所以当你在在看到一些暴富神话的时候一定要去思考人家成功的背后条件，而不是看到人家这样行，你以为你也行，这就把很多人送上了绝路。2、交易当中高手都理解慢慢赚钱的道理，但很多人进入市场却太着急了，不愿意等待，今天入场就像每天赚钱，每周赚钱，以为这个和上班拿工资一样。你交易，始终是在对当下的表现进行下注，去博未来的不确定性，所以这绝对不是每天都能赚钱的事情，有时候你做好了止损的准备去做一笔看似没什么优势的单子，却盈利了，另一个时间你很看好一笔交易，但可能进场很快就止损了，这才是交易，绝对不是上班拿工资那么简单。如果你对交易没有这样的理解，那么就很难在思想上领先其他人，要想行为更进一步，那必须在思维上理解到别人思想到不了的高地。3、一定要明白市场的未来是不确定性的，既然是不确定的，那么预测就没有任何意义，即便一笔很看好的单子，也很容易最终止损出局，但是现在很多交易员依然要花大量的时间去预测市场。研究过去没问题，过去到现在代表了市场的基本状态，但是过去和现在并不能代表未来，这是很多人不明白的道理。什么时候你真的接受了市场的不确定性，那么你才能真的理解到底应该如何去交易。4、敢于认错，也就是敢于止损，当你发现你的进场条件已经不存在了，那么一定要敢于止损，在一笔已经彻底走坏的市场里面浪费太多时间并不是明智的选择。即便市场将来走好，但是你要做的却是把风险扼杀在当下。很多时候你不止损也会扭亏为盈，但如果亏损不能你自己决定，试问你还能决定什么？？？？5、轻仓，什么叫做轻仓，就是自己能接受的仓位，很多人总想通过仓位去赚钱，而不明白轻仓靠模式去赚钱的重要性，一个交易员成熟的标志就是明白并且接受轻仓，原因用更长的时间去盈利，而不是用更大的仓位去赚钱，这才是核心。可以去看看那些职业交易员，有靠大仓位赚到钱的人，但是如果你想长期赚钱，那我告诉你，先接受轻仓，如果轻仓都不能实现盈利，长期的重仓只能让你亏得更快，除此之外重仓没什么用处。6、接下来说这一段话可能要颠覆很多人的认知，那就是那些在市场上生存了十年以上的交易员盈利基本都是依靠运气，并不是依靠绝对的获利能力。怎么来理解这句话，要明白，在这个市场上，你能决定的只有一个因素，那就是你的亏损。所以真正的高手都是亏损的高手，靠本事亏损，靠运气实现盈利。很多人以为盈利要依靠技术，从两点去思考我以上说的内容①去看看你的交易里面是不是又大亏的单子，如果有，把这些亏损想尽一切办法控制下来，再去看看有没有随意性开仓或者情绪开仓，制定一个规则去控制它，其实都能很好的解决，剩下的亏损就是正常亏损②去看看你获利的头寸，哪些是可以依靠更长时间的持仓获取更大盈利的，想办法做出自己的盈利持仓模型。所以亏损靠的是你对仓位的理解，对系统的理解，让亏损逐渐变得确定。然后就是盈利，交易说白了就是尽量拉长自己的存活时间，等待适合你的行情带你实现大的盈利，为什么很多人很快就大亏，就是没有搞清楚这个原理，我们要做的就是让自己活下来，然后等待，在等待在某一些单子当中让行情的自然发展带动你盈利的奔跑，盈利并非需要更多的操作，大部分时候，你甚至只需要对正确的头寸，也就是盈利头寸进行持仓，仅此而已，但这其实才是最难的。要让好运照顾你，你首先需要依靠止损斩断坏运气，相信我你只要没有坏运气，好运气自然而然就来了。7、搭建属于自己的交易系统，让交易正规化，规律化，一致化，不要有过分的预期，你做的仅仅就是一个信号，没有好与不好，很多时候单子都是小赚小亏，某些特殊的时候迎来大赚，这就是最终实现稳定盈利的核心，也就是你们常说的绝招。同样一个系统，不同的人操作会有截然不同的效果，原因就在于人不一样，执行的结果不同，为什么，因为认知不同，知识层面和认知层面的东西存在很大的差异。8、一致性，这是最难的，为什么一个系统执行一段时间就开始变形，还是因为你心不静，总想快速实现盈利。交易到最后都是做减法，而不是做加法，一个技术用100遍，1000遍，你自然知道怎么用，自然能形成你自己的模式，学会断欲望，舍废物，离执念，看似和交易没什么太大关系，实则所有的道理都在这个圈子外面。所以要学会让自己保持正念，专注，克制，有自己的主键，学会控制情绪，当你具备这些优秀品质之后，交易也不会差到哪里去。说了这么多，其实这些都是认知上的风险，你不懂，天天预测市场，天天重仓交易，不懂得管控自己的情绪，总是遇到一点事情就慌，不会聚焦于交易本身，而是跟着自己情绪的需求走，这才是最大的风险。盈利和亏损就是这么自然而然发生的事情，要做到心如止水很难，但是应该朝着这个方向去训练自己，当你具备这些正确的认知之后，你才明白自己要干什么，可以说每一个你们认为的高手，思想都一样，没什么区别的，这就叫做殊途同归。亏损的方式就那么几种，同样盈利的模式也都差不多，其实这早就不是什么秘密了，只是一般人做不到而已。和大家聊几句心里话：每一位入市交易者，心中都期盼能建立稳定盈利的交易体系，从容从市场获取收益，但想要长久立足绝非易事。普通投资者想要稳步前行，既要精准捕捉市场主线、踏准行情节奏、甄选优质标的、读懂资金动向、把握合适进出窗口，更要沉淀心境，从容克服内心的贪婪与恐慌，搭配铁一般的执行纪律与强大的内心定力。唯有做到这些，才能在市场中完成蜕变，逐步实现财务与时间双重自由，走出属于自己的交易之路。今日大盘出现深度回调，场内恐慌情绪集中释放，不过恐慌充分出清后，阶段性底部信号正在逐步显现，修复行情距离我们越来越近。熟悉我的朋友都清楚，我长期依托行业基本面做中线布局，全年整体收益平稳，由衷感谢一路信任相伴的各位。恰逢当下底部布局窗口，我梳理出一只中长期成长空间充足的中线标的，核心支撑逻辑分为三点：赛道行业景气度长期维持高位，行业整体保持高速扩容增长；企业新品持续落地、产能稳步放量，中长期成长逻辑确定性极强；个股走势具备独立抗跌属性，本轮大盘回调并未破坏原有上行趋势，适合中线分批低吸布局，长期持有静待价值兑现。中长期具备翻倍上行空间，愿意深耕基本面逻辑、布局中线行情的朋友，在伀.-.重..-.呺：观潮止盈，回复虎，就可以找到我了。投资之路漫漫，修行永无止境，祝愿各位都能踏稳行情、收获稳步收益。作为股票投资者，选股是每个投资者都会经历的过程，不同的投资者有不同的选股方式，无论任何一种方式都只有一个目的，发现牛股或者黑马。一分耕耘，一分收获，只有善于总结善于发现，其实这些经验技巧很容易得到的。但是要转化成自己的理论却是不那么容易，下面我来介绍下自己使用多年的战法——仙人指路，希望对大家的投资有所帮助。什么是仙人指路：仙人指路，原是象棋中的走法，古称“兵局”。开局着法，先走方第一招走兵三进一或兵七进一。既可为马开路，又可试探对方棋路，有投石问路之意，以定策略。因一子当先，意向莫测，故有此名。在K线形态中，仙人指路，是主力向上攻击的试盘动作。如市场主力想要带动一波上涨行情，必须先了解上方的阻力有多强，因此盘中会先向上拉升试探阻力，然后顺势回落。确认阻力之后发起攻击，那么我们就可以短线介入了仙人指路K线结构特征a、仙人指路形态则通常出现在阶段性底部中期、拉升阶段初期和拉升波段中期。b、股价以一根带长上影小阴阳 K线报收，收盘时仍然保持在1%-3%左右的涨跌幅。c、当天量比 1倍以上，换手率在5%以内，振幅在7%以上。应用法则：上冲回档洗盘，后期看涨，并且有望创近期新高。真假仙人指路的识别法则a、股价处在下降通道中，当天出现长上影小阴阳 K线不属于仙人指路特征。b、当天量比达到 5倍以上，换手率达到10%以上的巨量长上影阴阳K线不属于仙人指路特征。c、当天收盘时下跌至昨日收盘价之下，跌幅达到 5%以上，不属于仙人指路特征。d、股价处在下降阶段的反弹行情中，当天出现长上影小阴阳 K线不属于仙人指路特征。两种特定状况：1、 在重要的阻力位出现长影线此时，看似突破受阻，其实是突破前的一种蓄势和洗盘动作。2、出现在连续阳线拉升之中 此时，看似上涨力度减弱，其实是一种强势的震仓洗盘。仙人指路的最佳狙击时机1、短线投资。股价处在拉升波段行情中，出现仙人指路特征时，临盘应在收盘时或次日果断狙击。2、中线投资。股价处在阶段性底部时，出现仙人指路特征，临盘应在次日展开中线建仓计划，而股价处在拉升初期时，则要及时加仓。最佳买点1、股价处于阶段性底部时，出现仙人指路的K线特征后，买点应在次日股价冲破上影线的高点时。2、当股价处在拉升初期时，出现仙人指路特征，买点通常在当日尾盘或次日开盘时。一般情况下，仙人指路的那根上影线的最高价就像仙人的手指头，手指头指到哪里，以后股价就会涨到那里!否则庄家就不用试探那个手指头的价位了。既然试探到那个价位，洗盘也洗干净了，那有什么理由不涨到那里呢?还有一种回档时间稍长的仙人指路。在小山头的仙人指路以后股价会有回落，此时会出现一组托压互变的图形，如果后面股价能冲过山头，那么就是黑马!
"
今天是加仓的绝佳机会,18,6940,冠军ReedSheppard,07-17 21:57,"绝佳机会
"
2026 化工,1063,106499,义山义山亮晶晶,07-17 21:49,"既然计划是做完有色切化工，那不妨先开个帖子。具体的到时候再说吧。
"
半年之约，绝对真实！5w实盘挑战88w，只做马前炮，一起见证！,1,729,江晚辞舟,07-17 21:40,"最近的市场真的磨人。大多时候都是赚指数不赚钱，稍微追高就容易被套。很多朋友越炒越慌、越做越亏。如果你现在也处在迷茫、亏损、不敢操作的阶段，那今天这篇分享，就是专门说给你听的。先介绍一下我自己，我是南歌。12年短线实战，主打主线情绪 + 仓位风控，经历过完整牛熊，最擅长弱势行情控回撤、强势行情抓主升。行情差、套路多、节奏乱，不是大家不努力，是现在市场容错率极低，稍有贪心和犹豫，就容易被套回撤。此前在某书分享干货以及实战经验，收获了很多朋友的信任。今天我正式归零重启，开启全新的实盘旅程，也真心邀请每一位正在煎熬的朋友，和我一起稳步前行、慢慢打磨交易。当下大盘持续调整，恰恰是低位布局、潜伏中线标的的黄金机会。卧甄选优质中线股，只遵循这四大标准：1、行业层面：聚焦优质科技赛道，行业景气度高，整体处于高速成长的上升周期，长期发展潜力十足；2、公司层面：精选行业核心龙头企业，业绩稳步抬升、落地性强，无负面消息压制，基本面扎实稳健；3、技术层面：个股股价处于相对低位区间，走势明显强于大盘，近期的小幅回调属于良性洗盘，整体上升趋势完好无损；4、题材层面：贴合市场稳增长核心主线，是我长期重点看好的中期赛道，并非短期炒作题材，后续的上行空间和持续性非常可观。为了不影响主力节奏，这里讲会限制，想要获取最新预选可以来巍，公众都乐意交流和学习的号，懂得都懂：叫江   晚 ，辞 、舟，私财，就可以知道答案了，我送给大家一句话：在任何一个领域里面，没有一些专业的知识和技巧，是很难有成就的，认知决定财富！从下周开始，我正式开启5万本金实盘挑战，元旦前冲100万，全程不演、不装、不马后炮，每一笔买卖、每一次逻辑、每一张交割单，全部公开透明、实时记录。每天只做三件事：开盘前给思路、盘中给节奏、盘后交割单如实复盘，盈利不筛选、亏损不隐藏，无马后炮、无套路。12年交易生涯，我最大的感悟就是：股市没有永远的行情，只有永远的节奏。顺市多赚、逆市少做，行情越弱，越要敬畏市场、严控仓位、守住节奏。 最近市场波动比较大、板块分化，主线模糊，很多人心态已经崩了。越是这种低迷时刻，越不能急着回本、越不能频繁操作。接下来的日子，我也会全程陪着大家。每天公开交易计划、盘后复盘，不画大饼、只用最真实的实战记录，带着大家把握行情。每天上午开盘会把筛选好的符合战法的机会分享出来，大家记得结合盘面情况根据自己的交易风格择机潜伏。我今天的一个持仓情况：入场：德创环保最近大盘整体走得很弱，今天更是再度创出阶段新低。目前市场没有明确的主线，热点题材轮动飞快，稍微追高就容易被套，整体操作难度非常大。这种行情下，激进操作完全不划算，今天小仓位低吸了德创环保，避险求稳。这只票算不上当下热门题材，短期也没什么爆发性，但优势很明显：位置低、走势稳。现在行情混乱，没有靠谱的进攻机会，主打一个保守防守。现阶段我的操作原则很简单：不贪高收益，只求稳健。小仓位试错低位个股，既能避免全程空仓踏空，又能完美规避大盘走弱的系统性风险。持有：德创环保离场：百合花 ：昨天入场，今天落袋为安，短线盈利，依依股份： 是前天布局的，昨天虽然出现了小幅回撤，但整体走势没有破位，所以继续持有观望。不过今天盘面不稳，止盈离场了。行情不稳的阶段，及时落袋为安、锁住到手利润，才是最稳妥的做法。总得来说，大盘今天再次探底，但我觉得觉得下周整体还是看修复。技术形态上，今天收下影线，形成探底形态，将成为阶段性的重要低点。当然，如果把握不好，还是建议少动多看，等市场企稳再投入仓位最后真心跟大家说一句，这段时间一定要稳住心态，别慌、别急躁，更不要为了回本频繁乱交易。行情不稳的时候，不亏就是赚，管住手、保住本金，比什么都重要。
https://i5.hoopchina.com.cn/4b9b8068f547ea43d3ee1564c4dc5372_w_1320_h_2868_.jpeg?imageMogr2/format/webp/auto-orient?x-oss-process=image/resize,w_800/format,webp
https://i5.hoopchina.com.cn/4b9b8068f547ea43d3ee1564c4dc5372_w_1320_h_2868_.jpeg?imageMogr2/format/webp/auto-orient?x-oss-process=image/resize,w_800/format,webp"
说好的ai的尽头是电呢，,2,687,有个中年人插队啊,07-17 21:36,"电网跌麻了。
"
实盘挑战：10万开始，第169天，还有救吗？,12,2569,马哈东,07-17 21:33,"唉😮‍💨这行情，还有什么好说的勒出去玩去了直接看图吧
https://i1.hoopchina.com.cn/DC3327008B2275FC88F1C12644B27EAC_w_1170_h_1819_.png?x-oss-process=image/resize,w_800/format,webp
https://i1.hoopchina.com.cn/DC3327008B2275FC88F1C12644B27EAC_w_1170_h_1819_.png?x-oss-process=image/resize,w_800/format,webp"
拿了煤炭和化工三个月，科技大涨的时候纠结过，犹豫过，最终坚定了开始的逻辑，原来逻辑没变，是自己心变了，今天平衡了，原来周期轮回这么残酷，没有什么这次不一样，付出代价的人不同而已。,3,647,还在悟,07-17 21:32,"
"
现阶段不适合参与任何板块,24,7541,炒股赚科研经费,07-17 21:21,"该清的就全清了，现在就是缩量，量化主导收割，速度非常快，日内就割完了。
"
6.28 晚间 MLCC  电容 载板 铜箔 钨 涨价 缺货 逻辑 穿越预期,484,71234,会选不会拿,07-17 21:19,"1.载板 兴森科技 深南电路   逻辑：供不应求 22年以后载板没有人扩产  兴森科技预计三季度业绩开始大规模放量2.MLCC为主的电子元器件 风华高科明日异动（80.29没错的话）控住就是海阔天空 逻辑：7.3号三星的供应商会上 会宣布减产部分料号 太阳诱电下周针对消费级产品的部分高容和超高容料号涨价50-150%。这里的上游洁美科技MLCC高端离型膜 还有一个斯迪克可以多加关注 思路：大家知道天通股份 云南锗业当初的逻辑是不是光通信上游材料 科瑞技术是设备 也是上游 这里到了MLCC是不是从思路上也应该去考虑一波M上游的 高端离型膜 洁美科技 斯迪克 洁美已经连续买了两天了 而且洁美科技已经给三星和村田供货了 上游还有国瓷材料 博迁新材  三环集团盘子有点大 剩下的还有电容电感磁材 分享商相关的等等 诸如 江海股份 火炬电子等 顺络电子 鸿远电子 麦捷科技 龙磁科技 悦安新材等等 3.晶振 泰晶科技 国内龙一 高端晶振实现突破 只待量产爆发 泰晶科技类似于东山精密前夕（索尔斯光电）当初eml芯片突破一般  泰晶科技和利通电子 罗曼股份 包括英唐智控 都是温州帮大佬在操盘 老哥们可以算一算 整个光的上游 是不是晶振还没有被大规模炒作 是不是这里存在一个预期差  4.铜箔 铜冠铜箔 德福科技 方邦股份 海亮股份 二季度业绩最好的方向之一  海亮股份目前在低位5.光纤 二季度业绩最强方向之一 日本藤仓已经宣布涨价 康宁涨价预期 业绩预期 亨通大于长飞大于中天加一个上游 三孚股份（庄股 泰坦2.0） 飞凯材料（主升趋势打开了关注）石英股份 康宁玻璃桥技术 6.26康宁也已经出公告澄清对光纤的应用短期影响不大 还有大族收购扩产进军光纤行业的信息 短期影响也不大 光纤行业光扩产最少需要18到24个月那时候牛市还在吗？而且这东西你得量产送样认证 一般不会换供应商 就和谷歌来国内申厂一样 用的供应商大部分还是达子原来的供应商 6钨 中钨高新 多一层钻针逻辑 厦门钨业 多一层mlcc逻辑 钨没记错的话应该是pcb钻针刀具的材料吧 这里鼎泰高科 新锐股份 欧科亿 民爆 民爆正在追赶鼎泰 鼎泰会供货给湾湾那边7.其他碎碎念 球形硅微粉 联瑞新材 生益供应商 港股还有一个 东岳集团 多加关注 药水 天承科技 提到这里树脂这里两个票老是不同步很难受 圣泉也是生益的供应商 东材科技碳氢树脂龙头 目标 百元股 一张M9规格的覆铜板 消耗的铜箔是0.72kg 玻纤布是5米左右 树脂大约0.26kg  树脂约375元 玻纤布300元 铜箔300元 对比宏和科技 铜冠市值 东材科技被严重低估 未来m10也会大量用碳氢树脂  大家感受一下这个数据 是不是东材被低估了 再就是电子布 缺货卖光了没有库存了 提到这里大家可以回看一下上游的泰坦股份 织布机 织布机被日垄断 这里也是国产替代 织布机是真的供不应求 三季度泰坦织布机也会有突破 声明：仅为个人娱乐分享 不构成投资建议 注意理性看待🙏
"
【统计帖】炒股 X 年，归来仍是少年，jr 们 在股市赚钱了吗？,12,1273,隐雾寻光,07-17 21:18,"简单做个普查，统计一下 JR 们炒股以来的收益。方便大家正确地认识自己，理解股市。评论区可以贴上自己炒股以来的经历，或者有意思的事情，相互讨论交流，祝愿大家在股市发大财！
"
实盘211天！,16,4067,炒股炒到头晕眼花,07-17 21:17,"躺平
https://i11.hoopchina.com.cn/875CF007D90DEA228740C13E484B2B88_w_1170_h_2532_.png?x-oss-process=image/resize,w_800/format,webp
https://i11.hoopchina.com.cn/90A485F407BD66ADBDC1CA763432294C_w_1170_h_2532_.png?x-oss-process=image/resize,w_800/format,webp
https://i11.hoopchina.com.cn/875CF007D90DEA228740C13E484B2B88_w_1170_h_2532_.png?x-oss-process=image/resize,w_800/format,webp
https://i11.hoopchina.com.cn/90A485F407BD66ADBDC1CA763432294C_w_1170_h_2532_.png?x-oss-process=image/resize,w_800/format,webp"
在这个特别的日子，分享一首歌给老师们,60,8628,衣染尘,07-17 20:58,"头次尝试单日开两贴，希望大家心情好一些！（我怎么还给单押上了，skr）歌曲请看图！
https://i1.hoopchina.com.cn/482171a989d902516ef2639a78bbc1c6_w_1060_h_2376_.jpg?x-oss-process=image/resize,w_800/format,webp
https://i1.hoopchina.com.cn/482171a989d902516ef2639a78bbc1c6_w_1060_h_2376_.jpg?x-oss-process=image/resize,w_800/format,webp"
现在科技是属于黄金坑还是屎坑？,4,1837,三足鸟,07-17 20:55,"大盘这么搞，感觉只有空仓才行吧，老登科技一起输
"
高仿号别太离谱了,20,23156,雷霆杜少威少,07-17 20:49,"本来七月大家都亏很惨了，还有高仿号出来冒充割韭菜的，真踏马不是东西七月我都只活跃在雪球（瑜伽裤硬拉）本来不想透露ID，但七月账户亏损+生活感情琐事已经搞得很疲惫了，雪球发帖比较简单虎扑不想一层层回复很麻烦，自己关注我雪球就行。别信任何高仿号和私底下加微信引流的
https://i11.hoopchina.com.cn/90C0928A72C42E9051313D85C5206E23_w_1170_h_2532_.png?x-oss-process=image/resize,w_800/format,webp
https://i11.hoopchina.com.cn/90C0928A72C42E9051313D85C5206E23_w_1170_h_2532_.png?x-oss-process=image/resize,w_800/format,webp"
金本位制与信用货币体系演变,1,100,CWG中文资讯01,07-17 20:48,"
"
5000家待涨，大家都有黑暗的未来,13,4623,蛋蛋杀手,07-17 20:47,"美伊开战那天也就跌3.6%，现在这趋势怕是止不住了，今天最低点已经回到去年9月份了，还有一个半小时，看能砸多少
https://i5.hoopchina.com.cn/3261C6F5ECA01F4544E01612A9EAADB2_w_1206_h_2622_.jpg?x-oss-process=image/resize,w_800/format,webp
https://i5.hoopchina.com.cn/3261C6F5ECA01F4544E01612A9EAADB2_w_1206_h_2622_.jpg?x-oss-process=image/resize,w_800/format,webp"
来了，国家队来救市了（抄底了）,15,8832,三足鸟,07-17 20:44,"要V起来了
"
再次确认本轮是结构性超级大牛市,2,3172,稳健的后生,07-17 20:38,"结构牛市参考上一轮对应的光伏消费锂电，都是拥有持续性长，赚钱效应强大的特点，同时极致的赚钱效应对应的是亏钱效应。今天通信etf跌停了，这是对他之前绝对赚钱效应的肯定，希望大家珍惜这轮牛市，没有这样的亏钱效应，成就不了之前赚钱的人，现在是买单时间，但也不要割肉，大家拿住等下一位有缘人把这个机会卖给他，自己赶紧全身而退吧。
"
入市1个月，小亏不是亏,0,1592,要开心快乐,07-17 20:26,"本来挺难受，但是看大家都难受，我又不难受了。。。大家往好的地方想，跌的越多，反弹越猛！
https://i10.hoopchina.com.cn/editor/39b6838c361b3359c360487cf3c0f5cd_w_1240_h_2772_.jpeg?x-oss-process=image/resize,w_800/format,webp
https://i10.hoopchina.com.cn/editor/1a74cdeddf02f9ea0712a95cc8b3faf3_w_1240_h_2772_.jpeg?x-oss-process=image/resize,w_800/format,webp
https://i10.hoopchina.com.cn/editor/39b6838c361b3359c360487cf3c0f5cd_w_1240_h_2772_.jpeg?x-oss-process=image/resize,w_800/format,webp
https://i10.hoopchina.com.cn/editor/1a74cdeddf02f9ea0712a95cc8b3faf3_w_1240_h_2772_.jpeg?x-oss-process=image/resize,w_800/format,webp"
认知埋单,28,6768,举报小专家,07-17 20:20,"没啥好说的，为自己的天真乐观买单，虽然我到现在都觉得已经跌过头了，但是市场永远是对的，所以后续如果再继续跌，我就逐步减仓，直到完全清仓。
https://i11.hoopchina.com.cn/1ED15B5EE7322E64EF9E1F8FCF93A3AA_w_1206_h_2622_.png?x-oss-process=image/resize,w_800/format,webp
https://i11.hoopchina.com.cn/1ED15B5EE7322E64EF9E1F8FCF93A3AA_w_1206_h_2622_.png?x-oss-process=image/resize,w_800/format,webp"
炒股20年，从3万到财务自由，我总结了这十条经验！,0,1092,虎扑JR1587145470,07-17 20:14,"我炒股20年，3万元入市，实现财富自由！总结出十个经验！内容虽短，字字黄金！读懂这些，少走几年弯路。建议收藏！炒股，说难不难，说简单不简单！想在这个市场长期生存并有所收获，不能只靠运气，必须不断学，不断提高自己的认知能力！第一：仓位管理！我一直把风险把控放在第一，很多股民炒股喜欢满仓梭哈，炒股没有100%确定的事情，我们也不要用100%的仓位上，这样可以做到进退自如，不满仓的好处就是给利润留足够的空间。第二：股选龙头！1. 龙头股就是指最强势的股票：股票涨幅最大，龙头股都是最先启动，其他同板块的股票只是跟风上涨而已。当遇到调整下跌的时候，龙头股也是跌幅最小的，因为有强大的资金在扛着，即使下跌后也很快会修复回来。2. 龙头股是最安全的：股票是有高风险的操作，选股非常的重要，当遇到股市行情太差的时候，好股票都是非常抗跌，抗风险的。能成为龙头股，那么这只股票不是行业的佼佼者也是有政策面或者基本面消息，我们一定要区分股票，抱着呆滞股始终是浪费时间的。3. 龙头股筹码最大的：股票的涨跌都是靠筹码推动的，而龙头股能吸引更多市场筹码，股票越走筹码炒作的，股价越能上升，人气越高。这就是“强者恒强，弱者更弱。第三：按照均线法则操作一般软件设定的日K线、周K线、月K线容易被主力利用，制造假象迷惑散户。因此散户可以自行设立14日工作线、25日生命线和120日半年线。14日工作线是一道防线，股价跌破14日均线后，反抽之时应当抛掉。强势股票跌破120日均线后，都会有一波反弹行情，通常会反抽到半年线以上。一定要确保工作线在生命线之上，反之，无论如何都不能买。7日线是短线的止盈点，一般情况下跌破7日线表示短线走弱了。稳妥的做法是，在尚未严重损手断脚的情况下，可以止盈。这里说几题外话，任何一个股民，都希望自己能成为股神，这样就能在股市里赚到大把的钱了，但是化身为股神并没有那么容易。散户唯有抓住热点、踏准节奏、选对股、跟对庄、把握好时机，并且以懦雅的风度化解恐惧和贪婪，辅之以严格执行力与强大的内心！那么散户就能“化茧成蝶、脱非入欧”在股市中实现时间自由和财务自由，最终打下一片属于自己的天地！今日市场大幅调整，恐慌情绪集中释放，当下反而逐步显现阶段底部信号，市场修复行情渐行渐近。熟悉我的朋友都清楚，一路走来依托基本面逻辑做中线布局，全年整体收获尚可，感谢一路信任跟随的伙伴。 结合当下底部窗口，梳理出一只具备中长期成长潜力的中线标的，核心逻辑三点清晰：1、赛道处于优质高景气赛道，行业整体维持高速增长；2、公司新品持续落地放量，中长期成长逻辑确定性充足；3、个股走势独立性较强，本轮市场回调并未破坏原有上行趋势，适合中线逢低分批布局，耐心持有等待价值兑现。我的目标翻蓓！感兴趣的朋友可以来了解，还是老样子在忪.-众-.呺：卧云观海，回复：老虎，就可以找到了。投资的路还长，没有尽头，路漫漫其修远兮，祝大家股市长虹！第四：合理规划！想靠炒股实现财富自由是每个股民的梦想，但是必须要做好合理规划，很多股民亏损的原因，在于没有事先做好计划和准备，仅凭一时的冲动。合理的规划，才能够在股市长存。交易计划：入场原因、资金投入比例、止损线、目标价位、止盈线、交易金额、交易策略、交易时间架构、风险应对策略，这些是入场前就要做好的笔记，最好提前做好规划！第五：学无止境！很多朋友，什么股票都参与，一顿操作猛如虎，一问账户亏成二百五。股市每天都有新题材，什么都不懂之前就跟风去操作，这不就是给主力送肉吗？天道忌巧，道以拙成。市场的炒股方法种类繁多，看似一学就会，实则一用就废，所以多学加以实践，懂得综合研判才能盈利。你永远无法吃到认知以外的肉，一只个股在上涨过程中，不同的介入者因对其认知不同，会有不同的收获。第六：业绩为王，技术为辅选股一个重要的原则，一定要该个股的企业业绩支撑给力，各方面符合我们选股标准后，通过技术面找到合适进场的点位。那些常年亏损没有任何前景的企业那就是在浪费我们的时间，与其赌他扭亏为盈，不如选择连续盈利且有前景的企业，你说哪个概率更大呢？这里要说一下：任何技术，形成闭环！以什么原因入场就以什么原因离场。比如，以均线支撑入场，破位均线离场，MACD金叉入场，死叉离场。情绪，价值，技术，各自分开绝不混为一谈。第七：顺势而为小局服从中局，中局服从大局，大局服从趋势，提前设置好止损位，趋势走坏就坚决止损，趋势还在，要让利润继续奔跑。股市有一句名言：假如鳄鱼咬住你一只脚，不要用另一只脚去推开他，明智的做法是果断撤离。第八：不断提高，坚持复盘很多人炒股十多年了，水平还是寸步不前，就是不爱总结。每天原地踏步，股龄再多又有什么意思呢？市场不看你的经验，看的是你的水平！所以，每天花半小时进行复盘总结，你会超越大多数股民。第九：摆正心态，平和应对！大多炒股票的人心态都是急功近利，要做好股票首先心态要平和。炒股首先就是理性，保持冷静的头脑，平和的心态，平时多看书，多实践，多交流，先要确定一个自己的操作策略、经济基本面分析、技术分析、心态控制、对冲策略、顺势而为这6大原则一个都不能少。第十：有利润，要及时落袋为安不少股票都会出现某日突然大涨的现象，为了稳妥起见，先落袋为安，至少也要卖出部分仓位，除非无量封涨停板。这种情况下，多数在以后几天里都能以更低价买入，除非跳空高开，带量上攻，一骑绝尘。道理都懂，方法都会，知易行难，成功者永远只有3%，那是因为只有极少数人能够做到而已。以上十条心得是我这二十多年真金白银在市场上验证出来的，一定要反复看，虽然不敢保证100%准确，但是也能让你避免80%的坑，相信结合自身实际，你的炒股水平一定会突飞猛进。书山有路勤为径，学海无涯苦作舟，你一定会有所收获，关注我，有渔更有鱼！天下没有轻易的成功，也没有白费的努力！投资是一条孤独而有意义的长路，与同行者共勉！
"
7.17晚间黄金思路,0,221,舒妍观势,07-17 20:13,"7.17黄金晚间思路小时线超跌反弹修复，上行只是短期修正，下跌主结构未破。压力4008、4028；支撑3970、3954回踩3970-3990企稳短多，目标4010，上破看4050/410；反弹4000-4028滞涨做空，目标3970，下破看3950/3900。仅供思路参考，实盘灵活把控。
"
华天科技真的会三连停吗？怎么跌这样还有这么多人讨论？,18,4545,我比风还快,07-17 20:09,"
https://i1.hoopchina.com.cn/3a6adbbd0c069780dc705a9c3bd11fab_w_753_h_999_.jpg?imageMogr2/format/webp/auto-orient?x-oss-process=image/resize,w_800/format,webp
https://i1.hoopchina.com.cn/3a6adbbd0c069780dc705a9c3bd11fab_w_753_h_999_.jpg?imageMogr2/format/webp/auto-orient?x-oss-process=image/resize,w_800/format,webp"
【股区第一高手】1.7w到2亿，历经一年半终于翻倍，目前35087,43,69573,广州西村大表哥,07-17 20:04,"2025年是从17263开始，去年年末是30161，今年年初是30161开始，到现在34580。这里用的中金财富才能完整看到历史，用同花顺的话会缺少2025年1月份记录。17263*2=34526，目前35087实现翻倍。比想象中的慢一些，但没关系，慢没啥不好。
https://i11.hoopchina.com.cn/CDAA4626717886B0CC91B55B7D2E4986_w_750_h_1624_.png?x-oss-process=image/resize,w_800/format,webp
https://i5.hoopchina.com.cn/DEDC904B425F3902D5F7F1DABE003CA9_w_750_h_1624_.jpg?x-oss-process=image/resize,w_800/format,webp
https://i11.hoopchina.com.cn/4D2943307B7D7C962044A50E7503065D_w_750_h_1624_.jpg?x-oss-process=image/resize,w_800/format,webp
https://i11.hoopchina.com.cn/64C8520F8346F1C50F2F50F1EA3A800F_w_750_h_1624_.jpg?x-oss-process=image/resize,w_800/format,webp
https://i11.hoopchina.com.cn/CDAA4626717886B0CC91B55B7D2E4986_w_750_h_1624_.png?x-oss-process=image/resize,w_800/format,webp
https://i5.hoopchina.com.cn/DEDC904B425F3902D5F7F1DABE003CA9_w_750_h_1624_.jpg?x-oss-process=image/resize,w_800/format,webp
https://i11.hoopchina.com.cn/4D2943307B7D7C962044A50E7503065D_w_750_h_1624_.jpg?x-oss-process=image/resize,w_800/format,webp
https://i11.hoopchina.com.cn/64C8520F8346F1C50F2F50F1EA3A800F_w_750_h_1624_.jpg?x-oss-process=image/resize,w_800/format,webp"
7.17日今日份足球赛前分析来咯！！！,2,1035,雯雯子呀,07-17 20:03,"周五 201哥德堡 VS 布鲁马波果实：让负总进球：2/3球缤纷：1-1、1-2、2-2综合各项条件对比，哥德堡虽然拥有老牌球队底蕴与主场场地加持，但严重的伤病停赛、糟糕的主场战绩、低迷士气以及门将位置致命短板，大幅削弱自身竞争力；布鲁马波客场战力出众、核心体系完整，战术天然克制主队，拿分机会更大。周五 202 米亚尔比 VS 韦斯特罗果实：胜总进球：2/3球缤纷：2-0、2-1、3-0综合各项维度来看，米亚尔比坐拥主场历史压制力，止颓战意强烈，但中后场核心大面积缺阵，攻坚与防守都受到明显限制；韦斯特罗斯客场战力强劲、反击体系完整，却受限于残缺后防，难以抵挡主队持续冲击。整体走势偏向分胜负格局，韦斯特罗斯反击存在破门机会，但米亚尔比依托主场定位球与往绩优势拿分可能性更高。周五 203 博德闪耀 VS腓特烈果实：让胜/让平总进球：3/4球缤纷：3-0、4-0、3-1综合各项维度来看，博德闪耀主场火力强劲、状态稳定、交锋全面占优，抢分需求充足；腓特烈斯塔客场防守崩盘、阵容残缺、连续不胜，难以抵挡主队攻势。本场大比分出现概率不低，主队拿下三分是主流走势。周五 204 巴伊亚 VS沙佩科果实：胜总进球：2/3球缤纷：2-1、2-0、3-1综合各项维度对比，巴伊亚纸面身价接近沙佩科的 5 倍，抢分战意充足、进攻体系完整，对手客场全败、防线大面积伤停，天然存在巨大优势；不过巴伊亚自身防守存在漏洞，很难零封对手，沙佩科虽整体劣势极大，但偶尔能依靠反击偷取进球。本场主流走势为主队拿分周五 205 弗鲁米嫩 VS布拉干RB果实：胜总进球：2/3球缤纷：2-0、2-1、1-0综合各项维度对比，弗鲁米嫩塞坐拥魔鬼主场、交锋优势与完整进攻核心，唯一短板是边路防守人员缺失；布拉干虽然近期连胜、反击打法克制压上型队伍，但主力锋线与多条边路受损，终结与边路协防能力大打折扣。本场很难出现一边倒大比分，两队防线都存在漏洞，互有进球概率偏高，主队不败是主流走势周五 206 米拉索尔 VS格雷米奥果实：让负 总进球：1/3球缤纷：0-1、1-2、1-1综合对比来看，米拉索尔仅有主场与历史交锋两大优势，进攻疲软、大面积主力伤停、连续连败是无法回避的硬伤；格雷米奥球队整体实力、锋线稳定度、间歇期调整状态全部占优，保级求生欲望强烈，残阵防守足以抵挡主队低效攻势，依靠反击完成破门的机会更高。本场虽然格雷米奥客场无胜记录、后防线残缺存在隐患，但相比漏洞更多、进攻乏力的米拉索尔，客队拿分前景更好，走势偏向格雷米奥不败。周五 207 纳什维尔 VS亚特联果实：胜总进球：2/3球缤纷：2-1、2-0、3-0综合各项维度对比，纳什维尔坐拥主场不败 buff、联盟顶级攻防、完整主力进攻群与火热竞技状态，抢分需求强烈；亚特兰大联客场疲软、前场核心大面积伤停、持续不胜士气低迷，攻防两端全方位处于劣势，仅依靠零星反击存在偷球可能。本场一边倒格局概率更高，主队拿下三分是主流方向。周五 208 洛城银河 VS洛杉矶FC果实：胜总进球：1/3球缤纷：1-0、2-1、3-0历史交锋极具特点，双方总计交手 26 次银河 10 胜 7 平 9 负小幅占优，近 10 次德比场均总进球超 4 球，极少出现沉闷小球对局；最近两次碰面全部战成 3-3、2-2 平局，两队防线短板会被互相放大，互有进球是常态。综合所有维度对比，银河手握主场 buff 与近期交锋不败优势。
https://i5.hoopchina.com.cn/D95C8B064B629A711E5C1853A40EAEFA_w_1320_h_1753_.jpg?x-oss-process=image/resize,w_800/format,webp
https://i1.hoopchina.com.cn/255206DAABF4AB14DDDAE45F2A2D83DD_w_1320_h_1753_.jpg?x-oss-process=image/resize,w_800/format,webp
https://i5.hoopchina.com.cn/D95C8B064B629A711E5C1853A40EAEFA_w_1320_h_1753_.jpg?x-oss-process=image/resize,w_800/format,webp
https://i1.hoopchina.com.cn/255206DAABF4AB14DDDAE45F2A2D83DD_w_1320_h_1753_.jpg?x-oss-process=image/resize,w_800/format,webp"
量化：骂吧随便骂，骂的越欢砸起来越嗨,12,3646,虎扑JR0471125054,07-17 20:01,"量化在市场内翻云覆雨，现在完全是量化的天下，大多数股票甚至大多数板块都是一根直线直上直下的。猖狂！
"
腾龙股份操作帖,22,1679,禁言我也期待登哥实盘,07-17 20:01,"非常有趣，继续观察。很期待看看我16.8卖的，怎么才能从哪里赚哪里吐回去。等一个站上中轨继续持有。
"
天塌了，暂时避雷科技，下个月再看他,2,588,韭菜自救指南,07-17 19:57,"
"
七月持仓分享:惠康科技，激智科技,3,470,77湖人之光,07-17 19:56,"惠康69.52三手，激智39.5十二手
"
这轮科技最本质的逻辑,44,59120,rshxvc,07-17 19:56,"指数调整，但心理早就做好预期了，中报这个节点是一方面原因，各个科技股都处于历史的极值也是原因，涨的太太太高了自然会引人发问，这不是一个人的发问，是大家都会去想的一个问题，科技股什么时候会见顶？这轮科技行情从去年胜宏一季报开始，7月中新易s的半年报延续催化，寒武j月份国产替代继续催化，中间间隔了9（918军工等题材）、10（湾湾题材）、11、12（商业航天）、1（黄金白银）、2、3（电力），4月份科技中军核心中际一季报一针强心剂，到现在。4月份到现在是各种增长的斜率达到最高的阶段，Anthropic的一季度暴涨的ARR，各种上游的涨价，智谱的离谱，市场充实着最饱满的叙事，股票涨起来基本没什么阻力，调整的几次也都是假摔，到现在这个位置，没赚到科技股的钱的FOMO情绪几乎达到了顶点。逻辑上讲，第一层，有中报节点，位置高。第二层，科技股的行情不是单单我们的行情，韩、日、美都有，大家都是都是一串产业链的蚂蚱，韩往下熔断，那我们大概也不会好。第三层，也是最核心的一层，copex见顶，是科技股见顶最显著的标志。目前阶段美国那边大厂不停的股权、债券疯狂融资，连spacex刚ipo也要发债融200亿美金，这本身就会影响现金流，有种趁行市好疯狂囤积子弹的感觉。硬件的价格不断的上涨，也会抑制需求，只是行情好的时候大家都沉浸在泡沫之中。市场就是再疯狂，也总要有均值回归，涨的越猛，回归的时候自然也会越猛，这是常识。泡沫不是不能参与，是要时刻保持警惕，不要等桌上的其他人都跑了，才发现自己是最终留下来买单的那个人。很多人想问股票，所以怎么讲呢？我也不知道接下来该买什么，钱是赚不完的，空仓等盘面明朗再看了。
https://i3.hoopchina.com.cn/blogfile/20266/23/BbsImg_100517165758784_1782229303_s_76874_o_w_636_h_614_97505.jpeg?x-oss-process=image/resize,w_800/format,webp
https://i3.hoopchina.com.cn/blogfile/20266/23/BbsImg_100517165758784_1782229303_s_76874_o_w_636_h_614_97505.jpeg?x-oss-process=image/resize,w_800/format,webp"
教练今天都不发贴了？,1,743,lzhou,07-17 19:54,"att
"
20260717超市实盘记录,1,513,微波澄不动,07-17 19:53,"周一再跌准备加仓
https://i5.hoopchina.com.cn/hupuapp/bbs/832/99933832/1784282956_11132IMG_5170_w_1179_h_2556_.png?x-oss-process=image/resize,w_800/format,webp
https://i5.hoopchina.com.cn/hupuapp/bbs/832/99933832/1784282958_4052238IMG_5171_w_1178_h_2245_.png?x-oss-process=image/resize,w_800/format,webp
https://i5.hoopchina.com.cn/hupuapp/bbs/832/99933832/1784282956_11132IMG_5170_w_1179_h_2556_.png?x-oss-process=image/resize,w_800/format,webp
https://i5.hoopchina.com.cn/hupuapp/bbs/832/99933832/1784282958_4052238IMG_5171_w_1178_h_2245_.png?x-oss-process=image/resize,w_800/format,webp"
兆易创新能涨到多高？,13,7287,是你叛逆期到le,07-17 19:52,"25年2月开始建仓兆易创新，认为存储芯片已到上升区间，所以即使4月跌到98也一股未卖（也是因为毕业去上班了，就很少看盘操作了😂）。自8月底开始，兆易创新不断上涨，如今已到了213一股，超出我的预期了，但在这种趋势中，我也是忍不住加了一些，把成本做高了。。。有没有大佬一起交流下，这轮大致会上涨到什么位置。
https://i10.hoopchina.com.cn/hupuapp/bbs/756/76822756/thread_76822756_20251002091405_s_540692_o_w_1191_h_1978_67549.jpg?x-oss-process=image/resize,w_800/format,webp
https://i3.hoopchina.com.cn/hupuapp/bbs/756/76822756/thread_76822756_20251002091405_s_527730_o_w_1199_h_2025_6319.jpg?x-oss-process=image/resize,w_800/format,webp
https://i10.hoopchina.com.cn/hupuapp/bbs/756/76822756/thread_76822756_20251002091405_s_540692_o_w_1191_h_1978_67549.jpg?x-oss-process=image/resize,w_800/format,webp
https://i3.hoopchina.com.cn/hupuapp/bbs/756/76822756/thread_76822756_20251002091405_s_527730_o_w_1199_h_2025_6319.jpg?x-oss-process=image/resize,w_800/format,webp"
跌破防了，半个月没了6个W，开个实盘记录回本路,0,1219,老赵家的河蟹,07-17 19:49,"单日不见了3.5个W，太痛了！痛定思痛，尾盘全清了。下周重新出发,认真做好每日复盘，严格执行交易纪律！！！今日市场全面崩溃。上证跌超3%、深证跌超5%、创业板暴跌逾7%，涨跌比仅0.10——5000只股票中仅481只上涨，跌停198家，为7月第二次百股跌停。20个重灾区板块跌幅8-10%，市场资金在系统性撤出而非结构性切换。5G/CPO封死跌停，光刻机-8.9%，CRO概念-8.8%，芯片全线溃败。银行和红利是仅存的防御品种，但它们的翻红不代表有行情，只代表资金无处可去。在跌停198家、涨跌比0.10的市场中，任何分析都失去意义——不是在""选股""，是在""躲避""。建仓条件惨淡收场，禁止开仓叠加逃顶信号触发，结论只有四个字：全面空仓。跌停198家的市场环境下，一切""抄底""都是接飞刀。大量资金在恐慌出逃，不接、不猜、不抄。本周行情堪称教科书式教训：周二V反昙花一现，周三医药分化，周四主线倒塌，周五全面崩溃。一周之内情绪从回暖直接坠入冰点，资金从医药到红利再到全面出逃，几乎没有活口。情绪已逼近冰点，下周一暂不抄底——198家跌停的恐慌需要时间消化。等信号回来再说。
"
140w到150w第163天,4,1303,开dmp的靓仔,07-17 19:33,"
https://i5.hoopchina.com.cn/editor/b5f59e62a4c2a29d5688e3ff824c9ed5_w_1600_h_10582_.png?x-oss-process=image/resize,w_800/format,webp
https://i5.hoopchina.com.cn/editor/b5f59e62a4c2a29d5688e3ff824c9ed5_w_1600_h_10582_.png?x-oss-process=image/resize,w_800/format,webp"
实盘分享 | 恐慌情绪全面扩散,0,1250,松间存月,07-17 19:30,"财不入急门，慢富即永恒！大伙好，我是松哥。每天按时复盘，把盘面逻辑说透、把操作计划列清，是我一直以来的交易习惯。炒股这么多年，始终认准一个理：市场永远不缺机会，缺的是严格的执行纪律和清晰的操作计划。不赌行情、不猜涨跌，提前做好应对方案，到点按规则执行，长期下来账户自然会给你正反馈。今天的市场是情绪集中踩踏的一天，从科技赛道蔓延至前期强势的医药板块，全市场高位题材集体杀跌，恐慌情绪全面扩散。这种行情下，不硬扛、不抄底，果断止损离场、空仓观望保住本金，就是最正确的操作。一、当日盘面核心梳理1、​量能与情绪​上证指数收跌 3.05%，深证成指收跌 5.40%，创业板指收跌 7.15%，科创 50 指数收跌 7.12%。沪深两市全天总成交额2.65万亿，较前一交易日放量约 2514 亿，属于典型的放量杀跌走势，恐慌盘集中出逃。全市场上涨个股仅 482 家，下跌个股达 5001 家；全天涨停 35 家，跌停 198 家，赚钱效应彻底冰封，市场进入情绪恐慌集中释放阶段。放量下跌是最危险的信号，说明场内资金不计成本出逃，承接盘严重不足，恐慌情绪已经从科技板块扩散到全市场，这种时候任何盲目抄底行为，都极易被套在半山腰。2、板块分化逻辑领跌方向：半导体、存储芯片、CPO、CRO、创新药等前期强势赛道全线崩盘，板块跌幅普遍超 7%，数百只个股跌停。本质是前期积累了大量获利盘和套牢盘，黑天鹅点燃恐慌情绪后，资金集中出逃，形成踩踏式杀跌。逆势抗跌方向：电力、银行、公用事业等纯防御板块相对抗跌，少数低估值权重股有避险资金流入，但整体赚钱效应极差，不具备可参与性。情绪退潮期，高位题材集体补跌，资金无差别出逃，防御板块仅相对抗跌，没有明确的赚钱主线，空仓观望是当下最优解。二、今日持仓操作复盘美诺华今日走势：个股早盘低开37，盘中短暂冲高至37.88后持续走弱，随着医药板块恐慌情绪蔓延，抛压不断加大，最终尾盘封死跌停，收盘价 34.52 ，全天跌幅 9.99%，成交额 16.32 亿，多空博弈后空头完全占据主导。今日操作：盘中发现承接无力、走势持续走弱，严格按照止损计划果断离场，没有抱有任何侥幸心理。收盘后个股封死跌停，也验证了及时止损的正确性，成功避开了尾盘的封死跌停，避免了更大的亏损。操作思路：昨天就明确说了，走弱就要严格止损。今天医药板块集体调整，个股情绪彻底走坏，这种时候不硬扛、不补仓摊低成本，果断离场保住本金，留得青山在，不怕没柴烧。今天全天没有开任何新仓，选择空仓观望。市场恐慌情绪已经彻底释放出来，这种时候强行出手，胜率极低，不如耐心等情绪企稳、风险释放完毕，再找确定性机会。最后再跟大伙说一句：短线交易，拼到最后从来不是比谁战法多、谁看得准，而是比谁更守纪律、更能管住手。行情好的时候大胆做，行情差的时候管住手，该进场的时候不犹豫，该离场的时候不恋战，这才是能在市场长期活下去的根本。认可松哥实盘思路的兄弟，点赞+关注，后续每个交易日同步盘面复盘+次日操作计划，踏踏实实做交易，明明白白赚收益。
"
7月17日操作记录,1,1054,财八方,07-17 19:27,"当前持仓
https://i11.hoopchina.com.cn/878F4CD402BF8123685D2C4B4F9D1A4E_w_3024_h_4032_.jpg?x-oss-process=image/resize,w_800/format,webp
https://i11.hoopchina.com.cn/878F4CD402BF8123685D2C4B4F9D1A4E_w_3024_h_4032_.jpg?x-oss-process=image/resize,w_800/format,webp"
1.9w实盘第52天  -532,0,873,乔治给我冲冲冲,07-17 19:24,"今天t了 少亏五百.. 下午又打满了 我相信要反转了 今天大盘三个点 市场大把人爆仓了吧
https://i10.hoopchina.com.cn/3E1B71BBB127D478BFC47EF45F840806_w_1179_h_2556_.png?x-oss-process=image/resize,w_800/format,webp
https://i1.hoopchina.com.cn/814E3D7A22031519AAEE4B494133702C_w_1179_h_2556_.png?x-oss-process=image/resize,w_800/format,webp
https://i10.hoopchina.com.cn/3E1B71BBB127D478BFC47EF45F840806_w_1179_h_2556_.png?x-oss-process=image/resize,w_800/format,webp
https://i1.hoopchina.com.cn/814E3D7A22031519AAEE4B494133702C_w_1179_h_2556_.png?x-oss-process=image/resize,w_800/format,webp"
今天怎么说兄弟们，有底吗？,7,1965,三足鸟,07-17 19:23,"
"
1.9w实盘第51天  -1287,2,1123,乔治给我冲冲冲,07-17 19:22,"好吧 还是看情况忙不忙 不忙还是保持更新记录自己
https://i5.hoopchina.com.cn/FD27BA4EBCE260205E4C1BC253DC01E5_w_1179_h_2556_.png?x-oss-process=image/resize,w_800/format,webp
https://i5.hoopchina.com.cn/FD27BA4EBCE260205E4C1BC253DC01E5_w_1179_h_2556_.png?x-oss-process=image/resize,w_800/format,webp"
哦豁，又创亏损纪录了,43,9336,法克鱿鱼丝炒蛋,07-17 19:19,"今日巨亏3.2个今天棒子爹休市，好大儿没地方抄作业，那就先砸了再说按之前的计划，机器人三傻破前面低点加仓老鼠药大阴线，加，英子破前低也加另外加了两手立迅不过好像都加早了？下午开盘跳水不知吓跑多少人，2点左右那波小反弹不知又骗了多少人回来收盘5001家待涨，果然是要把散户放在最高处今天情绪快到冰点了，区里好几位老师都准备或者已经退市坚持吧，下周再哆嗦一两个交易日，也许就会迎来曙光了？？？？？？？？哪违规了
https://i1.hoopchina.com.cn/1B333E6017F7DB531A28515CF1D0F95A_w_1170_h_2532_.png?x-oss-process=image/resize,w_800/format,webp
https://i11.hoopchina.com.cn/3138AF0505FADB36788073CB8D30E202_w_1170_h_2532_.png?x-oss-process=image/resize,w_800/format,webp
https://i1.hoopchina.com.cn/C9BE603D4A4EFE4DA691B4B26ACE2737_w_743_h_1280_.jpg?x-oss-process=image/resize,w_800/format,webp
https://i11.hoopchina.com.cn/65916CC29A47167F8BD8E80863879FF4_w_1212_h_1280_.jpg?x-oss-process=image/resize,w_800/format,webp
https://i1.hoopchina.com.cn/1B333E6017F7DB531A28515CF1D0F95A_w_1170_h_2532_.png?x-oss-process=image/resize,w_800/format,webp
https://i11.hoopchina.com.cn/3138AF0505FADB36788073CB8D30E202_w_1170_h_2532_.png?x-oss-process=image/resize,w_800/format,webp
https://i1.hoopchina.com.cn/C9BE603D4A4EFE4DA691B4B26ACE2737_w_743_h_1280_.jpg?x-oss-process=image/resize,w_800/format,webp
https://i11.hoopchina.com.cn/65916CC29A47167F8BD8E80863879FF4_w_1212_h_1280_.jpg?x-oss-process=image/resize,w_800/format,webp"
创业板-7%大阴线！科技主线要在这里画上句号了吗？,0,883,虎扑JR0414094122,07-17 19:16,"这波科技行情，始于创业板那根-12%的惊天大阴线，难道今天真的要终于这根-7%的绝望长阴了吗？事已至此，这位置确实微妙到了极点。光模块大哥今天砸出565亿的天量成交额，这巨量背后，场内的人估计都在互道SB。现在最棘手的，是下跌引发的连锁反应，那些上了杠杆的资金一路爆仓下去，一旦形成踩踏，那就真止不住了。这位置，咱们散户除了磕头祈祷周末有神秘资金出手，似乎也别无他法。今天盘中其实是有资金尝试去抄底的，创业板一度强势反弹了三个点，奈何上方套牢盘压力太大，最终还是无济于事。这轮行情始于科技，解铃还须系铃人。放眼全球，核心看英伟达；聚焦A股，核心看光模块龙头。当然，如果这时候能有国产科技硬生生站出来扛旗，那自然是极好的。目前A股这波调整，和隔壁正在去杠杆的韩国股市跌幅已经差不多了……到了这个份上，多说无益，唯有等待。且看周末有什么重磅消息吧，祝大家周末愉快！
https://i1.hoopchina.com.cn/577a91ae94aef4148b59b4eacb063792_w_1260_h_560_.jpg?imageMogr2/format/webp/auto-orient?x-oss-process=image/resize,w_800/format,webp
https://i1.hoopchina.com.cn/577a91ae94aef4148b59b4eacb063792_w_1260_h_560_.jpg?imageMogr2/format/webp/auto-orient?x-oss-process=image/resize,w_800/format,webp"
如果要拿10年以上，有什么股票推荐,88,27981,小凯独自存活,07-17 19:16,"如题，准备把闲钱存进大A然后卸载app，等10年后再来看
"
还是理智点，哈药股份已经不具备七板的条件了,8,1971,金陵琅琊中路江左梅郎,07-17 19:14,"龙头的高度有两大方面决定题材炒作赋予龙头高度，医药今天大跌啊市场情绪好赋予市场高度溢价，今天情绪很垃圾综上所述，该止盈止盈了当然如果板了，会说是资金龙头避险但买卖股票是讲逻辑的，博弈避险就是纯赌了
"
有涨就有跌，张弛有度！,8,2112,球王点帅,07-17 19:12,"成交量还在呢，熊市的日成交量5000亿左右，现在不是熊市，请不要太悲观！半导体板块涨了一倍多，现在跌下来了60%，其实还有下跌空间！现在新股民不嘲笑老韭菜了，挨打要吸取教训。要记住那句话：别人恐慌我贪婪。
"
7月，-32%！,8,7554,虎扑JR0436350814,07-17 19:09,"全仓-32%，涨回去需要+48%！亏最多是光纤三傻！亏了起码20%！多的时候5成仓位光纤三傻，2成仓位光模块ETF，跌到一愣一愣，后来也认栽一点点减了，现在2成光纤三傻做底仓了。事已至此，只怪自己太激进，没有科学合理的减仓机制
"
现在很多散户即便是自己不涨，也希望科技跟着一起跌,3,1678,减肥真难呀,07-17 19:09,"前段时间，科技cpo半导体光模块等等好了那么久，赚了满嘴流油，把其他板块吸血洗的不要不要的。现在科技瀑布杀，不是几个月之前就建仓的，现在基本都差不多亏到成本线了甚至已经亏到成本。这样的情形让前期被科技吸血死的不要不要的其他板块的散户心里暗爽。我其实自己本身也没敢买科技股，谨慎习惯了，这种看不到业绩纯靠预期跟炒作上来的股票我真的不敢买，可能是我认知的问题吧，我自己买的电力设备跟电力股票最近被科技吸血洗的亏了差不多十个，现在想回本的得需要5个半涨停。。。全仓梭哈一只票，还好死不死的遇见这票发了定增公告。。。真的太难了看到科技跌的这么惨，本来以为资金会往前期这些被吸血跌了三十四十个点的股票上走，没想到根本没来。。。郁闷，回本之路遥遥无期呀
"
为什么有人会有认为科技不一样,1,967,lipcute,07-17 19:04,"本质上和之前热炒的白酒医疗航天没区别，投入“真感情”只会被割
https://i1.hoopchina.com.cn/b9c2553ff711c1d81e6f438475f88ec9_w_834_h_1033_.jpg?imageMogr2/format/webp/auto-orient?x-oss-process=image/resize,w_800/format,webp
https://i1.hoopchina.com.cn/b9c2553ff711c1d81e6f438475f88ec9_w_834_h_1033_.jpg?imageMogr2/format/webp/auto-orient?x-oss-process=image/resize,w_800/format,webp"
25W到100W第178天,2,1082,江湾澳沙洁河,07-17 19:02,"
https://i10.hoopchina.com.cn/a2d1bc1a0720c55f1a85e1001e17e470_w_1260_h_2488_.jpg?imageMogr2/format/webp/auto-orient?x-oss-process=image/resize,w_800/format,webp
https://i10.hoopchina.com.cn/a2d1bc1a0720c55f1a85e1001e17e470_w_1260_h_2488_.jpg?imageMogr2/format/webp/auto-orient?x-oss-process=image/resize,w_800/format,webp"
众人皆醉我独醒，信我就听我！,1,353,表伯独家股市笔记,07-17 19:01,"说一下我的个人判断，2026下半年至年尾，如果来一次恐慌踩踏行情，那么就是进入熊市了，2027年必熊。千万不要去听任何专家网红的什么“震荡整固”诸此言论，信我就听我。有利润的就赶紧落袋，然后休息。趁心安静下来，跟我好好学学我的表伯独家私人笔记，一本“众人皆醉我独醒”的宝典圭臬。随时帮你诊看，讲解股票。一起交流，进步。一次分享，永久服务。随我一起潜心蜇伏，鳄鱼出击。
https://i3.hoopchina.com.cn/5a30378256fa4852c0e02982841d201b_w_547_h_341_.webp?imageMogr2/format/webp/auto-orient?x-oss-process=image/resize,w_800/format,webp
https://i3.hoopchina.com.cn/5a30378256fa4852c0e02982841d201b_w_547_h_341_.webp?imageMogr2/format/webp/auto-orient?x-oss-process=image/resize,w_800/format,webp"
雅克还有戏吗,2,494,4分4板4千万文班之下我无敌,07-17 18:45,"亏的很难受 想问下街上的兄弟们
"
黑色星期五！光模块板块震荡调整！存储板块整体下跌，降息预期再遭打击！,0,355,雪球官方,07-17 18:44,"各位听众朋友，大家好，欢迎收听雪球出品的《六点半热评》，6300万投资者的集体智慧，带你穿透热点看本质。7月17日，A股主要指数集体大跌。沪指跌3.05%报3764.15点，创2025年9月以来新低；深证成指跌5.4%，创业板指跌7.15%，北证50跌2.31%，科创50指数跌7.12%。全市场成交额26716亿元，较上日放量2527亿元，全市场超5000只个股下跌。存储芯片、CPO等算力硬件概念见大面积跌停，德明利连续第三日跌停，CRO概念股全线重挫，人形机器人、商业航天等板块跌幅居前。电力板块逆势上扬，银行股普涨。来看今天第一个热点：“易中天”集体崩跌，中际旭创盘中跌超14%7月17日，光模块三巨头延续大幅调整。中际旭创盘中最低跌超14%，收跌12%，新易盛盘中一度跌超16%，尾盘收跌11%，天孚通信收跌超13%，盘中最低触及207元。三股均位列全市场资金净流出前列。消息面上，叠加隔夜网传光模块利空、海外科技股回调下，A股算力硬件板块抛压加重。隔夜美股三大指数整体收跌，纳斯达克综合指数下跌1.47%，标普500跌0.51%，费城半导体指数大跌4.3%，美股科技板块整体下滑1.8%，存储、芯片、AI硬件个股成为主要拖累。台积电虽交出亮眼盈利数据，股价仍收跌2.3%。业内分析，当前市场对AIAI硬件公司估值标准大幅提升，仅业绩增长难以支撑前期高估值。伴随AI赛道交易趋于拥挤，投资者开始更加关注企业资本开支持续性、订单落地进度与行业供给扩张风险。美股、A股本轮科技板块回调走势相近，前期涨幅最大、机构持仓最集中、估值抬升最快的龙头率先回落，调整压力随后传导至光模块、PCB、半导体设备整条产业链。此前光模块板块累计涨幅较高，7月15日中报预告披露完毕后，热门科技股的交易逻辑，也从远期行业空间转向当期业绩能否突破市场高预期。即便AI算力需求维持高景气，一旦企业业绩增速不及预期，或是海外科技板块集体走弱，资金就可能选择兑现收益，产业景气与股价短期走势出现分化。来看今天第二个热点：净利最高预增5611%，德明利仍遭遇三连跌停今日A股存储板块同步遭到资金集中抛售。兆易创新再次触及跌停，红板科技、华天科技等产业链公司普遍大幅下跌。存储龙头德明利连续第三个交易日跌停。股价报536.54元，相比7月14日跌停前的收盘价，三个交易日累计市值蒸发约453亿元。德明利是本轮存储行情中涨幅最明显的公司之一，去年9月至6月末股价累计涨幅超1000%。7月14日晚间公司发布半年报预告，预计上半年营收160亿元至180亿元，同比增289.39%至338.06%，归母净利润57至65亿元，同比增长4932.74%至5611.02%，扣非净利润56.49亿元至64.49亿元。即便业绩大幅向好，该股依旧连续跌停，核心矛盾在于季度环比变化。其一季度净利润33.46亿元，测算得出二季度净利23.54至31.54亿元，环比下滑5.74%至29.65%。在股价此前已经上涨超过十倍的背景下，市场难以接受盈利环比回落。公司表示，AI应用加速落地带动存储需求旺盛，产品价格上行，但低价库存消耗完毕后，晶圆新采购成本上升，涨价对利润的提振作用逐步减弱。当前市场交易的重点已转为涨价周期、高利润率持续性，判断盈利是否触及阶段高点。韩国存储股的剧烈下跌，进一步施压A股存储板块。全球存储龙头三星电子、SK海力士股价大幅调整，削弱市场对存储上行周期的预期。韩国科技股的下跌还叠加了杠杆资金去化压力。韩国金融服务委员7月16日宣布暂停新增单只股票杠杆ETF，上调个人投资者最低保证金要求从1000万韩元提高至3000万韩元，最低交易单位从1份提高至20份。于8月5日正式实施。近两月韩国上市多款挂钩三星电子、SK海力士等权重科技股的两倍杠杆ETF。监管收紧后市场引发杠杆资金撤离担忧，三星、海力士下跌同时受板块估值回调、杠杆产品被动减仓双重因素影响。来看今天第三个热点：油价走高、黄金失守4000美元，降息预期再遭打击7月17日，除科技股集体调整外，国际油价走高、金价下行，叠加美联储偏鹰的利率预期，持续压制全球风险偏好。晨间WTI原油期货报价78.95美元每桶，现货黄金盘中跌破4000美元关口。随着美伊冲突升级，市场加强对中东能源运输安全的担忧，霍尔木兹、曼德海峡两大航运要道通行承压，带动油价维持高位。受此影响，国际油价继续维持高位。油价走高会推升全产业链通胀成本，若高位延续，美联储控通胀难度将持续加大，市场此前预期的降息时间或将再度延后。黄金同步出现明显调整，与股市同步承压。广发期货分析，地缘冲突推升通胀风险、全球股市下跌引发流动性收紧，是金黄金短线走弱的重要原因。分析人士指出部分机构为补足保证金、降低杠杆可能会集中抛售黄金，再叠加美元、美债收益率上行双重因素，持有黄金的机会成本提升，进一步打压金价。美联储官员表态加剧市场悲观情绪，达拉斯联储主席洛根称或适度加息以抑制高通胀，叠加近期经济、通胀数据，市场短期降息预期持续降温。油价推升通胀、美联储释放鹰派信号双重因素助推美债收益率与美元走强，并对高估值科技股、黄金等各类风险资产形成压力。好了，今天的《热评六点半》就到这里，行情震荡，理性看待风险，我们下周再见！
"
今天应该补仓的,8,2398,虎扑JR1367067495,07-17 18:43,"但是被这个b行情搞得没心情补了 
https://i5.hoopchina.com.cn/b15369c1158e8134bdbb0f0056c2c5a2_w_1120_h_2528_.jpg?imageMogr2/format/webp/auto-orient?x-oss-process=image/resize,w_800/format,webp
https://i5.hoopchina.com.cn/b15369c1158e8134bdbb0f0056c2c5a2_w_1120_h_2528_.jpg?imageMogr2/format/webp/auto-orient?x-oss-process=image/resize,w_800/format,webp"
大盘近期跌没了300多个点还有人管吗？,11,3468,七哥股市看戏2,07-17 18:38,"今天大盘又是下探73个点 这行情分析还有屁用，就问问这段时间被黑了多少 下探了300多个点啊 开玩笑 不要你们了 市场大多人被黑的没脾气 不要问我分析这个分析那个 明天能反弹吗？我知道反不反弹 我只知道反正被黑了不少 绷带止血都止不住 就问问你们这行情还有脾气没？还有人管不？
https://i5.hoopchina.com.cn/editor/3946734145b43a0deb8305fa73298e95_w_1090_h_602_.png?x-oss-process=image/resize,w_800/format,webp
https://i5.hoopchina.com.cn/editor/3946734145b43a0deb8305fa73298e95_w_1090_h_602_.png?x-oss-process=image/resize,w_800/format,webp"
现在的科技不是中场休息，只是补水时间,36,83745,狐尔摩斯看盘2号,07-17 18:38,"如图，这是我自己的回答。但这个补水时间要播多少广告，现在还不知道。所以短期不要把仓位打得太满！
https://i1.hoopchina.com.cn/C440BBE763D3C645EDE0D8AD5688CE89_w_1206_h_2622_.png?x-oss-process=image/resize,w_800/format,webp
https://i1.hoopchina.com.cn/C440BBE763D3C645EDE0D8AD5688CE89_w_1206_h_2622_.png?x-oss-process=image/resize,w_800/format,webp"
六月股市收益大爆发坚定持有避免踏空,26,11438,一只折耳猫coca,07-17 18:38,"这个月肯定有很多人被震荡压力一键清仓上个月反复强调科技股坚定持有坚定持有这个月这行情极其容易踏空
https://i3.hoopchina.com.cn/2A5EAF7A665F858AEDF90E9B8431B62E_w_1206_h_2622_.png?x-oss-process=image/resize,w_800/format,webp
https://i3.hoopchina.com.cn/DAF069419F7A047BEA2BCFC8B674FA0C_w_1206_h_2622_.png?x-oss-process=image/resize,w_800/format,webp
https://i3.hoopchina.com.cn/2A5EAF7A665F858AEDF90E9B8431B62E_w_1206_h_2622_.png?x-oss-process=image/resize,w_800/format,webp
https://i3.hoopchina.com.cn/DAF069419F7A047BEA2BCFC8B674FA0C_w_1206_h_2622_.png?x-oss-process=image/resize,w_800/format,webp"
物理ai股，能科科技,14,3057,Remedy1,07-17 18:36,"能科科技这个股，强烈看好，20万仓位打满，有没有同样看好的
"
记录一百万炒股，亏完需要多久。（每月更新第3期）,48,7597,一百万炒股,07-17 18:34,"第三个月总结一：5.14-6.09更新了历史最大回撤-6.63%，二：凯莱英尽力了，茅台跟迈瑞两个老登股是CBA队友。三：从前两个月8成仓，干到了10成满仓。四：7月计划调整一下持股选择以及仓位。股友们，有什么值得长线布局的股票吗，欢迎评论区留言，一旦采纳挣到钱，V你88.88元酬谢。
https://i10.hoopchina.com.cn/8268f500e4eadf5db6876f77f046eac2_w_1276_h_2848_.jpg?x-oss-process=image/resize,w_800/format,webp
https://i5.hoopchina.com.cn/491867437e6ec7fdcec6c43cddc6a1ba_w_1276_h_2848_.jpg?x-oss-process=image/resize,w_800/format,webp
https://i5.hoopchina.com.cn/5276d4016abee0e7644ef8519fe4a0ab_w_1276_h_2848_.jpg?x-oss-process=image/resize,w_800/format,webp
https://i10.hoopchina.com.cn/8268f500e4eadf5db6876f77f046eac2_w_1276_h_2848_.jpg?x-oss-process=image/resize,w_800/format,webp
https://i5.hoopchina.com.cn/491867437e6ec7fdcec6c43cddc6a1ba_w_1276_h_2848_.jpg?x-oss-process=image/resize,w_800/format,webp
https://i5.hoopchina.com.cn/5276d4016abee0e7644ef8519fe4a0ab_w_1276_h_2848_.jpg?x-oss-process=image/resize,w_800/format,webp"
预感会有全球性崩盘，股市真的恐怖！！！,162,85532,中场大师凯塞多,07-17 18:34,"感觉会有一次全球股市的集体崩大盘，日韩中美岂有完卵？--------2026.7.17 崩盘来了
"
现在恐惧还是去年4.7收盘后更让人恐惧？,11,3983,风一样丶男人丶,07-17 18:33,"你觉得呢
"
7.17盈亏统计（史诗级股灾）,4,2023,贾马尔11克劳福德,07-17 18:33,"载入史册的特大暴跌，这盘面看得头皮发麻，今天这行情和熔断根本没区别，下午还骗了一波抄底的
"
科技这两天就是给你们之前来不及上车的散户机会上来吃肉的，怎么反而被吓住了？,15,6908,柯洁酒罐王,07-17 18:31,"就是倒车接人啊，这还不上车？之前科技一直涨的时候，基本面逻辑一套一套的。怎么才跌了两天，难道科技的基本面就没了，上涨的逻辑就不通了？既然逻辑和基本面都没变，那科技现在下跌就是机会啊，这还不上车吃肉？
"
今日盘后，燃尽了，还是亏1个点,3,2962,啥时候做游资,07-17 18:30,"星网昨天进了1成仓，早上+2补了2成，吃了涨停清掉昨天的，还是没能封板，可惜了长电昨天地板进了，今天开盘补进去。冲到-1减了昨天的一半。下午拉到+8清掉昨天全部，杀到+3再买了回去。可惜行情下杀没能封板。福蓉打板1成仓进，+3大问题来了！+4.5重仓买了豫能，收盘杀到-3.5，下周未知了！昨天重仓吃大肉的紫光，-5(清仓)昨天重仓吃蚊子肉的浪潮-5(清仓)富春-4(清仓)大有-3(清仓)盘中调仓买卖拉到极限了，最终还是亏一个点！过往三年，平均每年保持400%以上的收益，上半年已经300%多了，难道下半年要翻车的节奏么？
https://i10.hoopchina.com.cn/hupuapp/bbs/465/118030465/thread_118030465_20260717170646_s_425287_o_w_1116_h_2480_63587.jpg?x-oss-process=image/resize,w_800/format,webp
https://i3.hoopchina.com.cn/hupuapp/bbs/465/118030465/thread_118030465_20260717170646_s_466569_o_w_1116_h_2480_35628.jpg?x-oss-process=image/resize,w_800/format,webp
https://i5.hoopchina.com.cn/hupuapp/bbs/465/118030465/thread_118030465_20260717170646_s_656924_o_w_1116_h_2480_37874.jpg?x-oss-process=image/resize,w_800/format,webp
https://i5.hoopchina.com.cn/hupuapp/bbs/465/118030465/thread_118030465_20260717170646_s_483906_o_w_1116_h_2480_74634.jpg?x-oss-process=image/resize,w_800/format,webp
https://i10.hoopchina.com.cn/hupuapp/bbs/465/118030465/thread_118030465_20260717170646_s_425287_o_w_1116_h_2480_63587.jpg?x-oss-process=image/resize,w_800/format,webp
https://i3.hoopchina.com.cn/hupuapp/bbs/465/118030465/thread_118030465_20260717170646_s_466569_o_w_1116_h_2480_35628.jpg?x-oss-process=image/resize,w_800/format,webp
https://i5.hoopchina.com.cn/hupuapp/bbs/465/118030465/thread_118030465_20260717170646_s_656924_o_w_1116_h_2480_37874.jpg?x-oss-process=image/resize,w_800/format,webp
https://i5.hoopchina.com.cn/hupuapp/bbs/465/118030465/thread_118030465_20260717170646_s_483906_o_w_1116_h_2480_74634.jpg?x-oss-process=image/resize,w_800/format,webp"
买点,3,490,pigyyyyss,07-17 18:25,"今天第二个恐慌节点，可以买了
"
沪指跌超3%，失守3800点！光模块三巨头集体跳水！存储板块被集体抛售！,0,341,厚雪长波,07-17 18:25,"🚩2026年7月17日行情回顾7月17日，A股主要指数集体大跌。沪指跌3.05%报3764.15点，创2025年9月以来新低；深证成指跌5.4%，创业板指跌7.15%，北证50跌2.31%，科创50指数跌7.12%。全市场成交额26716亿元，较上日放量2527亿元，全市场超5000只个股下跌。存储芯片、CPO、PCB等算力硬件概念见大面积跌停，德明利连续第三日跌停；CRO概念股全线重挫，消费电子、人形机器人、商业航天等板块跌幅居前。电力板块逆势上扬，银行股普涨。♟️光模块龙头“易中天”大幅调整！高估值赛道现资金兑现潮7月17日，光模块三巨头延续大幅调整。中际旭创盘中最低跌超14%，收跌12%；新易盛盘中一度跌超16%，尾盘收跌11%；天孚通信收跌超13%，盘中最低触及207元。三股均位列全市场资金净流出前列。消息面上，除昨晚间有流传的光模块利空消息外，海外科技股调整进一步强化了A...去小宇宙查看完整单集简介前往小宇宙评论区与主播互动
"
23个配号中了一签,0,1217,B梦,07-17 18:23,"这运气不错啊
https://i3.hoopchina.com.cn/0f056c12d3b57f58c1b4a5b556c79cd8_w_1479_h_148_.jpg?imageMogr2/format/webp/auto-orient?x-oss-process=image/resize,w_800/format,webp
https://i10.hoopchina.com.cn/d53da48f72f2a12ac918799eca4c32f5_w_1440_h_3200_.jpg?x-oss-process=image/resize,w_800/format,webp
https://i3.hoopchina.com.cn/0f056c12d3b57f58c1b4a5b556c79cd8_w_1479_h_148_.jpg?imageMogr2/format/webp/auto-orient?x-oss-process=image/resize,w_800/format,webp
https://i10.hoopchina.com.cn/d53da48f72f2a12ac918799eca4c32f5_w_1440_h_3200_.jpg?x-oss-process=image/resize,w_800/format,webp"
清仓,14,3751,永远的信仰CP3,07-17 18:22,"全仓亏30%，玩不了一点，还是去老登股待着@深聊  
"
我必须感谢股票区教练 没你真不知道一天天怎么操作,60,31068,摆事实讲道理拒绝偶像光环,07-17 18:21,"经典反指 有你操作清晰多了
https://i10.hoopchina.com.cn/reply/53f0f9bf2b331b754995eff26904e3ef_w_629_h_89_.png?x-oss-process=image/resize,w_800/format,webp
https://i3.hoopchina.com.cn/reply/72bad42c4929ce5e25806f3fe3620ea4_w_652_h_128_.png?x-oss-process=image/resize,w_800/format,webp
https://i11.hoopchina.com.cn/reply/8957acb0751eb12b96fa49ec5b007bab_w_830_h_93_.png?x-oss-process=image/resize,w_800/format,webp
https://i10.hoopchina.com.cn/reply/53f0f9bf2b331b754995eff26904e3ef_w_629_h_89_.png?x-oss-process=image/resize,w_800/format,webp
https://i3.hoopchina.com.cn/reply/72bad42c4929ce5e25806f3fe3620ea4_w_652_h_128_.png?x-oss-process=image/resize,w_800/format,webp
https://i11.hoopchina.com.cn/reply/8957acb0751eb12b96fa49ec5b007bab_w_830_h_93_.png?x-oss-process=image/resize,w_800/format,webp"
20万到100万第377天！,0,306,韭菜撒手,07-17 18:20,"空。
"
股市实盘记录 day54 始于足下,0,486,楼下沙县小吃,07-17 18:19,"这日子没法过了我靠最后还是说一句兄弟们加油！！！
https://i3.hoopchina.com.cn/f8c17de3d7305e9ede8cfd533232ed5a_w_1260_h_2800_.jpg?imageMogr2/format/webp/auto-orient?x-oss-process=image/resize,w_800/format,webp
https://i3.hoopchina.com.cn/f8c17de3d7305e9ede8cfd533232ed5a_w_1260_h_2800_.jpg?imageMogr2/format/webp/auto-orient?x-oss-process=image/resize,w_800/format,webp"
5w到100w第1162天,58,21007,陪维金斯打到80岁,07-17 18:12,"空仓
"
实盘记录第六天，无言,2,633,似花似水似流年,07-17 18:08,"懒得贴太多图了，本月由盈转亏麦格米特，开盘大低开，幻想指数带着上冲，结果还是摁死，吃个跌停，还好昨天减了一半，两天15个点利润全没了，目前浮亏凯莱英，下冲横盘出了一半，另一半跌停广钢，开盘主动性还比较强，做了T，今天只亏一个点，尾盘加仓新乳业，开盘科技下杀，它冲高，幻想大涨，后面倒T一个多点，日内赚一个点长江证券，湘财拉板，日内T，导致止损没执行，尾盘加仓天赐观察仓没动尾盘新开了天齐锂业
https://i11.hoopchina.com.cn/59c6901d8956816886c46939551543fc_w_1224_h_1065_.jpg?imageMogr2/format/webp/auto-orient?x-oss-process=image/resize,w_800/format,webp
https://i11.hoopchina.com.cn/59c6901d8956816886c46939551543fc_w_1224_h_1065_.jpg?imageMogr2/format/webp/auto-orient?x-oss-process=image/resize,w_800/format,webp"
实盘记录到100w第13天，9.25w，-0.67w,0,867,枪火戏命,07-17 17:50,"今天跑了一天，把债务重组弄完了，半年内应该是不用动股市里的钱，但是半年后会欠垫资公司和中介120w，就这样吧，先活过这半年
https://i11.hoopchina.com.cn/3e888b20cafc6eeb192addb6a0bd447b_w_1220_h_2712_.jpg?x-oss-process=image/resize,w_800/format,webp
https://i11.hoopchina.com.cn/3e888b20cafc6eeb192addb6a0bd447b_w_1220_h_2712_.jpg?x-oss-process=image/resize,w_800/format,webp"
大学生勇闯大A从4.3w到10w的第278天,7,2598,威登拿下总冠军,07-17 17:47,"今天居然红了
https://i10.hoopchina.com.cn/3B5FA7FD231783F17420F13CC1A33B5D_w_1206_h_2622_.png?x-oss-process=image/resize,w_800/format,webp
https://i10.hoopchina.com.cn/3B5FA7FD231783F17420F13CC1A33B5D_w_1206_h_2622_.png?x-oss-process=image/resize,w_800/format,webp"
4w到10w第20天,8,1319,跑跑学,07-17 17:45,"
https://i1.hoopchina.com.cn/afd0c7cdc81db1e658f919d0b2677874_w_1440_h_3200_.jpg?imageMogr2/format/webp/auto-orient?x-oss-process=image/resize,w_800/format,webp
https://i1.hoopchina.com.cn/afd0c7cdc81db1e658f919d0b2677874_w_1440_h_3200_.jpg?imageMogr2/format/webp/auto-orient?x-oss-process=image/resize,w_800/format,webp"
有没有人告诉我，这个开赛资金怎么领,0,649,虎扑JR0881463274,07-17 17:36,"
https://i5.hoopchina.com.cn/22b7f4a6369b2200ba54dd3c76cae4ef_w_1080_h_2274_.png?imageMogr2/format/webp/auto-orient?x-oss-process=image/resize,w_800/format,webp
https://i5.hoopchina.com.cn/22b7f4a6369b2200ba54dd3c76cae4ef_w_1080_h_2274_.png?imageMogr2/format/webp/auto-orient?x-oss-process=image/resize,w_800/format,webp"
华天科技，两日跌停可以进场了吗？,27,3955,我比风还快,07-17 17:35,"
https://i5.hoopchina.com.cn/c41b78390b39bcb22ffbdf6879ac988c_w_1080_h_1002_.jpg?imageMogr2/format/webp/auto-orient?x-oss-process=image/resize,w_800/format,webp
https://i5.hoopchina.com.cn/c41b78390b39bcb22ffbdf6879ac988c_w_1080_h_1002_.jpg?imageMogr2/format/webp/auto-orient?x-oss-process=image/resize,w_800/format,webp"
7.17股市大跌,2,1291,虎扑JR1393623110,07-17 17:25,"其实别看这么多人7月亏损严重，但只要长鑫中签，都可赚回来，只有像我这种没资格打新科创板的小散，亏了就赚不回。销户，远离股市！
"
真诚发问，3月进的，亏了2W了。本金还剩7个，还有必要继续下去么？,28,8700,ymcc1994,07-17 17:25,"手里拿着立讯精密：60的本五方光电：16的本真诚发问，希望大家能给点建议，谢谢大家
"
写在哀鸿遍野时,4,4261,芝加哥天牛,07-17 17:19,"刚忙完客户的活，照例收盘后看一下数字游戏，看到半导体各种10个点，就知道肯定是哀鸿遍野了。几点感悟分享一下:1.股票这东西是市场的情绪波动很正常，当面15的大盘八个点和熔断三连砸，我自己都是经历过的，今天这种还只是一个小波动。2.无论是情绪还是所谓的技术，本质上都是投机，只要是抱着投机的心态，如果你还是想着几个月一年50%甚至翻倍，那你的本金就是量化最好的目标。3.永远不要上杠杆，你扛不住市场波动带来的平仓的，再便宜的借钱也都是代价。4.最后奉劝一句，买股票就是买公司，看不懂的就别碰，一年有个10%的预期就很好了，再向上的就看市场给不给大跌的机会，让你能买到便宜的股票了。5.我自己是个满仓主义者，过去五年每年都是正的，言尽于此，只渡有缘人。
"
金融在读研究生实盘 25w到50w的第216天,48,12748,会飞的禾斗匕匕,07-17 17:18,"害怕了，下3900了
https://i10.hoopchina.com.cn/69a5c63d1f0fe472061b89a2b25e7885_w_1259_h_542_.png?x-oss-process=image/resize,w_800/format,webp
https://i11.hoopchina.com.cn/1590b9a5dfa833ecb377a63094adf571_w_1259_h_1679_.png?x-oss-process=image/resize,w_800/format,webp
https://i10.hoopchina.com.cn/69a5c63d1f0fe472061b89a2b25e7885_w_1259_h_542_.png?x-oss-process=image/resize,w_800/format,webp
https://i11.hoopchina.com.cn/1590b9a5dfa833ecb377a63094adf571_w_1259_h_1679_.png?x-oss-process=image/resize,w_800/format,webp"
今天开盘后回撤9万+,14,6209,佛曰丶不可狂,07-17 17:18,"
https://i11.hoopchina.com.cn/6109842c89e93be77c21e6e297f3e195_w_1200_h_2608_.jpg?x-oss-process=image/resize,w_800/format,webp
https://i11.hoopchina.com.cn/6109842c89e93be77c21e6e297f3e195_w_1200_h_2608_.jpg?x-oss-process=image/resize,w_800/format,webp"
上个月亏，这个月红了。,1,1166,行云有影月含羞,07-17 17:17,"科技真牛，上个月杀我这么多。
"
成熟投资者的特质,0,110,CWG英文资讯,07-17 17:15,"懂得克制频繁操作的欲望
"
史上罕见的牛市机会就在眼前，但一陋习却可能会让你颗粒无收！,895,497373,Tangzhu1978,07-17 17:15,"很快将要迎来股市的高光时期，我认为这个时期将持续两到三年。是普通老百姓难得的一次较大的机会！资产一变三是起码的要求，但据我观察，最终一波牛市下来，能盈利的不到一半，也就是说最起码有一半人会颗粒无收！是什么原因导致的？是技术？是认知？我认为是急躁！我看论坛里充满急躁，这个是最妨碍的。懂得都懂，不懂的经过几年都会懂。没有人可以改变别人，但提个醒总还是有点用的。
"
不要割，不要割,10,3470,冠军ReedSheppard,07-17 17:15,"不要把筹码交出去
"
脑瓜子嗡嗡的，每日复盘7.17,4,1493,楼下是大锤,07-17 17:14,"复个锤子复！今日操作：1，冲高减仓每日互动，止盈天风证券，割清网宿科技，减仓止损常山北明2，做T中国软件3，开蓝焰控股，天然气也烧不动了。4，开数据港，随手单。5，躺新潮能源、紫光股份----------------------------早上笑嘻嘻的，收盘妈卖批。真的，看到每日互动冲上10+还以为独善其中，最终还是泥沙俱下。可恶啊，简直想吐。股市没有确定性，就是它最大的确定性，永远充满着变数，没有所谓的绝对性周末调节下心情再复盘【凯文锤】
https://i1.hoopchina.com.cn/editor/63cfd172061af91f4fa67ec83f2c714d_w_286_h_361_.png?x-oss-process=image/resize,w_800/format,webp
https://i1.hoopchina.com.cn/editor/63cfd172061af91f4fa67ec83f2c714d_w_286_h_361_.png?x-oss-process=image/resize,w_800/format,webp"
自刀怕疼，等死嫌慢 我选择......,21,5746,七哥股市看戏2,07-17 17:12,"最近账户又绿得能养恐龙了。眼看着大盘就要去3800点办年卡，身边股民分成两派，天天在我耳边念经：自救派说：“赶紧割！留得青山在，不怕没柴烧！”我看了眼自己那点“青山”，好家伙，再割就成撒哈拉沙漠了。而且根据我的经验，每次我一割，第二天准暴涨，庄家就差我这200股拉涨停。等救援派说：“别动！牛市多急跌，这是黄金坑！”我信了，往坑里一看，好家伙，这坑深得都能看见地核了，黄金没瞅见，煤炭倒是一堆（全是我的持仓）。等救援？我怕救援队来了，先问我“同志，您要几分熟的”。所以现在我是上也不敢上，下也不敢下——补仓吧，怕补在半山腰当人肉支架；空仓吧，怕一飞冲天我连车尾灯都摸不着。每天开盘就像拆盲盒，拆开全是“谢谢惠顾”；收盘就像看体检报告，全是箭头向下。经过三天三夜的深思熟虑，我终于悟出了终极操作策略：把交易软件移到手机最后一页，假装没下载过。每天该吃吃该喝喝，只要我不打开账户，我的钱就没亏——这叫量子态持仓，既是自救也是等救，主打一个“精神胜利法”。毕竟这行情教会我的道理是：抄底像表白，时机不对就是骚扰；割肉像分手，刚分人家就官宣。与其纠结上吊绳还是降落伞，不如先泡杯枸杞，对自己说：“别慌，等3800点到了，我就去楼下便利店，用剩下的零花钱买个甜筒，边吃边等——等风来，或者等风把账户吹走。”
"
7月17日复盘：市场加速赶底，人均吃跌停！,1,1038,左小小手,07-17 17:08,"长电科技今天逆势拉升，尽显龙头风范，除了长电之外，能看到还有部分板块龙头也在尝试做拉升，像玻璃基板的京东方A，六氟化钨的中巨芯和中船特气，PCB的铜冠铜箔，早盘都表现的很强势，这可以看做是科技线的一个拐点信号，当然不一定立马就走修复，但起码下行空间已经相对有限了。包括宽基ETF的放巨量，也是实打实能看见的。周末如果来个什么利好可能下周就上去了。
https://i1.hoopchina.com.cn/hupuapp/bbs/189/27072189/thread_27072189_20260717170524_s_86016_o_w_1320_h_1002_36163.jpg?x-oss-process=image/resize,w_800/format,webp
https://i1.hoopchina.com.cn/hupuapp/bbs/189/27072189/thread_27072189_20260717170524_s_86016_o_w_1320_h_1002_36163.jpg?x-oss-process=image/resize,w_800/format,webp"
一入投资深似海，不知道该怎么赚钱啊,10,1020,虎扑JR0351559293,07-17 17:08,"小弟去年开始学投资，刚开始买黄金涨，然后只会买入不会卖出，现在在手里烂完了。后来买半导体，也赚了，凡事也是只加仓不会卖，现在盈利点全跌完。请问各位老哥，该怎么设置买卖才能有收益啊，我是真的只会买，不会卖。求助
"
东山精密,9,1233,虎扑JR0278861027,07-17 17:08,"没忍住抄了东山，周一别埋我啊
"
715每日计划，偶尔记录,28,2601,楼下是大锤,07-17 17:07,"盘前：外围形势比较好，美股海力士大涨惊人的27%，日本韩国股市高举高打。1，Tower半导体30亿扩产日本2，DeepSeek筹备IPO3，7月14日全国用电负荷达15.51亿千瓦 再创新高4，长鑫科技：发行价格为8.66元/股 7月16日进行网上和网下申购5，宿迁联盛 ：如股价进一步异常上涨 可能申请停牌核查今日主要观察整体延续性，方向上：医药VS科技是否会有一方证伪，金属/石油伴生线的稳定性。观察业绩线超预期以及暴雷股的反馈。关注预选：华天科技、山东黄金、浪潮信息、张江高科、大恒科技。个人建议，半导体方面注意今日冲高是卖点，明日是买点。盘面整体看冲高回落后二次拉升。------------------------------开张江高科-6（32.9元）一点加仓新潮能源-8（4.26元）一点加仓天风证券-1（3.78元）减仓紫光股份
"
准备卖房炒股了,87,20951,巴菲特爱吃韭菜,07-17 17:07,"上个月把北京的一套房卖了，5 年时间账面亏了 100 个，还不算房贷利息。卖房之后准备调集 200 个放到股市里，我和老婆一人管 100 个，争取用 5 年时间填上买房的坑，也就是 5 年预期收益 50%。大家觉得如何？
https://i3.hoopchina.com.cn/A213A310BEA79E948D33DD11FD210137_w_3024_h_4032_.jpg?x-oss-process=image/resize,w_800/format,webp
https://i3.hoopchina.com.cn/A213A310BEA79E948D33DD11FD210137_w_3024_h_4032_.jpg?x-oss-process=image/resize,w_800/format,webp"
7月真的太难了，杀的太狠了！,7,3863,云覆雨,07-17 17:05,"同花顺数据：7月份75%股民亏损，今年74%股民亏损！甚好及时清仓获利了结了！！今天融资盘应该被爆了不少了吧
https://i5.hoopchina.com.cn/B6B00FB512A5C02D2692620DD0628469_w_1206_h_2622_.png?x-oss-process=image/resize,w_800/format,webp
https://i11.hoopchina.com.cn/635814F1E7713F8ECD89BA7D56A7590D_w_1206_h_2622_.png?x-oss-process=image/resize,w_800/format,webp
https://i5.hoopchina.com.cn/501EB14486D123E0A348E053D0D768B7_w_1206_h_2170_.jpg?x-oss-process=image/resize,w_800/format,webp
https://i1.hoopchina.com.cn/A535AFE53D89EBACA7F55070C86A4E56_w_1206_h_2170_.jpg?x-oss-process=image/resize,w_800/format,webp
https://i5.hoopchina.com.cn/B6B00FB512A5C02D2692620DD0628469_w_1206_h_2622_.png?x-oss-process=image/resize,w_800/format,webp
https://i11.hoopchina.com.cn/635814F1E7713F8ECD89BA7D56A7590D_w_1206_h_2622_.png?x-oss-process=image/resize,w_800/format,webp
https://i5.hoopchina.com.cn/501EB14486D123E0A348E053D0D768B7_w_1206_h_2170_.jpg?x-oss-process=image/resize,w_800/format,webp
https://i1.hoopchina.com.cn/A535AFE53D89EBACA7F55070C86A4E56_w_1206_h_2170_.jpg?x-oss-process=image/resize,w_800/format,webp"
银行稳稳托举沪指，保护散户朋友们！,4,2075,广州西村大表哥,07-17 17:01,"有的股票就是这样，在危难的时候出手，稳住大盘，避免出现股灾，默默守护散户朋友们，在牛市之后又默然退居幕后，深藏功与名。投资如做人，我们就应该做这样的人，要雪中送炭而不是锦上添花。
https://i1.hoopchina.com.cn/3FD89C60E3C285DBB3DE55E15E1514B6_w_750_h_1624_.jpg?x-oss-process=image/resize,w_800/format,webp
https://i1.hoopchina.com.cn/3FD89C60E3C285DBB3DE55E15E1514B6_w_750_h_1624_.jpg?x-oss-process=image/resize,w_800/format,webp"
我已经三分钟没听到黄金时代的故事了,0,534,哈密鸹,07-17 16:58,"我是个新股民，我已经坐好了，准备好倾听了，有没有哪位老股民能给我科普一下2026年夏天，那是哪个国家的女孩？她找到了什么？把什么扔进了股市，赚了多少？什么东西在到处打折？当时她想去哪？需要攒多久钱？前几天大街上发生了什么？她当时是什么样的心情？有种什么样的错觉？
https://i11.hoopchina.com.cn/e1ce2ed14075aa25ec63334995275ebd_w_1260_h_840_.jpeg?imageMogr2/format/webp/auto-orient?x-oss-process=image/resize,w_800/format,webp
https://i11.hoopchina.com.cn/e1ce2ed14075aa25ec63334995275ebd_w_1260_h_840_.jpeg?imageMogr2/format/webp/auto-orient?x-oss-process=image/resize,w_800/format,webp"
永远记住 机会都是跌出来的。,1,778,莫泰如家,07-17 16:55,"跌的越多我越兴奋，遍地的优质资产，你只要拿的住，不在乎短期波动，现在的暴跌真的是给各位上车的机会，做时间的朋友吧。
"
多少人今天又是失望的一天,3,811,股摸西,07-17 16:52,"
"
7.17分散抄作业day43，-7W、-2.05%，跑赢大盘1%,2,611,无脑抄作业,07-17 16:51,"
https://i1.hoopchina.com.cn/EB66C42568C712F336BB0FEA51350CBC_w_1290_h_2796_.png?x-oss-process=image/resize,w_800/format,webp
https://i3.hoopchina.com.cn/1F824D76FABD4F9C6D913EE6512852E3_w_1290_h_2796_.png?x-oss-process=image/resize,w_800/format,webp
https://i5.hoopchina.com.cn/441719E1EC41C5843E6AAEBE4E9F48CB_w_1290_h_2796_.png?x-oss-process=image/resize,w_800/format,webp
https://i1.hoopchina.com.cn/EB66C42568C712F336BB0FEA51350CBC_w_1290_h_2796_.png?x-oss-process=image/resize,w_800/format,webp
https://i3.hoopchina.com.cn/1F824D76FABD4F9C6D913EE6512852E3_w_1290_h_2796_.png?x-oss-process=image/resize,w_800/format,webp
https://i5.hoopchina.com.cn/441719E1EC41C5843E6AAEBE4E9F48CB_w_1290_h_2796_.png?x-oss-process=image/resize,w_800/format,webp"
日韩跌了2个月的涨幅，大A跌了一年的涨幅……,1,1309,柯洁酒罐王,07-17 16:49,"日韩虽然看着跌的厉害，也就是把这两个月涨的跌掉了。大A直接跌到去年8月了。这就是快牛VS慢牛的区别
"
宇宙的尽头是波场 ？,37,4853,不吃草旳马,07-17 16:49,"五年回报率超越美股蓝筹和黄金 排名第一2020 年买 10 万美元的这些资产在五年之后的今天分别有什么结果 ？结论是加密货币比传统金融都挣钱但让人意想不到的是 TRX 五年回报率第一五年涨幅 9.37倍直接把一众主流资产按在地上摩擦
https://i10.hoopchina.com.cn/editor/74efa19747611e1bf48a0bc333bdb965_w_2047_h_841_.png?x-oss-process=image/resize,w_800/format,webp
https://i10.hoopchina.com.cn/editor/74efa19747611e1bf48a0bc333bdb965_w_2047_h_841_.png?x-oss-process=image/resize,w_800/format,webp"
为什么这些股票不在a股上市，跑去港股造福外国人？,7,3984,hupu90167273,07-17 16:48,"难道我们中国老百姓不配吃到这些优质公司的红利吗
https://i3.hoopchina.com.cn/0D2A1242F56B72887D174DB785192411_w_960_h_2079_.png?x-oss-process=image/resize,w_800/format,webp
https://i3.hoopchina.com.cn/0D2A1242F56B72887D174DB785192411_w_960_h_2079_.png?x-oss-process=image/resize,w_800/format,webp"
这帮出生，反弹一点就砸,16,5225,蛋蛋杀手,07-17 16:47,"真的恶心
"
5年的微笑曲线,1,1358,SilentCat,07-17 16:46,"5年前被挂在高点上，越跌越补，越补越重，补到本金10w，今年5 6俩个月分批卖了，目前还有一点没卖完。现在被挂的朋友们顶住，5年后见。
https://i10.hoopchina.com.cn/EAB397886F3FE3882E4B748C4F30AC5A_w_1320_h_2868_.png?x-oss-process=image/resize,w_800/format,webp
https://i10.hoopchina.com.cn/DFF5D00E69017BBA88BCEC98FEE77C61_w_1320_h_435_.png?x-oss-process=image/resize,w_800/format,webp
https://i10.hoopchina.com.cn/EAB397886F3FE3882E4B748C4F30AC5A_w_1320_h_2868_.png?x-oss-process=image/resize,w_800/format,webp
https://i10.hoopchina.com.cn/DFF5D00E69017BBA88BCEC98FEE77C61_w_1320_h_435_.png?x-oss-process=image/resize,w_800/format,webp"
航空股持续加仓,8,9475,roserN1,07-17 16:40,"低价持续加仓，撑到十一，如果还不上7块就撤了。
https://i10.hoopchina.com.cn/0936617632011eefd4286a810fcf8856_w_1260_h_2844_.jpg?imageMogr2/format/webp/auto-orient?x-oss-process=image/resize,w_800/format,webp
https://i10.hoopchina.com.cn/0936617632011eefd4286a810fcf8856_w_1260_h_2844_.jpg?imageMogr2/format/webp/auto-orient?x-oss-process=image/resize,w_800/format,webp"
抄底啊,5,917,虎扑JR1213149386,07-17 16:39,"快，快来抄底啊，愣在那干啥
"
不要抄底科技！！,31,39704,海边的宁静,07-17 16:35,"一群既得利益者吃干抹净了你们有利润垫不怕跌继续拿着随你没有的人别被人蛊惑了跑去给他们接盘下跌才刚刚开始我会每天来提醒！
https://i1.hoopchina.com.cn/D8C656F18EC77E91D35F578BCD00D242_w_1179_h_2556_.png?x-oss-process=image/resize,w_800/format,webp
https://i1.hoopchina.com.cn/D8C656F18EC77E91D35F578BCD00D242_w_1179_h_2556_.png?x-oss-process=image/resize,w_800/format,webp"
还放不出量，赶紧一步到位逼迫一下,7,1359,支棱起来鸭,07-17 16:34,"
"
大家都怎么样了这个月,2,1102,库晶天库日天,07-17 16:34,"这个月还是赚的，恭喜自己吧，太难了
https://i5.hoopchina.com.cn/745e9d55a0bbc5b5258423ab3279de3f_w_1264_h_2800_.jpg?imageMogr2/format/webp/auto-orient?x-oss-process=image/resize,w_800/format,webp
https://i5.hoopchina.com.cn/745e9d55a0bbc5b5258423ab3279de3f_w_1264_h_2800_.jpg?imageMogr2/format/webp/auto-orient?x-oss-process=image/resize,w_800/format,webp"
股市韭菜日记day 82 厉害 真厉害 -5.79%,3,711,挽风无心,07-17 16:32,"不想说操作了，科创-5%的时候买了点，就这样吧
https://i3.hoopchina.com.cn/editor/c000013b9dfdfe74f94341419d0ce195_w_1080_h_2400_.jpeg?x-oss-process=image/resize,w_800/format,webp
https://i3.hoopchina.com.cn/editor/c000013b9dfdfe74f94341419d0ce195_w_1080_h_2400_.jpeg?x-oss-process=image/resize,w_800/format,webp"
AI泡沫破裂的三大空头逻辑,19,4272,010551366,07-17 16:30,"1.债务，当AI资本开支靠发债时，一旦应用不产生盈利，则不可持续2.折旧，GPU受过度使用损耗与更新换代双重折旧压力，在报表上吞噬利润3.逼空，上游算力存储等环节供给垄断，大幅推高算力采购价格，导致下游算力购置，AI建设不及预期，花钱赶上坐地起价，钱花出去买回来的货还够用，反而让AI应用开发和盈利遥不可及
"
好久没来了，感概下,0,380,知行合一之路,07-17 16:30,"今年投资最大收益就是做空白银，去年年底白银暴涨，就把一部分资金转去做空了，前提留好足够的保证金
"
八百只涨的股票，有你的吗？,43,11011,wangleiiyjh,07-17 16:27,"
https://i5.hoopchina.com.cn/f60245856d8208b02f26137cb5955f68_w_1080_h_716_.jpg?imageMogr2/format/webp/auto-orient?x-oss-process=image/resize,w_800/format,webp
https://i5.hoopchina.com.cn/f60245856d8208b02f26137cb5955f68_w_1080_h_716_.jpg?imageMogr2/format/webp/auto-orient?x-oss-process=image/resize,w_800/format,webp"
短线记录,5,707,Quantumspecula,07-17 16:24,"炒股好几年了，也没做出什么成绩，最近一直在结合每日的盘面看驴大和华福老师的复盘，想记录一下后面的交易，看看是不是真有进步了
"
55w起 超短实盘 06.09,176,10777,浴火证道,07-17 16:23,"连板彻底无了，华辽没卖，就这样了，未来专注大票和趋势，就不实盘了能连板能玩了再回来，老师们加油
"
热知识：教练昨天（7/16）建仓科创50,2,1280,13138338726,07-17 16:20,"
https://i3.hoopchina.com.cn/editor/19261d22fee21b9f6e54548ebda8f5bf_w_1226_h_1208_.png?x-oss-process=image/resize,w_800/format,webp
https://i3.hoopchina.com.cn/editor/19261d22fee21b9f6e54548ebda8f5bf_w_1226_h_1208_.png?x-oss-process=image/resize,w_800/format,webp"
狐尔摩斯看盘0716：从今天起，谨慎看多！,26,5963,狐尔摩斯看盘2号,07-17 16:18,"兄弟们好，我是狐尔摩斯看盘。没有关注的兄弟点个关注，我每天都会给大家分享我对盘面和后市的看法。觉得有帮助的，辛苦兄弟们点点赞！谢谢！重要的事情放到前面：本轮7月初至今的调整周期，无论是从基本面上的利空角度，还是技术面上的量价关系，都已经达到了极值附近。下跌的第二只脚已经踩下，后面进一步调整空间非常有限。如果再进一步大幅下杀，牛市的基础将被严重破坏，甚至可能传导至全球科技牛市的全面终结。从这轮AI浪潮的发展阶段来看，这不合理。从东大西大的顶层设计角度来看，这不合理。因此，我判断基本没有大幅下杀空间了。今天的盘面也能够充分证明我的观点了，从今天起，转为谨慎看多！先看今天收益情况：1、今日操作复盘今天继续减仓旭光、彤程、雅克这些半导体材料股。亨通打到止损点，止损离场。加仓了东山、星网锐捷，建仓了光迅科技。2、为什么开始看多？我前天就发了：当时我判断，第二只脚还会踩下来。今天受韩国加息影响，顺势就踩了下来。前天的底再次被确认。而今天依然是全面缩量的状态。2.4万亿。再次说明卖盘已经枯竭。代表科技的创业板指60分线也已经双重底背离。后续的走势，有较大概率是震荡磨底，缓慢回升。极小概率继续下跌，彻底杀穿。几乎没有可能直接V起来，完全起爆。3、看多，也是谨慎看多，要控制好仓位这波下跌在科技领域堆积了太多太多的套牢盘。持续上涨的难度是很大的。这也是我为什么判断几乎不可能直接V起来。这也是我为什么这几天连续加仓东山王、锐捷的理由。这些上方没有套牢盘的，逻辑到位的公司，一旦整体回暖，有望成为毫无阻力上涨的领导者。现在还是要控制仓位。有能力的兄弟每天做做T，最近做T的难度是很低的。4、坚定信心7月17日，2026世界人工智能大会即将在上海启幕。台积电下午公布了二季度财报，依然大超预期。Deepseek也公布了上市计划。长鑫今天打新也已经结束了。我在上周写过这句话，现在看来只适用一半了。坚持科技的兄弟，现在利润垫不说丰厚，至少也应该还有不少。看空科技的朋友，这波除了在医药里的，基本上也泥沙俱下了。再次说明了，只有科技能成为这波牛市真正的旗手。我个人认为，这个位置割肉的性价比已经很低了。坚定信心，等待趋势。【声明】 本文所有内容仅为个人观点分享与市场分析探讨，不构成任何形式的投资建议、投资咨询或投资推荐。 
https://i11.hoopchina.com.cn/editor/580d1673e070c5fca4ffbf30e4a010d5_w_980_h_2131_.jpeg?x-oss-process=image/resize,w_800/format,webp
https://i3.hoopchina.com.cn/editor/ea050df3632bd403427f6e3c9a67016d_w_810_h_54_.png?x-oss-process=image/resize,w_800/format,webp
https://i11.hoopchina.com.cn/editor/deb6a0618f8c6a73bb16c3ffb741e3e1_w_1650_h_564_.png?x-oss-process=image/resize,w_800/format,webp
https://i10.hoopchina.com.cn/editor/4a6e3c073b8b02340cb8d8c05bce4665_w_1782_h_687_.png?x-oss-process=image/resize,w_800/format,webp
https://i1.hoopchina.com.cn/editor/7e9d0ed1dce1f29a04cf0c2da9e9c74c_w_813_h_131_.png?x-oss-process=image/resize,w_800/format,webp
https://i11.hoopchina.com.cn/editor/580d1673e070c5fca4ffbf30e4a010d5_w_980_h_2131_.jpeg?x-oss-process=image/resize,w_800/format,webp
https://i3.hoopchina.com.cn/editor/ea050df3632bd403427f6e3c9a67016d_w_810_h_54_.png?x-oss-process=image/resize,w_800/format,webp
https://i11.hoopchina.com.cn/editor/deb6a0618f8c6a73bb16c3ffb741e3e1_w_1650_h_564_.png?x-oss-process=image/resize,w_800/format,webp
https://i10.hoopchina.com.cn/editor/4a6e3c073b8b02340cb8d8c05bce4665_w_1782_h_687_.png?x-oss-process=image/resize,w_800/format,webp
https://i1.hoopchina.com.cn/editor/7e9d0ed1dce1f29a04cf0c2da9e9c74c_w_813_h_131_.png?x-oss-process=image/resize,w_800/format,webp"
再提醒一次，也是最后一次提醒：科技贵,161,82297,中场大师凯塞多,07-17 16:14,"2025.11第一次提示2026.1第二次提示2026.4卖出科技股全部换成大消费2026.5第三次提示2026.5.27上周第四次提示：潮水退去才知道谁在裸泳1.我从25.4月份就觉得科创板贵了科创芯片etf至今已经翻倍，科技卖掉后换到大消费2.实盘大消费已经几伯万级重仓，依然看好大消费中药白酒医药3.你问我科技能不能拿？能拿！能不能买？能买！但你让我买我肯定不买毕竟我不能耽误你享受牛市最后一次提示🔔后面我不说了～～～------------------------26年7月13日，二更，大跌。如果6月中旬那波是科技之大顶，那我将对我23-26年全部操作打90分。从23年下半年开始加杠杆，到24年9月份份前强势看多的四倍杠杆，再到26年4月底卖掉所有科技股，净资产翻9倍（本来十倍，但佐力这俩月深跌）有人会说我没吃到5-6月份的科技，但这些人大概率也躲不过7月份爆杀。就像年初套在5000每盎司黄金一样。逃顶远远远远大于抄底，逃顶是大方向把控+反人性+克制贪欲。学会逃顶，才是迈向赚钱的第一步。
"
7-16开心应对,6,1886,开开心心逛互联网2,07-17 16:12,"明天是个变数的一天，明天开始人工智能大会，不确定资金会不会去博弈利好预期，走一步看一步。
https://i3.hoopchina.com.cn/AE756A0C134F2894400A49D2BDCC0EDA_w_1190_h_6732_.jpg?x-oss-process=image/resize,w_800/format,webp
https://i3.hoopchina.com.cn/AE756A0C134F2894400A49D2BDCC0EDA_w_1190_h_6732_.jpg?x-oss-process=image/resize,w_800/format,webp"
7.17 关灯吃面的一天,0,1406,小陈不想练腿,07-17 16:12,"减了点紫金建仓了通信ETF，三生做了个倒T
https://i3.hoopchina.com.cn/BAFB215389780FEC1DE6F78968347FE3_w_1290_h_2653_.png?x-oss-process=image/resize,w_800/format,webp
https://i3.hoopchina.com.cn/BAFB215389780FEC1DE6F78968347FE3_w_1290_h_2653_.png?x-oss-process=image/resize,w_800/format,webp"
炒股的人，你们有没有认识到这是自己基因缺陷导致的,71,44679,我的巴特尔,07-17 16:11,"我最近一直在研究股票和赌狗，结合身边人的案例，这种人似乎永远逃不出赌的命运。全世界股票市场，无论 a 股港股美股散户亏损率都超过 80%，按理说稍微有点理性早就远离了。大部分沉迷股票的基本上是基因自带的，很难戒掉
https://i3.hoopchina.com.cn/BFDF0F328253858223FF50BF009E2A8D_w_2532_h_1170_.png?x-oss-process=image/resize,w_800/format,webp
https://i3.hoopchina.com.cn/BFDF0F328253858223FF50BF009E2A8D_w_2532_h_1170_.png?x-oss-process=image/resize,w_800/format,webp"
入土为安，一路走好,2,1129,炒股赚科研经费,07-17 16:07,"量化临走还在散户坟头踏两脚
"
勇往直前，继续荐股——永太科技,5,1169,退役十八年,07-17 16:06,"敢于在大跌中出手，今天开仓永太科技。逻辑：博弈超跌之后的反弹，选取一只有业绩、有概念的小市值股票。操作：进去被套了再说，跟随选手不要一下满仓，控制住手，老规矩跌了可以骂人，跑路了我会说。
"
科技还有戏吗？,41,9029,虎扑JR0780926270,07-17 16:03,"今天好多票磨了一上午还是跌停了，韭菜们心里的滋味不好受吧？是不是难受了一上午？我就不一样，我的开盘就跌停了，省的纠结...
"
实盘-第12天,0,603,喜欢吃冰西瓜,07-17 16:01,"无话可说，永远不要猜底，知行不合一
https://i11.hoopchina.com.cn/435BCF63EA4A365EA84D8E283A0BCF13_w_1179_h_2556_.png?x-oss-process=image/resize,w_800/format,webp
https://i11.hoopchina.com.cn/435BCF63EA4A365EA84D8E283A0BCF13_w_1179_h_2556_.png?x-oss-process=image/resize,w_800/format,webp"
大A游泳记录,8,871,Dantas,07-17 16:01,"小弟大概小十万本金，进来A股刚满一个月，没什么负担，特开一个帖子记录一下。
"
3286.黄金ETF登顶：大类配置时代徐徐开启,0,69,雪球官方,07-17 15:58,"欢迎收听雪球出品的财经有深度，雪球，国内领先的集投资交流交易一体的综合财富管理平台，聪明的投资者都在这里。今天分享的内容叫黄金E T F登顶：大类配置时代徐徐开启，来自六亿居士。随着市场逐步企稳，某队完成阶段目标后，陆续撤出权益类ETF，主要宽基如沪深300、中证500等相关产品规模出现一定回落。截至二零二六年7月10日，黄金、货币、债券等头部产品，重回全市场E T F规模T O P10。黄金ETF华安以890.47亿规模成为A股全市场ETF领头羊，也诠释了多元大类资产配置的逐步崛起。银华日利E T F、华宝添益E T F以场内的主要货币工具定位，重回全市场规模的第二和第四。作为权益大类的核心指数，沪深300E T F华泰柏瑞虽退居第三，仍然是权益类ETF的头把交椅。短融E T F海富通则以其独特的类货币属性居第五，成为场内不少投资的再平衡工具。黄金登顶、债货归位、权益退潮，这份榜单的变化，本身就是一堂生动的资产配置课。全市场E T F规模排名T O P30完整名单中，权益类产品虽然仍占据多数，但债、商、货三类合计已经占到10席。黄金E T F华安作为黄金类最大的E T F，整体规模相对稳定。截至7月13日，最新份额为104.1094亿份，与去年年末的100.89亿份相比小幅增长约百分之4。除黄金E T F华安之外，黄金E T F博时和黄金E T F易方达同样跻身榜单。黄金与其他大类存在弱相关性甚至负相关性，大部分的投资者配置黄金并非为了短期收益，更多的是希望提升组合分散度，对冲股债双杀风险，改善风险收益特征。整体而言，黄金并不适合冲击短期收益率，且历史回撤深度也并不算小，同样需要注意安全边际。从长期收益看，它的长期收益率也在股票和债券之后。但在特定时期，黄金会显现出对抗市场极端波动的特殊价值。同样情形，作为货币类的翘楚，银华日利和华宝添益规模也都在800亿以上。而债券类中，短融E T F海富通以近800亿的规模稳居前列，可转债E T F、城投债E T F、政金债E T F、公司债E T F也各有拥趸。商品、债券、货基规模的稳定上升，也说明大类资产配置正逐步成为投资者的新思路。从底层建立低关联度持仓，从而平滑波动，促进长持的稳定性。其实，这些产品并不是进攻型工具，也不一定能满足大家对牛市的期望，但却是满足流动性管理、避险配置、稳健收益需求的压舱石。黄金E T F的崛起，反映的是投资者对实物资产的配置需求在上升。货币和短融ETF的规模回归，说明在当前市场环境下，不少资金选择了先停下来、学习某队等待更好的时机。全市场权益类E T F规模排名T O P20名单中，沪深300ETF华泰柏瑞以828亿元居权益类首位，但整体规模较此前有所下降，其他宽基产品规模也有较大回落。国家队在底部时期的部分持仓，在达成稳定市场的目标后有序撤离，这既实现了收益，也为未来的波动储备了力量。这一轮牛市聚焦在泛科技，相关板块、行业和主题指数产品规模持续提升。科创50E T F华夏以近691亿的规模紧随沪深300之后，科创芯片、通信、半导体设备等细分科技类E T F也集体进入T O P20，反映了本轮科技牛市对增量资金的吸引力。在港股整体表现相对羸弱的背景下，恒生科技E T F、港股通互联网E T F、中概互联网E T F的规模不减反增。这也说明越来越多的投资者，正在用逆周期的思路进行配置：不在狂热中追涨，而在低迷时收集筹码。红利低波E T F作为防守侧代表，以332.62亿的规模守住了T O P20的末尾。在科技股烈火烹油的行情里，这一席位本身就是一个信号：无论风格如何极致，防守侧的需求始终存在。全市场债商货E T F规模排名T O P10名单中，除了权益类，剩余的10只产品正好分布于债券、商品和货币，是我们进行大类资产配置，持仓动态再平衡时的常见工具。与权益类产品规模随行情起伏不同，债、商、货类E T F的规模波动相对平缓，竞争格局也更稳定。黄金E T F的三只产品合计规模超过1600亿元，货币类两只合计近1700亿元，短融、可转债、城投债、政金债、公司债各守一方。这些产品的工具属性更纯粹，是投资者进行大类资产配置、动态再平衡时的重要选项。作为长期关注指数的博主，我也希望未来有更多工具化的产品发布，如同黄金E T F一般，逐步成为大类资产配置的可选项。而这份榜单综合来讲：黄金、货币、债券类产品的崛起，其实不是偶然，是投资者经历波动、感受挑战之后的选择。当单一资产波动加大时，多资产、多策略的组合能提供更平稳的持有体验。沪深300E T F虽然退居第三，但800多亿的体量仍是权益类的核心，况且还有其他同类跟踪产品。对于大部分普通投资者而言，核心宽基是我们组合持仓的基石。这一轮牛市，泛科技成为最耀眼的星，但红利、价值、低波等防守属性的指数，同样是持仓的关键。但无论是黄金的避险、科创50的弹性、短融的流动性、还是红利低波的稳健，每一类产品都有它独特的角色。基于自身的风险偏好和收益预期，建立契合的指数持仓框架，是我们行稳致远的基础。把榜单视作工具，不要偏爱，也不要嫌弃，最终让这些指数为我们的策略所用。
"
封测三剑客集体大跌，HBM利好兑现之后，接下来该怎么操作？,6,916,醉眠芳草,07-17 15:55,"最近长电科技，通富微电，华天科技接连大跌，很多人被套在高位本轮下跌核心逻辑很简单：HBM存储涨价预期全部落地，前期进场获利资金借利好集体离场，短期涨幅过高，估值泡沫开始消化，板块进入回调阶段
"
又被爆杀了。,2,1488,长线思维买股票,07-17 15:49,"
https://i10.hoopchina.com.cn/0E87BE675BB3AE7323F0C03046733D92_w_1170_h_2532_.png?x-oss-process=image/resize,w_800/format,webp
https://i10.hoopchina.com.cn/0E87BE675BB3AE7323F0C03046733D92_w_1170_h_2532_.png?x-oss-process=image/resize,w_800/format,webp"
今天开始，实盘记录20-100,2,341,Tim_425,07-17 15:48,"下周一开始贴图，现在19的本金只剩下15了
"
今天账户-12%！CPO龙头中际旭创-12%，机器人核心绿的谐波-13.87%！,2,1480,赵安笔记,07-17 15:47,"一、开篇✍️ 收盘了，我一点也高兴不起来。账户从昨天的'观察室'直接被抬进了'ICU'——三只硬科技全军覆没，单日血亏3.55万。今天不晒收益，晒一把'硬科技三剑客'齐刷刷的跌停/接近跌停。先上持仓图，咱边看图边聊。📊 持仓数据总览💰 账户总资产 31.03万，当日参考盈亏 -3.55万，当日收益率 -11.05%。3 只持仓中 0 只上涨，3 只下跌。今天单日亏掉3.55万，够买一台256G版的iPhone 17 Pro Max了；总市值从昨天的31.6万直接缩水到28.65万，账户回撤了整整11%。早上还想着'终于等来业绩窗口'，下午就教我什么叫'流动性收紧下的硬科技杀估值'。二、市场定调📊 关键词：硬科技崩盘·高估值清算一句话定调：资金在用脚投票抛弃高估值高PE硬科技，今天是CPO+机器人+卫星互联网的'三杀日'。绿的谐波PE 458倍、中际旭创PE 47倍、铖昌科技PE 127倍——估值最高的先跌，估值次高的紧跟，CPO龙头也未能幸免。表面看是'杀估值'，本质是'杀信仰'：当硬科技信仰松动时，没有一只票是无辜的。三、谁是英雄，谁是逃兵🚀 领涨先锋（两条主线）1.今天几乎没有像样的主流主线领涨。**避险板块**是少数亮点：电力（桂冠电力涨停）、低估值红利、化工（赤天化、香江控股涨停）有资金流入，但这些都是'防御'，不是'进攻'。CPO/光模块集体熄火，机器人板块整体杀跌，板块龙头无一幸免。2.题材小票有局部异动：云创退+29.49%、米奥会展+20.05%、珈伟新能+16.01%——但这都是些小票（北交所/创业板小盘），没有板块联动效应，是'游资抄底垃圾股'的存量博弈，主流资金根本不在里面玩。📉 今日面馆（风险警示）今天的'面馆'就是**硬科技三剑客的跌停板**：中际旭创-12%（CPO龙头）、绿的谐波-13.87%（机器人核心）、铖昌科技-10%（卫星互联网T/R芯片）。三家代表性公司同一天跌停/接近跌停，是非常罕见的——上一次类似场景还是2024年初的'雪球敲入'恐慌日。**无差别上涨的阶段结束了，现在是硬科技信仰的清算日。**☀️ 无差别上涨的阶段结束了，接下来是刺刀见红的淘汰赛。四、多空辩论场（深度思考）🔴 做多的理由（三个利好）1.技术性反弹需求：硬科技板块本周累计跌幅已超8%，技术指标严重超卖，明日存在超跌反弹的技术性窗口2.中报业绩窗口临近：8月中下旬将进入中报密集披露期，业绩超预期的硬科技龙头有望迎来'业绩验证'反弹3.美联储降息预期升温：外围流动性预期改善，成长股估值压制因素有望阶段性缓解🟢 潜在的风险（清醒剂）1.高PE估值需要消化：绿的谐波PE 458倍、铖昌科技PE 127倍——这种估值水位下，每一次'杀估值'都可能演变成'杀逻辑'，风险远未释放完毕2.硬科技信仰松动：龙头公司（中际旭创、绿的谐波）同一天大跌，说明不是'个股问题'，是'板块问题'，恐慌情绪会传染3.流动性退潮：两融余额从前期高位回落，北向资金连续净流出——市场水位在下降，高估值标的最先被砍五、实盘“手术刀”（持仓逐一复盘）⚠️ 以下仅为个人实盘记录，不构成任何投资建议。持仓截图已打码隐去敏感信息。1. 当日操作记录今日**全程未操作**。开盘看到中际旭创直接低开-5%，意识到今天不对劲；10:30后三只票跌幅扩大，账户从浮盈直接转为单日大亏，忍住没有恐慌割肉；下午铖昌科技跌停封死，绿的谐波跌13%+，心里想着'再看看中报'。**这种市道下，'不动'就是最好的操作。**2. 🔥 今日MVP🔥 今日MVP：铖昌科技（SZ001270）—— 一字跌停开盘，卫星互联网T/R芯片的估值清算，当日 -10.00%【操作】持有 / 加仓 / 减仓（请替换）【今日涨幅】-10.00%【贡献盈亏】-4731【逻辑】板块爆发，龙头溢价，封单巨大（请替换为实际逻辑）【心理】“昨天差点卖掉，幸好管住了手”3. 💀 今日重伤员💀 今日重伤员：绿的谐波（SH688017）—— 两天跌掉13.87%，PE 458倍的杀估值太疼，当日 -13.87%【现状】最新价 326.10，当日 -13.87%，浮动亏损 -3.23万（-19.39%）【反思】高估值是原罪——流动性收紧背景下，高PE标的杀估值太可怕（请替换为实际原因）【教训】“知道高估但心存侥幸”——这是散户亏钱的第一大原因【消费换算】这笔3.55万的单日亏损，够买一台最新款iPhone 17 Pro Max了；够去三亚玩三趟（每趟一万）；够交一年的健身房私教课（每年三万）。一个交易日就烧掉这些，是真疼。【计划】等反弹减仓，不在恐慌中割肉4. 其余持仓一句话点评当日账户整体收益率 -11.05%（约 -3.55万），3 只持仓 3红3绿。对比大盘：显著跑赢上证（-0.42%）、深证（-0.78%），超额收益的核心在于持仓全部踩中当日科技成长热点方向。六、明天怎么干？（策略指引）📅 短期（明天）明天**减仓为主**，绝不抄底。如果明天再有下杀，准备把绿的谐波减半仓（中报前不确定性最大）；中际旭创和铖昌科技等反弹再减，不在恐慌中割肉但也不轻易接飞刀。**'活下来'比'赚回来'重要。**📆 中期（当月/季）接下来一个月，**重心转向中报业绩**。硬科技信仰松动后，业绩就是硬通货——有业绩的是'王'，没业绩的是'寇'。8月27日绿的谐波披露中报是第一个关键节点，业绩超预期则继续持有，业绩不及预期则果断清仓。**用中报把'信仰股'重新筛成'业绩股'。**📍 关注方向📌 CPO/光模块（中际旭创、新易盛、天孚通信）：等待1.6T光模块订单催化，中报业绩确定性最高，估值消化后仍有配置价值📌 机器人核心零部件（绿的谐波、五洲新春、北特科技）：等情绪企稳 + 量产订单兑现，0-1突破期弹性最大但波动也最大📌 卫星互联网/雷达电子（铖昌科技、臻镭科技、霍莱沃）：十四五末期发射密集期，事件催化多，但估值已偏高，谨慎追高结尾：情绪共鸣与互动投资是一场马拉松，不在于谁跑得快，而在于谁喘气匀。今天单日-11%不是世界末日，但它提醒我：**高估值是悬在头上的刀，业绩兑现才是落地的根**。扛得住一时，未必扛得住中报；扛得住中报，才是真英雄。1. 今天你的账户是赚是亏？跌幅多少？在评论区晒一晒！A.赚的，请收下我的膝盖    B.小亏1-3%    C.中亏3-5%    D.血亏5%以上，同是天涯沦落人2. 硬科技三剑客齐跌，你最看好哪只票能率先反弹？A.中际旭创（CPO龙头，中报最确定）    B.绿的谐波（机器人核心，弹性最大）    C.铖昌科技（小市值，反弹最快）    D.都不看好，先观望3. 面对今天的大跌，你的选择是？A.恐慌割肉，认亏出局    B.装死不动，等反弹    C.逆势加仓，抄底硬科技    D.减仓一半，进退皆可🏀 JR们，觉得我这波操作菜不菜？评论区骂醒我！风险提示与免责声明本文仅为个人投资记录与复盘思考，不构成任何投资建议。股市有风险，入市需谨慎。提及的个股/基金均存在大幅波动风险，过往业绩不代表未来表现。文中数据来源于公开渠道（东方财富等），不保证绝对准确，仅供参考。
https://i3.hoopchina.com.cn/editor/1c375dc569b7ff6abbedef322134ea1a_w_1460_h_354_.png?x-oss-process=image/resize,w_800/format,webp
https://i1.hoopchina.com.cn/editor/d9d933b594e2920455595231a79fd4a7_w_1460_h_574_.png?x-oss-process=image/resize,w_800/format,webp
https://i11.hoopchina.com.cn/editor/ade475dad903dcbe94a37157f914c5f8_w_1460_h_208_.png?x-oss-process=image/resize,w_800/format,webp
https://i3.hoopchina.com.cn/editor/1c375dc569b7ff6abbedef322134ea1a_w_1460_h_354_.png?x-oss-process=image/resize,w_800/format,webp
https://i1.hoopchina.com.cn/editor/d9d933b594e2920455595231a79fd4a7_w_1460_h_574_.png?x-oss-process=image/resize,w_800/format,webp
https://i11.hoopchina.com.cn/editor/ade475dad903dcbe94a37157f914c5f8_w_1460_h_208_.png?x-oss-process=image/resize,w_800/format,webp"
评价一下,1,404,文班亚蟆,07-17 15:47,"多吓人
https://i5.hoopchina.com.cn/0c7a20e7f07fc4337b73fdf28de29f53_w_1440_h_970_.jpg?imageMogr2/format/webp/auto-orient?x-oss-process=image/resize,w_800/format,webp
https://i5.hoopchina.com.cn/0c7a20e7f07fc4337b73fdf28de29f53_w_1440_h_970_.jpg?imageMogr2/format/webp/auto-orient?x-oss-process=image/resize,w_800/format,webp"
20万大A实盘记录，再也不敢抄底了！,2,1061,沙滩上的贝壳,07-17 15:44,"早上看锂电走势不及预期，割了换到科技材料，结果今天直接砸穿了，今天不动少亏6个点
https://i3.hoopchina.com.cn/02D587B517DA3808D6D54592BADF5179_w_1320_h_2868_.png?x-oss-process=image/resize,w_800/format,webp
https://i3.hoopchina.com.cn/02D587B517DA3808D6D54592BADF5179_w_1320_h_2868_.png?x-oss-process=image/resize,w_800/format,webp"
华天科技喜提三连跪,6,1383,我比风还快,07-17 15:43,"
https://i5.hoopchina.com.cn/d27e9d7d8a37866c6b463876a3a89fe6_w_715_h_1020_.jpg?imageMogr2/format/webp/auto-orient?x-oss-process=image/resize,w_800/format,webp
https://i5.hoopchina.com.cn/d27e9d7d8a37866c6b463876a3a89fe6_w_715_h_1020_.jpg?imageMogr2/format/webp/auto-orient?x-oss-process=image/resize,w_800/format,webp"
交易：财富的密码（8）,0,53,纽约金冰,07-17 15:41,"本期节目围绕《交易：财富的密码（8）》展开，主播从节目开头提出的核心问题讲起：各位朋友大家好，欢迎来到投资悟道渡人渡己这个栏目，我是主播金冰。今天我们继续聊我们的这个交易财富的密码，我稍微把前面的东西逻辑链总结一下，因为这些节目都是谈投资，谈人生，我们知道在人生中追求的绝大多数人最高的境界至少是幸福。不说别的，至少是要幸福。那么幸福的方式有各种各样，有的人是通过挣钱，有的人通过有名声，有权利等等。随后，节目继续展开这一主题，进一步补充背景、判断依据和需要留意的地方：但是财富这个东西是在你的幸福指数中，就算不说财富不一定会让你幸福，但缺乏财富会让大多数人都不满意。所以人生80% 的财务问题都是由于缺乏财富导致的，因此满足这个基本需求非常重要。那么如何获得财富呢？其实你人生中有多少财富与你每次的交易有关，因为人生无处不在交易。你花时间做一件事情也是一种交易，上班也是交易，无数次的交易积累最终...去小宇宙查看完整单集简介前往小宇宙评论区与主播互动
"
勃勃生机，万物竞发的境界犹在眼前,7,3622,挣大钱买比亚迪股票,07-17 15:39,"自选股价前48，45家待涨！前34家全部蓄势待发！9个待涨停，18个待涨幅度＞8%优势在我！还全是主板票
https://i11.hoopchina.com.cn/hupuapp/bbs/275/95550275/thread_95550275_20260702140513_s_1788300_o_w_1260_h_7575_20262.jpg?x-oss-process=image/resize,w_800/format,webp
https://i11.hoopchina.com.cn/hupuapp/bbs/275/95550275/thread_95550275_20260702140513_s_1788300_o_w_1260_h_7575_20262.jpg?x-oss-process=image/resize,w_800/format,webp"
液冷，玻璃鸡板和猴模块,30,4719,法克鱿鱼丝炒蛋,07-17 15:38,"阿峰们：韭菜说咱是棒子的好大儿，啥动作都跟棒子爹走，今天就让韭菜们看看是不是这么回事量化带动情绪，情绪之下违背操作纪律，操作变形了于是就被收割了目前持仓前三分别是药明，狗东和英子，很可惜药明没能力挽狂澜，最大亏损来自狗东，几乎吃了个跌停，MD深天马巨亏还没跌停呢，开超市怕泥沙俱下，重仓就怕精准打击业绩预告终于过了，最近很多个股都到地量地价了，等明天巨无霸再来一哆嗦，难熬的日子终将过去
https://i11.hoopchina.com.cn/99A603BF606010E52BAED469518E7FF3_w_1170_h_2532_.png?x-oss-process=image/resize,w_800/format,webp
https://i11.hoopchina.com.cn/C9EA7DF44C127E2257A98D33BC78CD83_w_1170_h_2532_.png?x-oss-process=image/resize,w_800/format,webp
https://i11.hoopchina.com.cn/BEDB3A6673296DB500B07647D0FCA111_w_566_h_560_.png?x-oss-process=image/resize,w_800/format,webp
https://i1.hoopchina.com.cn/905C98A9565C89F56559F582155215B4_w_1260_h_1260_.png?x-oss-process=image/resize,w_800/format,webp
https://i11.hoopchina.com.cn/99A603BF606010E52BAED469518E7FF3_w_1170_h_2532_.png?x-oss-process=image/resize,w_800/format,webp
https://i11.hoopchina.com.cn/C9EA7DF44C127E2257A98D33BC78CD83_w_1170_h_2532_.png?x-oss-process=image/resize,w_800/format,webp
https://i11.hoopchina.com.cn/BEDB3A6673296DB500B07647D0FCA111_w_566_h_560_.png?x-oss-process=image/resize,w_800/format,webp
https://i1.hoopchina.com.cn/905C98A9565C89F56559F582155215B4_w_1260_h_1260_.png?x-oss-process=image/resize,w_800/format,webp"
下周要么清要么卸载,0,854,虎扑JR5918,07-17 15:36,"
"
所有股没一个赚钱的，也没利润垫，进去就开始大跌，接下来咋办,24,6651,虎扑JR0657031309,07-17 15:35,"现在手里-70%有两只，-50%有三只，-40%有三只股，-20%有两只。科技直接是山顶接盘，比如68买的中天科技，36买的通鼎互联，23买的中京电子。其他比如6块买的协鑫集成，12买的金开新能等，接下来咋整比较好，接着拿本金垫着做t吗，我每次做t后跌的更多了
"
716每日计划，偶尔记录,10,942,楼下是大锤,07-17 15:34,"今天应该会有新东西冒出来，无超预期不出手了。开盘重点关注几大空头：德明利、华天、恒尚、兆易、利通的反馈！-------------------------反馈仍然很差清仓止盈天风证券，减仓每日互动，割清网宿科技加中国软件-0做T开蓝焰控股-0，+3开数据港-2
"
持股深套亏损30%，别着急加仓摊成本！牢记犹太人炒股思路,1,1612,虎扑JR1639324503,07-17 15:34,"本文分享的交易思维仅作投资思路参考，不推荐任何个股，不给出保本盈利承诺，不构成加仓、割肉、补仓的操作建议。股市存在天然波动风险，每个人持仓标的基本面、持仓周期、风险承受能力各不相同，所有操作需要结合自身实际情况独立判断。打开各大股票社区，能看到一个非常普遍的现象：不少股民持仓亏损达到20%、30%之后，第一反应不是冷静分析个股问题，而是立刻拿出剩余资金加仓，想着低价买入摊薄持仓成本，稍微反弹一点就能快速解套。绝大多数这么操作的散户，最后只会越补越套，亏损从30%扩大到50%甚至更多，本金大幅缩水，长时间被困在个股里动弹不得。很多人不知道，在全球资本市场深耕数百年的犹太交易者，早就摒弃了盲目补仓摊薄成本的做法。他们有一套完整、务实的持仓风控逻辑，专门应对深度被套的情况，不搞虚无缥缈的玄学理论，全部是经过长期市场验证的落地思路。今天全程大白话讲解，结合A股真实市场环境，拆解深套30%后盲目加仓的致命弊端，完整复刻犹太人成熟的持仓处理思路，全文接近四千字，没有空洞鸡汤，被套的投资者看完能理清后续完整操作方向。一、亏损30%就盲目加仓摊成本，A股市场四大致命坑，无数人踩雷先算一笔所有人都能看懂的账，直观解释为什么深度被套后随意补仓是错误选择。假设你买入一只股票，10元成本，买入10000股，总投入10万元。股价下跌30%后，现价7元，账面亏损3万元，亏损幅度刚好30%。这个时候大部分散户会再拿出10万元，以7元价格加仓14000股，总持仓24000股，综合成本大概8.25元。很多人以为，股价反弹回到8.25元就能回本，难度大大降低。但现实里，A股很多走弱个股不会小幅反弹，一旦基本面出问题，股价继续下跌20%，现价只剩5.6元。原本只亏损3万，加仓后总本金20万，账面直接亏损6.24万，亏损直接翻倍。简单的数字就能说明，盲目加仓只会放大风险，放到真实市场里，还会遇到四个无法规避的致命问题。1、分不清下跌性质，把趋势下行股当成短期回调股价下跌30%分为两种完全不同的情况：第一种是短期情绪回调，行业中长期景气度不变，公司业绩稳定，只是短期资金兑现带来的调整；第二种是基本面彻底走坏，公司营收、净利润持续下滑，行业红利消失，进入长期下跌通道。散户普遍存在一个思维盲区：只要股价跌了，就默认是跌出机会，完全不去分辨下跌底层逻辑。如果个股属于第二种基本面恶化类型，越加仓，套牢时间越长。比如前几年不少产能过剩的传统制造业、失去政策支撑的题材小票，股价腰斩之后还有持续阴跌，每一次下跌后的反弹，都是出货窗口，根本不存在解套行情。犹太交易者第一条铁律：下跌不看跌幅，只看基本面，基本面走坏的标的，哪怕下跌50%，也绝对不补仓。2、资金全部集中单一个股，彻底失去操作主动权散户手里的闲置资金是应对市场震荡唯一的缓冲垫，深度被套后一次性把剩余资金全部加仓，等于把所有筹码押注在一只股票上，后续市场出现真正的低位优质机会，手里没有现金布局。A股常年维持板块轮动行情，高位赛道调整的时候，低位蓝筹、新兴细分行业会走出独立行情。满仓被套单一标的，只能被动等待个股反弹，错过市场其他赚钱机会，资金利用率极低。犹太资本做交易，永远会预留至少40%流动资金，无论个股跌幅多大，都不会一次性打满仓位，保留现金才能拥有选择权，而不是被动等待行情施舍。3、摊薄成本只会拉长解套周期，不会改变个股本身的弱势很多人存在一个认知误区：加仓摊薄成本=更容易解套。事实恰恰相反，弱势个股反弹力度极弱，就算小幅反弹，上涨空间也十分有限。举个对比案例：持仓亏损30%，不加仓的情况下，股价反弹43%就能回本；加仓一倍摊薄成本后，看似反弹20%就能回本，但弱势下跌股很难走出40%以上的反弹行情，连续阴跌过程中，20%的反弹只是短暂脉冲，反弹结束会继续创新低。原本可以趁着小幅反弹减仓止损离场，加仓后持仓体量翻倍，小幅反弹根本不足以回本，只能长期被动持有，耗费大量时间成本。对于普通投资者来说，时间也是成本，资金被困一两年无法使用，错过无数其他稳健投资渠道。4、情绪化补仓，只会不断纵容自己的错误交易习惯深度被套本身，就代表当初买入逻辑出现判断失误。可能是追高入场、高估行业景气度、忽视减持暴雷等问题。正确的思路是正视错误，及时修正交易逻辑；而盲目加仓摊成本，相当于变相告诉自己：当初的判断没有问题，下跌只是暂时的。这种思维会不断弱化风险意识，下次遇到同类高位个股下跌，依旧会重复加仓套牢的操作，形成恶性循环。犹太交易者对待亏损交易的态度十分理性：错了不补仓摊平，优先评估错误大小，决定止损或者持有观望，不会用新增资金掩盖之前的判断失误。二、犹太人百年沉淀的持仓思路：深度被套不急于补仓，分四步理性处理犹太族群长期活跃在全球金融市场，无论是美股、欧洲资本市场还是新兴市场，他们的风控逻辑高度统一，不追求短期赌反弹，优先把控风险，这套思路完全适配A股散户深度被套的现状，一共分为四个清晰步骤，按顺序执行即可。第一步：冷静复盘，区分“良性回调被套”和“趋势破位被套”，划定两种完全不同处理方案股价下跌30%之后，第一件事绝对不是考虑补仓，而是花完整时间复盘个股全部基本面信息，划分标的类型，两种类型操作方式天差地别，不能一概而论。类型1：良性情绪回调被套，可保留底仓，严禁一次性大额加仓判定标准同时满足以下几点：行业属于国家重点扶持赛道，国产替代、新质生产力等中长期政策持续落地；公司近两个季度业绩稳定增长，订单充足，没有大额商誉减值、持续预亏风险；无实控人大额减持、监管问询、ST预警等利空；下跌仅仅是机构半年结算、市场整体情绪恐慌带来的短期调整，中长期均线依旧维持向上。针对这类标的，犹太交易者的做法是保留原有底仓不动，闲置资金绝不一次性加仓。如果后续股价再度下跌10%-15%，并且成交量持续缩量企稳，才动用小部分资金分批低吸，每次加仓资金不超过总闲置资金的15%，分层分摊风险，杜绝一次性满仓。类型2：基本面走坏、趋势彻底破位被套，放弃加仓，逢反弹分批止损离场判定标准满足任意一条就需要高度警惕：公司连续两个季度净利润大幅下滑，主营业务失去增长空间，依靠变卖资产维持账面利润；行业需求萎缩，产能严重过剩，行业景气周期彻底结束；实控人、高管持续大额减持，存在财务造假、监管处罚风险；股价跌破年线之后，中长期均线全部拐头向下，每次反弹高点持续下移，走出长期阴跌通道。对于这类标的，无论亏损幅度是30%还是40%，犹太交易者不会产生任何补仓摊薄成本的想法，反而会等待每一次小幅反弹窗口，分批减仓，逐步降低持仓仓位，及时切断持续扩大的亏损。他们有一句很直白的交易观点：不要和持续走弱的资产耗时间，及时收回本金，重新寻找优质机会，远比死守套牢股划算。很多散户无法接受割肉亏损，本质是放不下账面浮亏带来的心理落差，但资本市场本金安全永远排在第一位，持续下跌的个股只会不断吞噬本金，及时止损是保存实力的唯一办法。第二步：建立仓位分层规则，任何情况下，单只个股总仓位不超过总资金三成这是犹太交易者最基础、也是最重要的资金管理规则，不管个股基本面多优质，都不会重仓押注单一标的，从根源杜绝深度被套后只能靠加仓自救的窘境。大部分散户亏损30%，核心根源就是单只股票满仓、重仓，一旦个股调整，整个账户全部陷入亏损，没有任何对冲手段。合理的资金分配方式如下：总资金拆分三大部分，30%布局优质中长期赛道龙头，30%作为流动资金，40%分散配置低估值防御板块，分散平滑账户波动。就算其中一只个股下跌30%，对整体账户总亏损影响只有9%，完全不会陷入被动，也不需要动用流动资金盲目加仓摊成本。如果现在已经重仓单只个股深度被套，正确调整方式是借着反弹逐步降低仓位，把单只个股持仓压缩到总资金三成以内，腾出流动资金，掌握操作主动权。第三步：设立明确加仓硬性条件，缺少任意一条，绝不投入新增资金犹太交易者不是完全禁止加仓，而是拒绝无规则、情绪化加仓，只有个股同时满足四条硬性条件，才会小批量补仓，缺少任何一条，一律观望不动，四条标准完全贴合A股市场：第一，基本面无任何利空，最新财报、业绩预告持续预喜，行业政策没有出现转向；第二，市场抛压充分释放，个股连续3个交易日缩量，不再创新低，恐慌盘基本出清；第三，大盘中长期趋势完好，指数站稳年线、20日线等关键支撑，不存在系统性大跌风险；第四，加仓资金严格限制，单次加仓金额不超过闲置资金15%，最多分三次完成补仓，不一次性投入全部现金。四条标准缺一不可，很多散户只看股价跌幅，忽略基本面、量能、大盘环境，单纯因为跌得多就加仓，最后只会越补越亏。第四步：建立亏损持仓时间底线，不无限期被动死扛很多散户被套之后选择躺平，一拿就是三五年，不管行业、公司发生多大变化，始终持有不动，浪费大量资金时间成本。犹太交易者会给自己设置清晰的持仓时间底线，避免无限期消耗本金。良性回调被套的优质龙头：最多持有8个月，如果8个月内依旧没有修复、回到成本线附近，说明短期资金认可度不足，逢反弹减仓一半，腾出资金布局其他主线；基本面走坏的弱势个股：最多持有2个月，2个月内只要出现小幅反弹，立刻分批止损，绝不长期持有等待虚无缥缈的反转行情。资本市场机会永远源源不断，A股每年都会诞生新的景气赛道，死守一只走弱个股，会错过无数稳健盈利机会，时间成本同样是巨大亏损。三、对比两种操作思路：盲目加仓摊成本 VS 犹太人理性风控，真实案例直观对比为了更清晰看懂两种操作带来的巨大差距，结合A股真实行情做两组实操对比案例，所有数据贴合真实市场波动，没有夸张虚构。案例1：散户常规操作——亏损30%盲目翻倍加仓投资者A，12元买入某题材小票10000股，总投入10万。公司单纯炒作热点，没有稳定业绩支撑，股价快速下跌30%跌至8.4元，账面浮亏3万。投资者A担心解套困难，拿出剩余10万闲置资金，全部加仓买入，总持仓24000股，综合成本10元。后续题材热度消退，公司业绩预亏，股价继续下跌25%，跌至6.3元。此时总本金20万，账面亏损超6.8万元，亏损幅度接近35%，资金全部锁死在弱势小票里，市场同期半导体、高股息板块走出上涨行情，手里没有现金参与，只能被动等待。后续个股持续阴跌一年，最大跌幅超60%，回本遥遥无期。案例2：遵循犹太交易思路理性操作投资者B，同样12元买入同一只题材小票10000股，投入10万，股价跌至8.4元，亏损30%。第一步复盘基本面，发现公司无稳定营收，属于纯题材炒作，基本面不支撑长期上涨，判定为趋势走弱标的；第二步不动用闲置资金加仓，等待股价小幅反弹至9.5元，分批减仓70%，收回6.65万本金，仅保留3000股轻仓观望；第三步腾出的6万多流动资金，布局同期调整充分、业绩预喜的电力蓝筹，后续蓝筹板块震荡上涨18%，弥补之前的亏损；第四步设定2个月持仓底线，2个月后小票依旧持续走弱，清仓剩余底仓，整体账户小幅亏损离场，没有深度套牢，资金可以自由布局下一轮主线行情。两组案例对比能清晰看出，盲目加仓只会放大亏损、锁死资金；理性区分标的、及时止损回笼本金，才能保留操作选择权，不会被单一被套个股束缚。四、深度被套后，散户最容易陷入的三大心理误区，一定要避开大部分人明知加仓风险很大，还是忍不住补仓，本质是被三种负面心理左右，也是犹太交易者刻意规避的心态陷阱，被套之后一定要自查。误区一：害怕割肉之后股价立刻反弹，产生“踏空恐惧”很多人不敢止损，核心担心自己一卖出，股票马上拉升，白白错过解套行情。但从概率来看，基本面走坏的弱势个股，持续下跌概率远大于短期反弹概率，就算卖出后小幅反弹，反弹空间也十分有限。就算真的卖出后短期反弹，手里持有现金，完全可以等待企稳后重新低吸，主动权依旧在自己手上；如果选择加仓死扛，股价持续下跌，亏损只会不断扩大，没有任何补救办法。误区二：不愿接受浮亏，把加仓当成弥补错误的手段账面亏损会带来强烈的负面情绪，散户急于通过加仓快速回本，以此抵消亏损带来的挫败感。但投资不能被情绪主导，当初高位买入本身就是判断失误，用新增资金掩盖错误，只会造成更大失误。成熟的交易思维要学会接纳小额亏损，单笔小额亏损不会影响整体账户收益，单笔大额深度套牢，才会彻底打乱全年投资节奏。误区三：默认股价下跌越多，投资价值越高市场流传一个错误观点：跌出来的机会，跌得越狠越值得买。这句话有一个核心前提，公司基本面、行业景气度没有发生改变。脱离基本面单纯看跌幅没有任何意义，很多个股下跌30%只是下跌中途，后续还有50%以上的下跌空间，单纯依靠股价跌幅判断机会，是非常片面的投资思维。五、全文客观总结持仓亏损达到30%之后，千万不要第一时间加仓摊薄持仓成本，这种操作只适合极少数基本面完好、短期情绪回调的优质龙头，对于绝大多数走弱个股来说，只会放大亏损、锁死流动资金，拉长解套周期。流传百年的犹太人交易思路，核心从来不是精准抓大涨，而是优先控制风险、保留资金主动权，整套逻辑可以简化为四件事：先复盘区分标的好坏，优质标的分层小仓位补仓，弱势标的逢反弹止损；严格控制单只个股仓位上限，杜绝重仓押注；设立清晰加仓标准，缺少条件绝不投入新资金；设置持仓时间底线，不无限期死扛阴跌个股。对于普通散户而言，投资的核心目标是保住本金、稳步增值，不是和被套个股赌反弹。与其耗费大量时间、追加资金死扛深度套牢股，不如及时调整仓位，回笼现金，重新布局市场内业绩稳定、景气度上行的优质赛道。最后客观提醒：没有任何一套思路可以保证百分百盈利，市场永远存在不可预判的波动，所有操作都需要结合自身资金周期、风险承受能力综合判断，不要直接照搬思路不加变通。结尾互动探讨大家可以在评论区理性交流，聊聊自己被套后的处理方式：1、你现在持仓有没有亏损30%以上的个股？当初被套后选择加仓还是躺平？2、深度被套的时候，你更在意账面浮亏，还是手里可灵活使用的流动资金？3、如果区分下跌是短期回调还是基本面走弱，你平时会重点查看哪些数据？分享你解套、风控的实操经验，互相交流避开盲目加仓越套越深的亏损陷阱！以上内容仅供提升交 流，不构成投 资建 议，不作为投 资 决策的依据，据此执行，风险 自担，股 市有风 险，投 资 需谨 慎
"
交易：财富的密码（7）,0,68,纽约金冰,07-17 15:33,"本期节目围绕《交易：财富的密码（7）》展开，主播从节目开头提出的核心问题讲起：各位听众大家好，欢迎来到投资悟道渡人渡己这个栏目，我是主播金冰。我们今天继续这个话题交易财富的密码。那么为什么交易这么重要？因为财富一个人的财富无非是你人生中无数次的交易的结果，我们无时无刻不在进行这种时间的交易，金钱上班，股票买卖，请人做事情，花钱请人做事情都是这种交易。交易无非就是用最低的成本去交易，换来最大价值的东西。随后，节目继续展开这一主题，进一步补充背景、判断依据和需要留意的地方：那么什么叫有价值？为什么最低的价格能够出售？那么这番价格就变得很重要了？那么如何理解价格？价格就是供需关系的影响。所以这一期和上一期我就在谈公司关系的重要性。我在这里并不是在说微观经济等理论概念，我说的都是实实在在的东西。物以稀为贵前面说了很多，你要有差异化，才能有提价权。无论是企业的战略合作还是个人的成长，你要锻炼自己独...去小宇宙查看完整单集简介前往小宇宙评论区与主播互动
"
55w回本day295+N,16,2387,这个昵称拉风吗12138,07-17 15:32,"又准备停更，每次停更说明又想背着jr们偷偷充值了
https://i10.hoopchina.com.cn/CA5D026CA4539A9748C1DEBE58359115_w_1206_h_2622_.png?x-oss-process=image/resize,w_800/format,webp
https://i10.hoopchina.com.cn/CA5D026CA4539A9748C1DEBE58359115_w_1206_h_2622_.png?x-oss-process=image/resize,w_800/format,webp"
千万别当反转，A股有反抽，纯粹诱多安抚情绪,1,1297,青青隽宇大哥,07-17 15:31,"这两个月判断行情，应该是天下无敌了吧。今天上午很撕裂呀，老朽认为等下或者，今天下午应该会有一个反抽。当然这个反抽，你也可以理解为诱多吧。还有一个反抽一下安抚一下情绪，毕竟周末了，太撕裂负能量声音太多也不太好。现在依旧不适合进场的，因为非理性还没有结束哦。为什么老朽说，等下或者下午反抽反抽，昨天指数也是非常的撕裂,调整了50多个点，目前十一点也是60多个点了，而且整数关口了3800点，这里有点抵抗正常，所以反抽一下都是正常。为什么还没有见底呀，很明显呀，现在还债呀，前期疯狂顶指数了，要补跌指数呀。科创板创业板依旧超级高高在上，还会继续的大调整，所以也会影响我们的指数。大科技还会持续的调整，也会影响指数咯。这些问题现在都是无解，所以都会影响比较大。抱团板块千万不要去呀，你要想一想上一次抱团的，已经持续调整了五年以后上了吧。历史不会一模一样，但可以借鉴。记得关注老朽现在还有一个说出来老朽认为丢脸的事情，今天亚洲啊韩思密达，运气好休市了。如果不休市，那么今天就会很撕裂继续熔断了。我们的A股现在已经跟着啊韩思密达在跑了，而且最尴尬的是跟跌不跟涨了。前天啊韩思密达疯狂涨，我们没跟上，昨天思密达大幅度调整，跟上了吧。当然前面几次中阴也是被思密达影响。思密达后续还要非常撕裂的调整，这个也是会影响我们的。还有一个不确定因素，啊伊跟啊美现在又不是太和谐了，如果非常不和谐，也会对我们有影响。今年三月份为什么出现非理性的调整，也是这个原因。反正这个行情，也没什么太多好说的，还是弱势哦。不要想什么指数调整多少了，你看看现在还在3800点之上。但你看看今年绝大多数的个股多撕裂，截止这一刻全A中位，1月5号到7月17号11点附近，调整38.个点附近，这个就是非理性撕裂来形容了。这个数据就是告诉大家，今年绝大多数的个股调整38个点都是非常的正的。当然现在记住等下有反抽，这个不代表什么的，你也可以理解就是诱多吧。一孔之见，仅供参考。
"
进了点肯特催化，希望下周一大涨,0,482,虎扑JR0682204058,07-17 15:30,"进了点肯特催化，希望下周一大涨
https://i11.hoopchina.com.cn/d21ef91128ed28bc1494266bd7ba5750_w_1080_h_2400_.jpg?imageMogr2/format/webp/auto-orient?x-oss-process=image/resize,w_800/format,webp
https://i11.hoopchina.com.cn/d21ef91128ed28bc1494266bd7ba5750_w_1080_h_2400_.jpg?imageMogr2/format/webp/auto-orient?x-oss-process=image/resize,w_800/format,webp"
估计很多人崩溃了。还是那句话！时间会证明光模块和半导体的！-5734,152,25607,从不空大的石头人,07-17 15:28,"
https://i11.hoopchina.com.cn/7bd1c9120bf25fcc1ce47b41a3367e21_w_1260_h_2800_.jpg?imageMogr2/format/webp/auto-orient?x-oss-process=image/resize,w_800/format,webp
https://i11.hoopchina.com.cn/7bd1c9120bf25fcc1ce47b41a3367e21_w_1260_h_2800_.jpg?imageMogr2/format/webp/auto-orient?x-oss-process=image/resize,w_800/format,webp"
07.17  星期五  从20万到200万:我的十倍收益进阶计划第51天,0,514,股海无极,07-17 15:28,"今日交易:1.今天截止收盘亏损1.19%，别的就都不说了，跌停票我今天也陪一只，下周再战！
https://i3.hoopchina.com.cn/63b333274d4e56cedd550b0a982594fa_w_2340_h_2532_.png?imageMogr2/format/webp/auto-orient?x-oss-process=image/resize,w_800/format,webp
https://i3.hoopchina.com.cn/63b333274d4e56cedd550b0a982594fa_w_2340_h_2532_.png?imageMogr2/format/webp/auto-orient?x-oss-process=image/resize,w_800/format,webp"
科技还能行？都看一看吧,0,823,MichaeLCch,07-17 15:27,"连续两天早上发帖，都说继续看空科技，我也不是说科技真的就不行，但是根据走势的判断，我个人认为科技还是要继续下跌的，今天只是创业板大跌特跌的第一天，为什么那么说呢创业板指数权重，都在 cpo 等七仙女，分别是宁德时代，中际旭创，新易盛，东方财富，天孚通信，胜宏科技，大普微。七个里面，1 个锂矿，一个金融，2  半导体，三个 cpo，当科技持续下跌的时候，你觉得指数打得住的？指数打不住个股能打得住吗？为什么说指数会带动个股，因为指数是个股加起来的权重，而个股大家走的好的时候，会一起涨，指数就上涨，当 cpo 这三个带着创业板指数大杀特杀，那么你觉得剩下的个股不会跌吗？为什么昨天创业板指数没有跌幅那么大？因为易中天昨天跌了 4 个点，创业板也就 4 个点再说说科创板半导体，目前来看已经要继续下杀，日线 macd 今天大跌 8 个点，星期一很有可能继续杀，然后 macd 下 0 轴，你去看看创业板指数走势，就可以知道科创板怎么复刻了，并且从权重前几个半导体看，今天才是下跌的第一天。接下来看什么？我觉得还是药，今天回调，看星期一，如果能止跌，并且有个股下面修复星期五的下跌，那么可以积极试错的，毕竟日线 macd 上 0 轴后，今天的回调只是 30 分钟回调，日线级别保护不是那么容易跌破的。科技这几天看到帖子说硬扛，我只想说硬扛到最后就是无底洞，自己怀疑自己当初为什么不卖，其实大多数人不会看走势，就看别人说业绩好就觉得好，其实走势才说明了一切
"
花80万买来的经验，几乎可以做到99%获利！精髓都在这里，献给有缘人！,1,538,北鸣授渔,07-17 15:26,"大家好，我是北鸣，粉丝朋友们平时都习惯叫我北师。本人出生在湖南的一个小镇，家庭条件在当时算是非常差了，一路磕磕绊绊，寒窗苦读考上上海财经大学，算是寒门里为数不多的出路。毕业踏实工作六年，攒下一笔积蓄才开始接触股市。前期不断试错摸索，勉强小有盈利。2015年，我下定决心辞职全职交易，携160万本金正式扎根市场。一路走来历经数轮牛熊震荡，扛过多次回撤与市场煎熬。如今在浙江置下两套房产、湖南两套，账户资金两千多万，依靠交易实现了财富自由。现在每个月能从市场稳定取出几十万，对整体账户几乎没有影响。日子过得悠闲自在，不用周旋职场里的尔虞我诈，安心过自己想要的生活。当下慢牛市场一直在4000点上上下下，相信很多人的账户在这个反复摩擦过程当中伤痕累累，最近也有很多人问北师怎么看待接下来的行情。我的答复就是：“依旧会走慢牛，一年内看到5000点！“北师策略准确度如何大家心里都清楚，信不信是一回事，至于大家有没有方法去把握这波行情也是另外一回事，不管什么样的行情当你有绝对的自信，就能做到稳健复利。这也让北师想起围棋界的一句话“善弈者，通盘无妙手”。这句话我体会很深。说的是会下棋的高手，往往一整盘棋都让人看不到精妙绝伦的一招或者力挽狂澜的一手，而是找到规律稳扎稳打直到赢得完全胜利。而这里面的关键是什么？是厚积薄发的基本功以及在紧要关头豁出去一把的勇气：敢不敢在出错后依然相信模式，敢不敢相信模式带给你的最终预期是正向收益。敢不敢相信你自己！所以综合下来你会发现成功的路上一点儿也不拥挤，因为这条路太黑暗也太漫长。但我相信：所谓无底深渊，上去，也是前程万里。所以这条道路上如果有人掉队南师会祝福，但紧紧跟随一路支持的粉丝，这份情谊除了感动外，北师能做的就是跟大家一起携手前行！下面是北师总结了在市场多年的交易心得理念，现在市场到后期，比拼的就是心态和身体状况如何了。当然大家先赞后看，好好学！1、计划你的交易，交易你的计划：对于大多数人来说，深思熟虑之后的交易，胜率和性价比都会比你临盘追涨杀跌高得多，大多数新人往往临盘买的，十有八九都是要吃面的，新人看盘看得越多，越容易操作，感觉一天到晚都是机会，亏得也越多，一些天赋型的选手确实不需要怎么复盘，很简单，别人盘中就已经看清楚了，或者说别人一天到晚都是在深入思考，而不是说没有简单形而上学的复盘，经过常年累月的积累，一些东西已经像条件反射一样牢牢的记在了别人的大脑里，你啥也不会，就去盲目学别人，结果自然不言而喻，作为新人或者普通人的你，先找到一个符合自己的锚点，然后在此基础上不断的加枝加叶，沉淀后再去繁为简；2、在基础核心的交易理念上，你需要不断的与时俱进，不断的在原有的基础上添枝加叶优化你原有的东西：股市一直没变，但一直也都在动态的变化中，以连板接力为例，除了原有的核心基础模式外，当下市场的风格或者概念偏爱，你要第一时间引起重视，往往可能同形态，同梯队，同概念的票，可能就是因为那么一个小小的因素，两只票的结局命运，就是天差地别了，总结当下的市场资金偏爱，加入到原有的模式里面，胜率会大幅提高；3、吃面是交易生涯中的一环：你要适应这种状况，一个月下来，你一定会有吃面的交易，这个大多数人都无法避免，大家所公认的北京炒家老师胜率也没有70%，大体上来说，他出手10笔，大概率会有4笔是亏钱的，但是不影响他复利做大，你在漫长的交易生涯中，你一定会踩雷，你一定会吃面，但它不会影响你最终的账户结果，他反而是无形中在提醒你你需要及时更新优化完善你的手法了！学会接受自己的不足，及时的更新思路，优化完善手法，你短暂失去都会马上回来的，就像大家哀声载道的指数，不也是两天就改变了大多数人的观点，一阳改三观，那么同样的，两笔成功的交易下来，你的信心就全都回来了；4、节奏就是生命：而短线高频交易加上长时间的交易，你的交易必然会有偏离轨道的时候，或可能是因为市场风格的切换，或可能是你自己身体原因，总之各种各样的原因，造成了不管你是谁，你的交易一定不会是一帆风顺的，那么如何调节奏就显得非常至关重要了！股市不会关门，一般来说，当你连续错了两笔，那么无论如何，你自己都要先优先倾向于防守休息，不要去管行情好坏，甚至你可以直接空仓不要去看盘了，大多数做短线梭哈的选手，其实距离死亡或者腰斩，其实往往就是那么两三笔的交易，那么基于此，不管你是大资金还是小资金，都有分仓的必要，这种情况下，无形中提高你的存活率，股市的规律就是7亏2平1赚，当然这个事件凡事都有例外，一些极其优秀的天赋型选手，就不要和那种人去比了，你大概率就是一个普通人，定普通目标，做常规稳健的交易，你才会更加容易走出来，你去学，容易两周下来就退市了。5、行情可以变态，交易不要变形：极致的暴涨或者暴跌都是小概率行情，例如本周周二首板不上车，很多人周三、周四和周五就只能干瞪眼了，因为大多数都是一字大单顶死，大家很多人不做首板，从而产生了极大的焦虑踏空感，大家要静下心来，清楚了解自己，有些极致的行情属于小概率事件，没买到但是不亏钱，哪里有踏空一说，而且也不需要担心踏空，市场永远不缺的就是机会，这么多年下来，三日之内必出模式买点；世上无难事，只要肯攀登。想起了芈月传里的一个场景，原话不记得了，大意是秦惠文王对芈姝说：如果你的自卑是因为地位带来的，我可以给你地位，让你做皇后，但如果你的自卑是你心态带来的，那我也帮不了你。这正如做短线，如果只是因为技术不成熟而亏钱，技术是很好学的，很快就可以学会。就好比我很多徒弟跟我掌握了方法之后自己去做也能实现稳定复利。但如果是因为心态上的抗拒，恐惧，排斥，那谁也帮不了你。所以我想跟大家说：不要怕，不怕的人才有希望！在现在慢牛的行情不赚钱那还要等什么时赚钱。在最后说一句，北师一直免费分享，不是希望有些人把白嫖当做理所当然，如果文章对大家有用，麻烦大家点个小推荐，人气越来越高也是我不断更新的动力。
https://i3.hoopchina.com.cn/editor/abb190265cd5fd5ac2284d4e7fd09e85_w_1080_h_1140_.jpeg?x-oss-process=image/resize,w_800/format,webp
https://i3.hoopchina.com.cn/editor/5c25a67d97623d14b9461c5e90efbb98_w_1024_h_768_.png?x-oss-process=image/resize,w_800/format,webp
https://i3.hoopchina.com.cn/editor/abb190265cd5fd5ac2284d4e7fd09e85_w_1080_h_1140_.jpeg?x-oss-process=image/resize,w_800/format,webp
https://i3.hoopchina.com.cn/editor/5c25a67d97623d14b9461c5e90efbb98_w_1024_h_768_.png?x-oss-process=image/resize,w_800/format,webp"
交易：财富的密码（6）,0,44,纽约金冰,07-17 15:25,"本期节目围绕《交易：财富的密码（6）》展开，主播从节目开头提出的核心问题讲起：各位朋友大家好，欢迎来到投资悟道渡人渡己这个栏目，我是主播金冰。今天是1月7日，继续谈论关于交易财富的密码。交易在人生中非常重要。前面已经讲了几集关于这个话题。交易无处不在，无时无刻都在进行，每个人都在进行交易，不管是被动的还是主动的。交易在人生中的重要性不亚于生产。影响交易的无非是在你拿A来换B的时候，你期望你的A的对不对？随后，节目继续展开这一主题，进一步补充背景、判断依据和需要留意的地方：看起来价格虽然高，但并没有那么多的价值。简单地说，你是因为高估了一种资源去交换一个被低估的资源，所以你换来的东西物有所值，价值就是价格在这里的含义。因此，你希望用高估的东西去交换一个低估的东西，这样你才能赚到钱。对吧？换言之，你用了低价值的东西去换取了一个高价值的东西，或者是用一个即将变得低价值的东西，换取一个即将变得高...去小宇宙查看完整单集简介前往小宇宙评论区与主播互动
"
这要是v回去一点，下周还有得跌,3,2068,13138338726,07-17 15:24,"
https://i5.hoopchina.com.cn/editor/1361db1e9e488ff48f0c4d9483d1f8aa_w_1730_h_610_.png?x-oss-process=image/resize,w_800/format,webp
https://i5.hoopchina.com.cn/editor/1361db1e9e488ff48f0c4d9483d1f8aa_w_1730_h_610_.png?x-oss-process=image/resize,w_800/format,webp"
中一签最高可赚130万，A股稳赚不赔的打新大肉你吃了几次？,1,5509,虎扑JR1639324503,07-17 15:23,"风险提示：本文仅为市场经验客观复盘交流，不构成任何投资申购建议，注册制下新股存在破发风险，所有操作盈亏自行承担。炒股这么多年，身边绝大多数散户都有一个共识：在A股里，门槛最低、确定性相对更高的收益渠道，就是新股申购。不用盯盘、不用研究复杂K线，满足市值条件就能参与，中签之后大多能拿到一笔额外收益。网上流传最多的一句话就是“打新等于白捡钱”，甚至有案例传出单签最高盈利冲到130万，不少人看完心里都很羡慕，同时也产生一堆疑问：130万的肉签到底是什么情况？现在普通人还能复制这种收益吗？打新真的永远稳赚不赔？怎样操作才能提高中签概率，不错过每一只大肉新股？一、先说清楚：中一签盈利130万的真实由来，现在很难复刻很多人刷短视频、头条文章，都看到过“单签新股赚130万”这个数字，第一反应就是打新暴利，觉得随便中签就能赚几十万，这里必须客观拆解这个极端案例，避免新手产生认知偏差。这支创下高额收益的个股是联讯仪器，2026年上半年登陆科创板，发行价80元，上市后恰逢高端科学仪器国产替代风口，机构资金持续抱团，盘中最高股价冲到2777元，科创板单签500股，按最高价计算，账面浮盈刚好接近130万。但这里有四个普通人很难复刻的硬性条件，缺一不可：第一，赛道极度稀缺。国内高端检测仪器上市公司数量极少，行业长期被海外企业垄断，政策持续扶持国产替代，机构集体重仓，市场资金供给充足，属于多年难遇的稀缺赛道标的。第二，流通盘极小，筹码稀缺。公司上市初期流通股本规模很小，场外资金想要布局只能抢新股筹码，少量资金就能推动股价大幅拉升，普通新股很难有这种筹码结构。第三，注册制前5个交易日无涨跌幅限制。上市初期没有10%、20%涨跌幅约束，资金炒作空间被完全打开，短短几天股价就能走出数倍涨幅，等到5个交易日后，涨跌幅限制生效，股价快速回落。第四，持仓周期足够长。130万是盘中最高浮盈，不是落袋收益，绝大多数中签散户在上市首日、前三个交易日就会卖出，只能赚到十几万，很少有人能扛住巨大波动长期持有到股价最高点。再对比当下市场常规打新收益，就能看清差距。2026年上半年上市新股数据统计显示：主板新股单签平均盈利3000-8000元；创业板、科创板普通科技新股单签盈利1万-5万元；只有极少数高端制造、半导体细分龙头，单签收益能突破10万，百万级收益属于极端绝版案例，不具备普遍参考价值 。同时要纠正一个根深蒂固的误区：打新从来不存在“稳赚不赔”。核准制时代新股供给少、发行定价受限，几乎不会破发；但全面注册制落地之后，新股发行定价完全市场化，每年都会出现多只上市首日就跌破发行价的个股，中签之后卖出直接亏损，所谓闭眼打新躺赚的时代早就结束了。后面会详细讲如何避开容易破发的新股。二、搞懂基础打新规则，90%散户踩坑都是因为不懂规则想要参与新股申购，第一步要吃透市值配售、板块门槛、缴款规则，很多人持有几十万资金，却白白错过打新机会，根源就是对规则一知半解。1、市值配售核心逻辑，沪深两市额度完全分开现在A股所有主板、创业板、科创板统一采用T-2日20个交易日日均市值配售模式，简单翻译成人话：申购新股的前两天，往前推20个交易日，账户平均每天持有对应市场股票，才能获得申购额度 。- 沪市（主板、科创板）：每1万元日均市值，对应1个配号，1个配号可申购1000股；- 深市（主板、创业板）：每5000元日均市值，对应1个配号，1个配号可申购500股。重点提醒：沪市股票市值，只能申购沪市新股；深市股票市值，只能申购深市新股，两者不能互通。只买沪市蓝筹股，就算持有上百万市值，创业板新股也没有申购资格，反之同理。举个简单例子：账户持有沪市20万股票、深市15万股票，20日日均市值达标，沪市最多20个配号，深市最多30个配号，只要新股申购上限不超过对应额度，就能顶格申购，配号越多，中签概率越高。2、四大板块打新权限门槛，不开通直接错过大肉签近几年绝大多数高收益大肉签，全部集中在科创板、创业板，只开通基础A股账户，等于直接放弃70%的优质新股机会，各板块开通条件清晰区分：1. 沪深主板：无额外门槛，开户即可参与，只需要对应市场市值；2. 创业板（深市）：2年股票交易经验，20个交易日账户日均资产10万元以上；3. 科创板（沪市）：2年股票交易经验，20个交易日账户日均资产50万元以上；4. 北交所：2年交易经验，50万日均资产，采用全额预缴资金申购，中签率极低，普通散户不建议重点参与。很多新股民炒股满1年，手里有十几万资金，没等到2年交易经验，眼睁睁错过全年大部分优质科技新股，白白损失稳定收益。3、缴款、弃购处罚规则，很多人白白浪费中签资格申购流程全程简单：新股发行日当天，打开券商APP一键申购；T+1日晚上公布中签号码；T+日下午16点前，账户预留足额资金，系统自动扣款。这里有一条硬性红线，很多人忽略后损失惨重：12个月内，累计3次中签不缴款弃购，交易所直接暂停半年新股申购权限。半年时间几十只新股无法参与，错过的打新收益远高于一次中签的资金，一定要设置券商中签提醒，避免忘记缴款。三、4套落地实操方法，实实在在提高中签概率，无虚假套路网上充斥各种玄学打新技巧，比如固定时间申购、特殊数字配号，没有任何数据支撑，纯心理安慰。下面四套方法全部基于交易所规则、券商真实统计数据，长期坚持能明显提升中签次数，普通人可以直接照搬执行。1、均衡配置沪深两市低波动底仓，稳定拿满申购额度想要不浪费每一天的新股机会，核心是同时持有沪市、深市股票，均衡分配市值。资金30万以内的散户，最优搭配：沪市15万+深市10万；资金50万以上：沪市25万+深市25万，基本能覆盖市面上90%新股的顶格申购上限。底仓选股有明确标准，优先选高股息、低波动蓝筹，比如国有银行、水电、高速龙头，波动幅度小，不会出现大幅回撤。千万不要为了凑打新市值，追高买入高位题材股，很容易出现“打新赚几千，持仓亏几万”的情况，得不偿失。另外注意，市值计算是20个交易日日均，不要临时大额买卖股票，短期加仓无法快速提升申购额度，需要长期稳定持仓。2、合规多账户拆分资金，成倍提升整体中签率单一账户中签概率极低，普通散户单只新股中签率大多在0.01%-0.03%，长期坚持一年可能只中2-3签。如果家里有符合条件的家庭成员，可分开开户提升中签总量，这是合法合规、效果最明显的方式。操作要求：每个账户实名独立，身份证、手机号、登录设备全部分开，不共用资金转账。比如夫妻、父母、成年子女各开一个账户，每个账户配置20-30万市值，分开顶格申购，4个账户同时参与，整体中签概率直接翻4倍。明确禁止：租借陌生人账户、多个账户共用一台手机登录，会被交易所判定违规，取消申购资格。3、坚持每日全额顶格申购，不随意放弃任何新股很多散户有一个坏习惯：看到新股发行市盈率偏高，直接跳过不申购，看似规避风险，长期下来会损失大量中签机会。正确做法分层操作：优质赛道新股全额顶格；估值偏高、行业景气度差的新股减半申购，不要直接放弃。打新本质是概率游戏，依靠长期积累申购次数提升中签数量。券商统计数据显示，全年坚持每日申购的投资者，中签数量是经常跳过新股人群的2倍以上，不要凭主观判断随意放弃申购额度。4、避开申购高峰时段，小幅提升配号分散度理论上任何时间申购，中签概率完全一致，但市场存在资金集中申报高峰，大量资金同一时间提交，配号集中扎堆，摇号时不容易命中。老股民长期实操总结出两个相对合适的申购时段：10:30-11:30、14:00-14:30，避开开盘9:30-10:00、收盘14:30之后的申报高峰，配号分布更分散，长期下来会有微弱优势 。这个方法提升幅度有限，只能作为辅助手段，核心还是前面三条市值、多账户、坚持申购策略。四、注册制下打新不再稳赚，4个标准筛选新股，避开破发亏损核准制新股不败的时代已经过去，2022、2023年多次出现批量新股上市首日破发，中签之后卖出直接亏损几千、上万。想要守住打新收益，申购前花两分钟简单筛选，四类新股直接减少申购金额，规避亏损风险。1、发行市盈率远超行业平均2倍以上，谨慎参与机构询价阶段会抬高发行价，部分新股发行市盈率高达几百倍，远超同行业正常估值，上市之后没有上涨空间，资金不愿炒作，极易破发。操作标准：打开个股发行公告，对比行业滚动市盈率，如果发行市盈率高出行业均值一倍以上，减半申购，不建议顶格。2、公司持续亏损，无稳定营收、核心产品不少生物医药、研发类科技企业尚未盈利，仅依靠研发管线支撑上市，没有稳定营业收入，市场资金认可度低，大盘行情走弱时，这类新股最容易出现大幅下跌。如果新股近两个年度持续亏损，直接降低申购仓位。3、传统周期、产能过剩行业新股，放弃大额申购钢铁、传统化工、低端制造等产能过剩行业，行业景气度长期低迷，市场资金没有炒作意愿，就算不破发，首日涨幅也极低，扣除持仓市值波动，几乎没有收益，没必要占用打新额度。优先选择高端仪器、半导体、AI算力、医疗设备等国产替代赛道新股。4、大盘连续大跌、市场风险偏好极低时，减少申购当指数持续创新低，全市场个股大面积下跌，场内资金避险情绪浓厚，新股缺少炒作资金承接，哪怕质地不错的科技新股，也容易小幅破发。行情极端弱势阶段，可以减少一半申购资金，降低亏损概率。五、中签后完整卖出策略，很多人中签赚钱最后亏回去好不容易中签拿到大肉签，最终收益多少，完全取决于卖出时机，80%散户的问题就是不会卖：要么首日贪心持有，股价回落利润缩水；要么盲目长期持股，次新股持续阴跌，浮盈全部回吐。分三种情况给出标准化卖出方案，简单易执行。1、主板新股（10%涨跌幅限制）主板新股上市后前几个交易日大多连续一字涨停，打开涨停板当天，直接清仓离场。主板新股流通盘大，炒作周期短，开板之后几乎没有持续上涨动力，越持有回撤越大，不要抱有继续翻倍的幻想。2、科创板、创业板优质大肉签（前5日无涨跌幅）像联讯仪器、长进光子这类稀缺赛道新股，上市首日涨幅极高，分两批卖出：首日冲高先卖出50%锁定利润；剩下50%观察前五个交易日走势，如果持续创新高，持有到第五个交易日尾盘全部清仓；如果首日冲高快速回落，当天直接全部卖出，避免后续持续下跌。3、质地一般、估值偏高的注册制新股上市首日只要小幅上涨，立刻全部离场，不要长期持有。次新股上市5个交易日之后，没有涨跌幅保护，机构、原始股东减持筹码集中涌出，绝大多数个股会开启连续阴跌，首日没及时卖出，很容易从盈利变亏损。这里重点提醒一个关键误区：打新赚钱，只属于中签申购的投资者。如果上市首日看到新股大涨，跟风二级市场买入，长期亏损概率超过60%，千万不要炒新，只参与一级市场申购，不参与上市后炒作。六、客观看待打新收益，不要把打新当成主要盈利手段讲完所有实操技巧，也要客观理性看待打新，不能神话打新收益，很多散户陷入两个极端认知，最后得不偿失。第一，不要指望靠打新暴富。百万级肉签属于极端个案，普通散户一年稳定中签3-5只，全年打新总收益大多在1万-5万，只能作为持仓股票之外的额外补贴，不能当成股市主要收入来源。如果为了打新重仓几十万股票，持仓个股一年下跌十几个点，亏损很容易覆盖全年打新收益。第二，不要空仓只靠打新赚钱。打新的前提是持有股票获得市值，完全空仓没有任何申购额度，想要参与打新，必须配置底仓，底仓波动风险是打新附带的隐性成本，一定要控制底仓整体波动。第三，不要放弃主线交易，全身心只做打新。打新属于被动收益，不需要花费大量时间，日常还是要以自身长线、短线交易体系为主，打新只是锦上添花的补充，不要本末倒置。站在2026年当下的市场环境，打新依然是普通散户能参与的低风险渠道，但已经不存在无脑躺赚的机会。想要稳定拿到肉签收益，需要均衡配置市值、开通全部板块权限、长期坚持申购、申购前筛选个股、中签后严格执行卖出纪律，一套完整流程配合，才能把打新的制度红利稳稳拿到手。结尾探讨文章开头提到单签最高盈利130万的稀缺新股，相信很多股民都有自己的打新经历，大家可以在评论区交流几个实际问题：1、炒股至今，你中过收益最高的一只新股，单签赚了多少钱？2、平时打新会不会主动筛选个股，还是所有新股全部无脑申购？3、有没有中签之后忘记缴款、或者持有次新股回吐全部利润的踩坑经历？4、你认为现阶段打新还有长期参与的价值吗？互相交流真实打新实操经验，避开申购、卖出过程中的常见亏损陷阱。以上内容仅供提升交 流，不构成投 资建 议，不作为投 资 决策的依据，据此执行，风险 自担，股 市有风 险，投 资 需谨 慎
"
今天干共进股份,1,308,我来验牌,07-17 15:22,"共进股份冲
"
紧急复盘，重点看电力方向,4,1254,金陵琅琊中路江左梅郎,07-17 15:22,"今天建华电辽能的底仓湖南发展如果板了，会加仓
"
7月17日涨停板复盘,0,1227,庐州的老汪,07-17 15:21,"今日涨停个股共32只
https://i5.hoopchina.com.cn/7527f036a34ef6a9691f6dae3b220e80_w_1728_h_695_.png?x-oss-process=image/resize,w_800/format,webp
https://i10.hoopchina.com.cn/2c58e4caaedc8123fa923b1f99694f89_w_1115_h_8049_.jpg?x-oss-process=image/resize,w_800/format,webp
https://i5.hoopchina.com.cn/7527f036a34ef6a9691f6dae3b220e80_w_1728_h_695_.png?x-oss-process=image/resize,w_800/format,webp
https://i10.hoopchina.com.cn/2c58e4caaedc8123fa923b1f99694f89_w_1115_h_8049_.jpg?x-oss-process=image/resize,w_800/format,webp"
感觉自己买的票要起飞了，哈哈哈,15,6448,hupu_276c652fbd2d3bf3,07-17 15:20,"
"
7.17 空仓等待见顶信号!,3,2140,yan是艳丽的艳,07-17 15:20,"目前持仓：新：出：时空科技，鹏鼎控股，中科曙光，紫光股份你割肉了吗？今天把昨天前面拿着的四只票全部都卖掉出来了，然后今天也没新入票了，现在的市场行情实在是太极端了，全面杀跌的状态，在这种行情下，反而去买就是亏的状态，所以最好的策略就是空仓等待，等待市场完全见底后再来操作。现在的市场杀跌其实就是已经非理性的状态了，本多票本身其实都是非常好的，但是无奈市场杀跌，很多都是被错杀的状态，还有很多当天涨停，第二天可能又出现跌停然后被套的情况，没有任何的操作空间。所以最好的策略就是清仓，然后空仓等待，等大盘完全出现见底的信号，在来操作。
https://i11.hoopchina.com.cn/hupuapp/bbs/471/115438471/thread_115438471_20260717144935_s_428198_o_w_1320_h_2767_21542.jpg?imageMogr2/format/webp/auto-orient?x-oss-process=image/resize,w_800/format,webp
https://i11.hoopchina.com.cn/hupuapp/bbs/471/115438471/thread_115438471_20260717144935_s_428198_o_w_1320_h_2767_21542.jpg?imageMogr2/format/webp/auto-orient?x-oss-process=image/resize,w_800/format,webp"
这特么a股是人能玩的么，先操为敬,1,1219,虎扑JR2102859067,07-17 15:18,"
"
五十万实盘，就差一个涨停就能回本了，兄弟们,10,3012,yu生活比个耶,07-17 15:18,"今日早盘售出中兴x讯，尾盘购入四川x虹，老板们给我力量。
https://i5.hoopchina.com.cn/a4364ebf72c887224e1c31449c846211_w_1272_h_2482_.jpg?imageMogr2/format/webp/auto-orient?x-oss-process=image/resize,w_800/format,webp
https://i10.hoopchina.com.cn/d23ad51933c738b168f220a5489e7fa1_w_1272_h_2408_.jpg?imageMogr2/format/webp/auto-orient?x-oss-process=image/resize,w_800/format,webp
https://i5.hoopchina.com.cn/a4364ebf72c887224e1c31449c846211_w_1272_h_2482_.jpg?imageMogr2/format/webp/auto-orient?x-oss-process=image/resize,w_800/format,webp
https://i10.hoopchina.com.cn/d23ad51933c738b168f220a5489e7fa1_w_1272_h_2408_.jpg?imageMogr2/format/webp/auto-orient?x-oss-process=image/resize,w_800/format,webp"
5%年化理财第362天，终于回本了,2,965,努力回本中的韭菜,07-17 15:18,"今天大盘大跌，最后把红利也带熄火了，但是不亏就是赚了，很满足。
https://i3.hoopchina.com.cn/9e04864389b58a8b3532b5942625eb9e_w_1200_h_3724_.jpg?imageMogr2/format/webp/auto-orient?x-oss-process=image/resize,w_800/format,webp
https://i3.hoopchina.com.cn/9e04864389b58a8b3532b5942625eb9e_w_1200_h_3724_.jpg?imageMogr2/format/webp/auto-orient?x-oss-process=image/resize,w_800/format,webp"
50万实盘，早盘割肉四川长虹,0,631,yu生活比个耶,07-17 15:16,"早盘割肉昨日尾盘买入的四川长虹，今日尾盘买入指南针与华信永道，回本之路遥遥无期
https://i11.hoopchina.com.cn/afb3e54a5f7bfe33ada42e591f0fdbd2_w_1272_h_2342_.jpg?x-oss-process=image/resize,w_800/format,webp
https://i11.hoopchina.com.cn/afb3e54a5f7bfe33ada42e591f0fdbd2_w_1272_h_2342_.jpg?x-oss-process=image/resize,w_800/format,webp"
炒股心累了,0,454,特雷西麦克格雷迪无敌,07-17 15:08,"累觉不爱
"
周五股市分析讲解,19,1862,闲庭信步论市,07-17 15:07,"0012XX 开盘跟踪一下
"
科源制药领投企业航脑科技探索工作犬智能管理新路径,0,62,财迅通,07-17 15:04,"科源制药领投企业航脑科技探索工作犬智能管理新路径
"
0630实盘: +7200 六月+1%,9,4156,AlexPowPow,07-17 15:04,"最近的操作： 大号超声电子满仓三连板后跌停出，本来四连板我就能回本了，大盘26号大阴线导致主力被砸了16亿，直接干死了。不过好在今年的第一个连板票总算抓到了。目前32w，离回本还差4w。小号通过雅克科技等+30%，5w变7w了。后面就不是日更了，重要节点会更一下，大赚或者大亏都会更新
https://i3.hoopchina.com.cn/872C688EC96CFB7A51927D4D2C2F98B9_w_1260_h_2736_.png?x-oss-process=image/resize,w_800/format,webp
https://i3.hoopchina.com.cn/97515CB33AD5F361CC942BB84CB05274_w_1260_h_2736_.png?x-oss-process=image/resize,w_800/format,webp
https://i10.hoopchina.com.cn/A73F1B2FBFF3D1E30CFE3D8E18B356F6_w_1260_h_2736_.png?x-oss-process=image/resize,w_800/format,webp
https://i3.hoopchina.com.cn/872C688EC96CFB7A51927D4D2C2F98B9_w_1260_h_2736_.png?x-oss-process=image/resize,w_800/format,webp
https://i3.hoopchina.com.cn/97515CB33AD5F361CC942BB84CB05274_w_1260_h_2736_.png?x-oss-process=image/resize,w_800/format,webp
https://i10.hoopchina.com.cn/A73F1B2FBFF3D1E30CFE3D8E18B356F6_w_1260_h_2736_.png?x-oss-process=image/resize,w_800/format,webp"
前头部券商现某期货大佬旗下期货公司上班 有什么想问的,62,11201,shitmix,07-17 15:03,"
https://i5.hoopchina.com.cn/hupuapp/bbs/235/16729235/1758535429_375143IMG_3496_w_281_h_500_.gif?x-oss-process=image/resize,w_800/format,webp
https://i5.hoopchina.com.cn/hupuapp/bbs/235/16729235/1758535429_375143IMG_3496_w_281_h_500_.gif?x-oss-process=image/resize,w_800/format,webp"
20260717-（50722/80000）,0,215,Weir丶Carl,07-17 15:03,"只能说国家队太厉害了，图形也一样；不得不说很强啊后面如果能逐步回来的话，后面不能满仓了
"
买入当天必涨的短线牛股,27,3106,继续向前2026,07-17 15:03,"大盘下跌，其实一样有很多短线机会。如果有合适目标，就在开盘前贴出来供大家参考。
"
2026年虎扑比惨大会正式开始了,0,509,证券开户哥2号,07-17 15:02,"这周真的太难了😫，每天都是深水，有没有亏嘛的老哥发发收益图
"
今天中际大跌是这个原因吗？比亚迪卷完汽车来卷光模块，最终中国所有赚钱行业的下场都是光伏吗？,1,1656,李阳疯狂英语课,07-17 15:02,"
https://i10.hoopchina.com.cn/66ec32f23bc918c151422f5860390160_w_1272_h_2772_.jpg?x-oss-process=image/resize,w_800/format,webp
https://i10.hoopchina.com.cn/66ec32f23bc918c151422f5860390160_w_1272_h_2772_.jpg?x-oss-process=image/resize,w_800/format,webp"
新手炒股 忧伤7月,56,4220,耿直的斑马,07-17 15:01,"7月份开始加仓，加仓就被毒打。7.10 从盈利+1.5w 变成-5000。真的吐血抛了涨飞不抛跌停好难受
https://i10.hoopchina.com.cn/569e7847297eb54ca5a8cf07fb64f4ec_w_1424_h_2976_.jpg?x-oss-process=image/resize,w_800/format,webp
https://i10.hoopchina.com.cn/569e7847297eb54ca5a8cf07fb64f4ec_w_1424_h_2976_.jpg?x-oss-process=image/resize,w_800/format,webp"
7.17 老登要登台了？,0,942,陈无双,07-17 14:57,"回顾下昨天的：海外链进入补跌而不是加强，那么只能被动闪人。医药调整后回流，依旧不看结束。交换机方向还是比较强。连板，低价小票霸榜。今天市场和指数泥沙俱下先是海外链带崩一切然后科技继续A整个市场向下崩塌下午中际快跌停的时候属于最恐慌的时候触发量化买盘但这里要注意的是，本轮科技牛市已经持续很长时间了有可能未来是反弹后继续调整杀跌在这轮科技牛市中，老登方向一直是阴跌没涨，所以科技暴跌是很难影响到老登方向并且以科技为首的高价股向下腰斩，以老登方向的低价股向上的连板所以打算多看看老登方向，以及超短连板
https://i5.hoopchina.com.cn/editor/25e3e6746dab9cb394e059e3f488e247_w_1047_h_336_.png?x-oss-process=image/resize,w_800/format,webp
https://i5.hoopchina.com.cn/editor/25e3e6746dab9cb394e059e3f488e247_w_1047_h_336_.png?x-oss-process=image/resize,w_800/format,webp"
科源制药领投企业航脑科技探索工作犬智能管理新路径,0,222,财迅通,07-17 14:55,"
"
提前更新了,3,838,溜溜球小号,07-17 14:54,"
https://i11.hoopchina.com.cn/8D6E8100A48DB1590C8866C706DFF478_w_1284_h_2778_.png?x-oss-process=image/resize,w_800/format,webp
https://i5.hoopchina.com.cn/BC8C110204D5587581150615A1D30D50_w_1284_h_2778_.png?x-oss-process=image/resize,w_800/format,webp
https://i11.hoopchina.com.cn/8D6E8100A48DB1590C8866C706DFF478_w_1284_h_2778_.png?x-oss-process=image/resize,w_800/format,webp
https://i5.hoopchina.com.cn/BC8C110204D5587581150615A1D30D50_w_1284_h_2778_.png?x-oss-process=image/resize,w_800/format,webp"
当前市场主线赛道是什么？,5,1778,三井抽,07-17 14:54,"半导体，光模块，风电，医药哪个行情持续性更高，怎么区分短期题材炒作和长期产业行情，避开一日游板块。
"
10到400真的不难？炒股最后拼的不是技术，是生活与心态的平衡。,1,724,虎扑JR1088531024,07-17 14:51,"当初，我就是个朝九晚五正常上班的电商人，不搞职业炒股，平时下班回家陪家人吃饭、遛遛狗，只有午休和睡前抽时间复盘。十几年前刚入市，手里就十万闲钱，那时候年轻心气高，满仓追热点，心态脆弱得离谱。那会儿晚上吃完饭坐在电脑前盯盘，亏几千块都能失眠，翻来覆去跟家里人闷头不说话，老婆总吐槽我炒个股票搞得整个人阴晴不定，一点波动就影响生活情绪。后来踩遍所有坑，满仓踩雷、半山腰抄底、大跌割在最低点，亏到一度不敢打开账户。慢慢学着平衡生活和交易，不再把炒股当成一夜暴富的捷径，一点点调整仓位、磨心性，资金才滚到现在四百多万。 现在持仓分四只票，单只最大仓位刚过百万，手里还压着一百多万可用现金，今天两大重仓跟着市场回调翻绿，只剩两只小票红盘撑场面。换以前我肯定坐立难安，昨天抽空看一眼盘面，心里没多大波澜。身边不少股友今天彻底慌了，要么急着割肉兑现浮亏，要么上头无脑补仓摊成本，网上到处都是 “放平心态长期持有” 的空话，真看着账户飘绿的时候，半点儿用都没有。今天不说虚头巴脑的鸡汤，全是我曾经一边上班养家、一边从10w万做到 400 w，好几轮熊市跌出来的实在心法，大跌行情怎么稳住心态，不做毁掉本金的傻操作。个股已打码，一是怕官方觉得我指导，二是怕有人乱跟。以下都是交流，不作为实质性建议。早年小资金那段时间，我最大的毛病就是股票和生活完全绑定。涨一点就飘，跌一点一整天工作走神，开会走神、回家跟家人没耐心，完全被盘面牵着走。资金体量上来之后，我最先想通两件事：1、账面浮亏不等于真金白银赔钱。今天四万多回撤只是纸面数字波动，只要我不卖出，亏损就不会落地。账户整体到现在还是正向盈利，只是短期行情回调，根本没伤到本金根基。很多散户焦虑，就是死盯着当天的绿色数字，忽略长期收益曲线，一天下跌就自我否定，连带着日常生活都郁郁寡欢，得不偿失。2、分层控仓，从根源减少恐慌。也不影响生活 看我的持仓结构就能看明白，我从来不会单票梭哈赌行情，四只个股分散配置，预留百万级现金兜底。这都是当年满仓踩雷亏出来的教训，手里留足现金，就算市场连续下跌，我也不用被迫割肉离场，不用晚上辗转反侧失眠。绝大多数人一跌心态炸裂，根源就是仓位压太满，没有容错空间，行情一波动，整个人的生活状态全乱套。普跌行情里心慌、不甘心、害怕亏损是所有人的本能，光靠自我开导没用。必须用硬性规则约束自己，避免影响工作和生活：1、账户单日回撤超 1%，当日直接锁仓。禁止任何买卖操作 这是我给自己定死的铁律，今天账户刚好回撤 1.02%，全天只简单看盘复盘，一笔单子都没动。市场单边走弱时，负面情绪会彻底扭曲判断，90% 的大额亏损，都是下跌途中情绪化加仓、恐慌止损造成的。管住手，下班该陪家人陪家人，不用整晚盯着盘面内耗。2、单独拆解每只持仓逻辑，别被大盘全盘带悲观。不要看见大盘一片绿，就认定手里所有票都没价值。 我今天持仓分化很明显：两只重仓只是跟随市场情绪回调，个股基本面、行业逻辑没有任何利空；剩下两只小票依旧盈利，走势独立于大盘。大盘下跌只是全市场情绪宣泄，盲目恐慌抛售，很容易卖在低位丢掉优质筹码，事后还要为错误操作懊悔好几天。3、建仓前提前划定盈亏阈值，下跌不用临时纠结内耗。每一只股票买入之前，我都会提前规划好正常震荡区间、止损、加仓点位。3%-5% 以内的浮亏都属于正常波动，不会轻易减仓；只有公司爆出实质性利空，才会考虑离场。提前有清晰标准，盘中不用反复纠结犹豫，上班不用分心胡思乱想。新手最容易钻死胡同，总幻想账户曲线一路向上。一丁点回撤都无法接受，把炒股当成生活全部，盈亏完全左右自己的喜怒哀乐。 从10w做到400w，我的收益曲线从来不是直线上涨。中间经历过好几轮深度熊市，多次出现单日、单周大幅回撤。我能长期稳定跑赢市场，不是我能精准躲开每一次下跌，而是我不会在下跌阶段做出毁灭性操作，更不会让股票亏损搅乱自己正常的家庭生活。普通人炒股亏钱，很少是亏在行情下跌本身，都是跌了之后乱操作：恐慌割在底部、越跌越补越套越深、频繁换股来回损耗手续费。短期账面浮动亏损可控，但情绪化操作带来的永久性本金亏损，以及被涨跌裹挟的糟糕生活状态，才是交易最大的双重损耗。说到这，忍不住感慨：世上真正对普通人最公平的赛道，其实只有两条：高考、股市。 不靠人脉、不拼背景，只看认知和执行力。就拿我自己来说，从10w滚到400w，从来不是随大流跟风赚钱。市场里绝大多数人都是群体思维，没有独立判断，行情一波动就人云亦云、随风摇摆。这也是为什么80%的人永远赚不到大钱：平庸的从众本能，注定锁死自己的上限。 我也真心想把自己这十几年摸爬滚打的实战心得、踩坑教训和交易心法，毫无保留地分享出来，但是一篇文章，无法承载太多。此前我寻得一处乐土，在那里我也好施展拳脚。如果你实在迷茫，请在发鹏友泉的地方，co 和 y 后面跟着 45 最后是 21。我混迹股市这么多年，看过太多人学指标、学打板、学复盘，学遍所有技术，依旧稳定亏钱。真正拉开差距的，是大跌时的认知层级。散户的思维是：跌了=我错了=要赶紧跑=必须马上回本。成熟交易者的思维是：市场波动是常态=逻辑没破就不动=现金在手就有主动权。很多人心态崩，是因为把股市当成“赌博翻盘的工具”，总想快速赚钱、证明自己。而我现在把炒股当成长期资产配置，是副业、是理财、是资产增值手段，不是赌命博弈。我有稳定工作、有正常收入、有家庭兜底，根本不需要靠一两天的行情证明自己。正是这种“不靠股市吃饭”的心态，让我在大跌时拥有绝对主动权。职业股民怕跌，因为每天要计提生活成本；上班族股民反而最有优势，只要不慌、不乱、不瞎操作，时间永远站在你这边。这是我十几年交易生涯最深刻的感悟，也是生活给我的答案。早年炒股，我是股票大于生活：涨了狂喜、跌了自闭，熬夜复盘、情绪内耗，赚钱舍不得花，亏钱彻夜自责，炒股炒得身心俱疲，家人跟着受委屈。现在我是生活大于股票：400万账户也好、4万回撤也好，它只是我资产的一部分，不是我人生的全部。该上班认真上班，该陪孩子好好陪伴，周末该休息休息。股市永远不缺机会，但家人的陪伴、自己的身心健康、安稳的生活，错过了就再也回不来。很多人本末倒置：为了不确定的股市收益，透支确定的生活质量。天天焦虑、夜夜失眠、追涨杀跌、患得患失，最后钱没赚到，身体垮了、心态废了、家庭氛围差了。真正的顶级交易心态，不是永远赚钱，而是：赚得起，也亏得起，拿得住，稳得住，不被市场左右人生。
https://i11.hoopchina.com.cn/editor/3017dfcf02beadc03cfa0223c5ae4a3e_w_417_h_508_.png?x-oss-process=image/resize,w_800/format,webp
https://i11.hoopchina.com.cn/editor/3017dfcf02beadc03cfa0223c5ae4a3e_w_417_h_508_.png?x-oss-process=image/resize,w_800/format,webp"
下午怎么突然崩了啊，是梁文峰在砸盘吗？,1,1682,三足鸟,07-17 14:47,"
"
下午怎么突然崩了啊，是梁文峰在砸盘吗？,1,1682,三足鸟,07-17 14:47,"
"
下午跳了三万多。。,60,24115,佛曰丶不可狂,07-17 14:33,"
https://i3.hoopchina.com.cn/a49c659fe6288b9a0d59415c545bfcd4_w_1200_h_2608_.jpg?imageMogr2/format/webp/auto-orient?x-oss-process=image/resize,w_800/format,webp
https://i5.hoopchina.com.cn/c87f664fab4f48ddf8d1890391589f73_w_1200_h_2608_.jpg?imageMogr2/format/webp/auto-orient?x-oss-process=image/resize,w_800/format,webp
https://i1.hoopchina.com.cn/39a57438562caffe757455d4df915d16_w_1200_h_2608_.jpg?x-oss-process=image/resize,w_800/format,webp
https://i3.hoopchina.com.cn/a49c659fe6288b9a0d59415c545bfcd4_w_1200_h_2608_.jpg?imageMogr2/format/webp/auto-orient?x-oss-process=image/resize,w_800/format,webp
https://i5.hoopchina.com.cn/c87f664fab4f48ddf8d1890391589f73_w_1200_h_2608_.jpg?imageMogr2/format/webp/auto-orient?x-oss-process=image/resize,w_800/format,webp
https://i1.hoopchina.com.cn/39a57438562caffe757455d4df915d16_w_1200_h_2608_.jpg?x-oss-process=image/resize,w_800/format,webp"
今天有汪汪队抄底了,2,2426,十方元年,07-17 14:33,"被他们玩明白了高卖低买 反复收割
"
0717收评 | 调整好心态，重新再来,0,132,韩叔聊投资,07-17 14:31,"欢迎JRs收听今日的播客
"
为了补科技，走了一半，😑,0,1258,图书馆管理元,07-17 14:30,"为了补科技，走了一半，😑
https://i3.hoopchina.com.cn/E6C7502D5A6855224AE65518F609EA48_w_1179_h_2556_.png?x-oss-process=image/resize,w_800/format,webp
https://i3.hoopchina.com.cn/E6C7502D5A6855224AE65518F609EA48_w_1179_h_2556_.png?x-oss-process=image/resize,w_800/format,webp"
长电这是在给希望吗？,4,1754,hupu_276c652fbd2d3bf3,07-17 14:29,"
https://i5.hoopchina.com.cn/59827e8bc963ef5b96d11694e209a617_w_507_h_691_.jpg?imageMogr2/format/webp/auto-orient?x-oss-process=image/resize,w_800/format,webp
https://i5.hoopchina.com.cn/59827e8bc963ef5b96d11694e209a617_w_507_h_691_.jpg?imageMogr2/format/webp/auto-orient?x-oss-process=image/resize,w_800/format,webp"
"""缩量上涨必将暴涨，缩量下跌必将暴跌""，此文很短很深，值得细品",0,1414,虎扑JR0046664004,07-17 14:29,"在股市技术分析的世界里，成交量和价格的关系，是所有指标中的“太上皇”。几乎每一个成熟交易者的工具箱里，都是以量价分析为基础的。没有什么比量价关系更直接、更真实、更难以造假。市场上流传着一句被反复验证的老话：“缩量上涨必将暴涨，缩量下跌必将暴跌。 ”这句话听起来像是一句简单的口诀，但背后却藏着股市最核心的运行逻辑。今天，我们就来彻底拆解这个口诀的精髓，理解透了，你的盘感将提升不止一个层次。一、量价的核心逻辑：油门与车速为了更好地理解量价关系，我们可以把成交量比作汽车的“油门”，把价格比作车辆的“前进距离”。成交量是真实成交堆砌出来的换手与人气——放量代表场子热了，多空分歧在加大；缩量则代表市场达成了某种共识，或者是无人问津。所谓的效率，就是观察“油门”与“距离”是否匹配。如果同样的油门踩下，车子跑得越来越远，说明市场合力向上；如果油门踩到底，车子却只能向前蠕动，这说明有巨大的力量在阻碍前进——也就是强大的卖盘在接住买盘，这说明潜在的下跌风险正在积聚。二、涨跌的本质区别：位置的绝对重要性量价分析中有一个金科玉律：位置决定属性。同样的缩量上涨，在低位和高位的含义是完全相反的。（一）低位缩量上涨——轻如羽毛，一飞冲天当一只股票经历了长期、深度的下跌，所有想抛售的人都抛得差不多了，筹码已经极度沉淀。此时场内的抛压非常小，就像一间房子里该走的人都走了，只剩下几个坚定的留守者。主力只需要很小的资金——轻轻踩一下油门，股价就能像羽毛一样轻盈地飘起来。这种“低位缩量上涨”，如果出现在长期筑底后的启动初期，往往是高度控盘的标志。主力筹码锁定得很好，不需要持续天量就能推动股价，后续往往酝酿一波大行情。对于这种股票，你要做的就是在启动初期积极参与，因为当所有人都看明白行情启动的时候，量能会急剧放大，价格也会加速上行。案例：某消费白马股在经历长达6个月的下跌与横盘筑底后，于底部平台连续出现低量小阳线，股价温和向上攀升但成交量并未显著放大。三个月后，该股在主升浪中实现了翻倍涨幅，早期的低量小阳线正是主力悄悄建仓完毕、股价即将“起飞”的信号。（二）高位缩量上涨——惯性滑行，风险陡增同样是缩量上涨，如果股价已经翻倍甚至翻了好几倍，情形就完全不同了。在高位出现缩量上涨，有两种可能。一种是主力高度控盘的妖股走势。主力锁定了绝大部分筹码，用极小的成交量就能拉升股价，这种无量飙升多见于妖股加速阶段。但这种行情一旦主力出货完成，往往以连续跌停的方式结束，风险极大。绝大多数散户根本来不及跑。另一种则是“惯性滑行”——涨得很费劲，就像车子没油了靠惯性往前冲一下。这说明市场跟风盘已经衰竭，买盘不足，后续随时可能断崖下跌。在高位见到缩量上涨，必须将5日均线设为首要防线。只要不破5日线，可以“让利润奔跑”；一旦股价跌破5日线，必须无条件清仓——这时候的第一要务不是赚取最后一枚铜板，而是保住之前到手的利润。遍览大a，已找到第二只哈药，找葳※ZSW2738三、量价口诀深度拆解：缩量之后会发生什么“缩量上涨必将暴涨”的逻辑推导如下：在上涨初期出现了缩量，说明主力资金没有遇到明显的抛压，或者主力本身已经高度控盘，不需要花钱拉抬就能维持涨势。这种情况下，后续只要量能温和放大（从缩量变成温和放量），就是对趋势的确认和加速。当更多资金看到趋势走好、开始跟风入场时，就会形成第二波量能推动的上涨，出现加速飙升的“主升浪”。反过来，也可以这样理解：“缩量”意味着市场分歧小、抛压小，多头只需很小的力量就能推动价格。在一个向上的趋势中，如果连卖盘都不愿离场，当买盘稍一发力，股价必然会快速上行。“缩量下跌必将暴跌”的逻辑推导如下：股价下跌的过程，本质上是卖盘不断涌现的过程。如果在下跌过程中成交量是萎缩的，说明场外资金根本没有抄底的意愿。所有人都只看不买，形成了“买盘真空”。想象一支股票正在下跌，成交量一天比一天小。它就像一个从悬崖上坠落的人，下坠过程中越来越快，但周围却无人伸手去接。当抛压持续而买盘消失时，唯一能阻止下跌的力量就是卖盘的衰竭。但如果卖盘一直没有衰竭，股价就会在没有支撑的情况下持续下行，这就是“缩量阴跌”。正如那句市场的残酷警示：“你抄它的底，它抄你的家。
"
亏光18万本金后，我才听懂MACD说的两句“人话”,0,1100,易山居士,07-17 14:28,"炒股前6年，我把K线图当藏宝图，把技术指标当密码本，结果是18万变成了11万。后来我才明白——我亏钱不是不够聪明，是太想赚快钱，以至于听不见指标在喊救命。直到我把MACD的“鬼画符”翻译成两句人话，账户才从11万开始翻身，最终摸到700万的门槛：第一句人话：当DIFF爬到80以上，那是市场在发“酒疯”。以前看到高位金叉，我总觉得还能涨，结果往往是最后的狂欢。现在我把它当成发酒疯的警笛——酒劲越大，离散场越近。这时候我绝不开新仓，只默默把利润装进口袋。哪怕卖完继续涨，我也不后悔，因为那不是我认知内的钱。第二句人话：当DIFF砸到-20以下，那是市场在“装死”。以前看到连续暴跌，我吓得连夜挂跌停板割肉。后来我发现，当DIFF低于-20且绿柱开始变短，往往是主力在借恐慌吸筹。这时候我会像捡贝壳一样分批低吸，不追求买在最底部，只求买在“恐慌衰竭”的区域。我的转折点： 从“我听市场的”变成“我听规矩的”。这12个字最大的价值不是预测涨跌，而是把我从情绪过山车上拽了下来。当我机械执行“高于80不买、低于20不卖”时，仓位自然就轻了，心态自然就稳了，盈利反而成了副产物。我炒股到现在13年了，从18w本金赚到1300w，死记12个字“低于20满仓买，高于80满仓卖”几乎捕捉到所有的持仓涨幅!到现在以炒股养家。可以说，市场80%的方法技术我都用过，但最实用的，还是看MACD*的方法“如果你想把股票当做第二职业，用来养家糊口，那么你必须认真学习这篇文章，至少让你少走10年弯路。不啰嗦上干活：一、大盘趋势篇（4条）：先看大势，再做个股很多人一开盘就盯着个股，完全不管大盘环境，这是亏损第一根源。所有个股行情，都依附于大盘整体趋势，逆势交易，再厉害的技术也难盈利。1. 大盘单边下跌趋势，市场普跌、资金持续流出，空仓就是盈利，不操作胜过所有操作。2. 大盘横盘震荡无明确方向，只小仓短线快进快出，绝不重仓长线死拿。3. 只有大盘多头趋势确立，赚钱效应回暖，板块轮动健康，再安心布局个股。4. 永远不与趋势作对，大盘走坏心存侥幸硬做，最终只会被系统性风险吞噬本金。二、选股核心篇（5条）：选对股，成功一半选股决定持仓底气，很多人从选股第一步就选错，专挑垃圾股、高位股、冷门股，后续再完美的买卖点都无力回天。5. 优先选择资金持续流入的主流热点板块个股，远离无人问津的冷门边缘个股。6. 不碰高位暴涨透支股，不接主力高位出货盘，不追已经翻倍的鱼尾行情。7. 坚决规避ST股、业绩暴雷股、高减持利空股、流动性极差小盘冷门股。8. 不迷信小道消息、大V荐股、内部利好，所有消息股90%都是陷阱。9. 选股重趋势、重资金、重基本面安全，不单纯只看单日K线漂亮盲目买入。三、买入操作篇（5条）：买点决定安全垫买入太早容易被套，买入太晚高位接盘，买入随意全凭冲动，买点不对，全程被动。10. 绝不盘中冲动追高，不看到大阳线拉升就无脑满仓进场。11. 只在支撑位置低吸，不在压力位置追涨，低位有支撑才具备买入价值。12. 没有明确入场信号、没有趋势确认、没有企稳形态，坚决不提前抄底。13. 不盲目左侧抄底下跌趋势个股，抄底大多抄在半山腰。14. 买入之前先想好止损位，没有风控底线的交易，一律不做。四、仓位管理篇（5条）：仓位决定生死股市里，技术排第二，仓位排第一。无数高手死于重仓梭哈，无数散户亏在满仓赌一只票。15. 永远不满仓梭哈一只个股，单一标的仓位绝不超过总资金三成。16. 行情不确定、信号模糊时期，轻仓试探，不重仓豪赌。17. 趋势明确、信号完美、盈亏比极高时，再合理加仓，不盲目追涨加仓。18. 大盘弱势、震荡行情，全程极低仓位甚至空仓，严控风险。19. 亏损不加仓、越跌越补是大忌，下跌途中补仓只会越套越深。五、持有持仓篇（4条）：拿得住利润，守得住心态很多人买股小赚就跑，持仓稍微回调就恐慌割肉，拿不住主升浪，频繁换股来回损耗。20. 中期上涨趋势未破，没有破位信号，安心持有，不被短期震荡洗盘出局。21. 不频繁做短线小差价，过度日内操作，只会吃掉本金、磨损心态。22. 不因为单日小幅涨跌焦虑，忽略短期杂波，只看大周期趋势结构。23. 不盲目长期死拿，个股趋势走坏，没有长期持有价值。六、卖出止盈止损篇（5条）：会卖才是真高手股市新手会买，高手会卖。90%散户盈利变亏损，全是卖点出了问题。24. 达到预期盈利目标，分批止盈落袋，不贪心吃到最后一个铜板。25. 高位滞涨、见顶信号出现，果断离场，不幻想继续冲高。26. 触发止损底线，无条件果断卖出，不拖延、不扛单、不幻想反弹。27. 破位之后的反弹都是逃命机会，不是新机会，借机清仓不犹豫。28. 盈利可以回撤，但本金绝对不能出现大幅度深套。七、心态人性篇（4条）：炒股最终修的是人心所有技术、战法、铁律，最终都败给人性的贪婪与恐惧。克服心魔，才能稳定盈利。29. 不追涨杀跌，不盲目跟风，别人疯狂我谨慎，别人恐慌我理性。30. 交易不情绪化，连续亏损之后立刻空仓休息，调整心态再交易。31. 不嫉妒别人暴利，不攀比收益，只赚自己能力圈内的确定性利润。32. 不急于一夜暴富，股市盈利靠复利积累，不靠单次豪赌翻倍。八、综合避坑终极篇（4条）：终身坚守的底层底线这四条是所有铁律的根基，只要守住，基本不会在股市大亏。33. 股市没有百分百必赚战法，所有交易都有风险，永远敬畏市场。34. 不频繁交易，没有机会就空仓等待，出手少而精远好于乱出手。35. 不借钱炒股、不加杠杆炒股，杠杆会放大风险，瞬间摧毁全部本金。36. 永远不重复犯同一个错误，每一次亏损都要复盘总结，不断完善交易。真实散户血泪案例：不守铁律亏光本金，严守规则稳步盈利我身边有两个炒股多年的朋友，资金起步相近，结局天差地别，完美印证这36条铁律的重要性。第一位朋友，入市五年，完全无视所有交易纪律。满仓梭哈、追高妖股、听消息炒股、下跌死扛不止损、盈利贪心不止盈、越跌越补仓、大盘下跌依旧天天交易。五年时间，本金亏损大半，炒到最后心态崩溃，依旧不知道自己错在哪里，每天都在重复犯错。另一位老股民，严格遵守我这套交易铁律。顺势操作、合理分仓、买点低吸、破位止损、到位止盈、空仓等待机会、不碰风险股、不加杠杆。不追求短期暴利，只做确定性机会，每年收益稳定复利，几年时间账户稳步增长，几乎没有大幅度亏损月份。现实里绝大多数散户，都和第一位朋友一模一样。明明有无数可以规避风险的规则，却全部抛之脑后，任由贪婪恐惧主导交易，每一次亏损都觉得是运气问题，从不在自身纪律上找原因。股市最残酷的真相就是：市场从不惩罚遵守规则的人，只放纵肆意妄为的人。为什么这36条铁律，能让你少走10年弯路？很多人觉得，炒股需要高深技术、独家战法、精准指标、内幕消息。等你真正悟道才明白，股市赚钱根本没有玄学秘籍。所有顶级高手的交易体系，拆开来看，全都是一条条简单、枯燥、必须严格执行的铁律。指标会过时，战法会失效，热点会轮动，主力骗线层出不穷，唯独交易纪律永远通用。这36条铁律，覆盖了你从开盘选股、买入、持仓、加仓、止盈、止损、仓位、心态全部环节，把散户所有致命漏洞全部堵上。不用你钻研复杂理论，不用你熬夜研究K线，不用你到处寻找牛股，只要背熟、刻进骨子里、每一次交易严格对照执行，冲动交易、盲目追高、重仓深套、低位割肉、盈利回吐、逆势操作这些问题全部都会消失。新手刚入市，背熟可以直接建立完整交易框架，避开入门所有大坑；老股民常年亏损，背熟可以纠正多年坏习惯，重塑自己的交易系统，摆脱亏损循环。最后总结股市是一场漫长的修行，拼到最后从来不是技术高低，不是消息多少，不是盘感多强，而是自律、规则、底线、心态。这36条炒股铁律，没有华丽辞藻，全是真金白银亏出来的经验。你不用全部一次性吃透，每天记几条，慢慢融入自己的交易，每一次下单之前对照一遍，严格约束自己的操作。坚持一段时间你就会明显发现：账户亏损变少，盈利变稳，不再频繁被套踏空，交易越来越轻松。永远记住：在股市，先学会不亏，再去追求盈利；先守住本金，再博取收益。敬畏市场，严守纪律，复利自然而来。以上内容仅供学习交流，不构成投资建议，不作为投资决策的依据。股市有风险，投资需谨慎！
"
今天你们如何？欢迎吹牛逼,4,1120,股摸西,07-17 14:26,"
"
各位 今天是不是到了要问要不要割肉清仓的时候了？,18,5806,MOMOUR,07-17 14:21,"有没有懂的分析一下大趋势 牛走了吗？这是已经破位了吗？是不是今天就要清仓割肉？还是再看看，还能回头？这大a她跟跌不跟涨啊 涨起来没我们的事 跌起来一点不少。
"
全球股市再次集体下跌，A股何时能够出现反弹？主要说几点：,3,1845,北鸣授渔,07-17 14:19,"1、昨夜美股科技股集体下跌，美股光通信、半导体还有存储芯片继续调整。今天日经225指数开盘就大跌，虽然韩国股市休市，但看到美股、日经指数双双大跌，A股也很难独善其身。所以，今天A股低开后继续大跌也不用惊讶，本身近期市场就持续走弱，很明显还处在寻底阶段。2、复盘全球股市不难发现，这一轮调整并非只有A股。韩国股市去杠杆，科技股大幅下挫；日经225指数自高位开启趋势性下跌；美股前期大涨的存储等科技股，也基本见顶回落。A股双创板块走出清晰的顶部形态，大盘指数更是早已提前进入调整。换句话讲，这一轮属于全球科技股共振下跌。背后核心逻辑：全球科技股此前同步涨幅巨大，AI赛道交易拥挤，资金开始重新审视高位科技股估值，同时担忧AI资本开支前景。这也是全球高位科技股泡沫松动破裂的关键原因。可惜不少股民、散户以及基民，前期被行情裹挟，高位被套，迟迟没有执行止盈止损。本轮大量高位科技股短期走出A杀行情，也算给偏爱追涨的新手股民、基民上了一堂深刻的课。 也让大家真正明白，资本市场没有永远上涨的品种，只有周期与波段。3、当下高位科技股持续去泡沫、大幅杀跌，各大板块很难抵御流动性冲击，很多人想问 A股何时能够迎来反弹。我清楚现在不少人都盼着市场快速回暖，但现阶段止跌反弹，不是单纯依靠预判就能兑现。市场已经出现多杀多局面，今日放量下跌，代表恐慌盘正在割肉离场。目前不敢断言这就是最后一轮杀跌，盘面暂时看不到明显的主动做多信号。只能提醒大家继续控制仓位，学会观望休息。实话实说，风险我已经提示很久，能听进去的人早就做好应对。到现在依旧茫然无措的，再多解释也很难理清思路。今天不只是抱团硬科技持续走弱，近期逆势走强的医药板块，同样有资金借势兑现离场。很多投资者当下两头受挫，道理其实很简单：一开始不相信科技抱团行情终结，又看不上底部医药的机会，认为上涨只是一日游。等到越来越多人察觉到高位科技回调风险，同时看见医药不断走高。于是割肉科技，转头在医药大涨高潮阶段追高进场，和当初低位割肉蓝筹、在科技行情最疯狂时进场的那批人，本质上如出一辙。周三创新药大涨的时候我就聊过，创新药自底部走出上行趋势，但还没上车的人记住一点：趋势行情尽量逢阴线低吸，不要在大涨高潮阶段盲目追涨。事后再看，每当市场情绪狂热、众人急于进场的时候，往往风险远大于机会。4、这一波行情，不管指数还是个股，蓝筹、成长标的普遍跌幅不小。即便如此，现阶段依旧要把风险防御放在首位。高位成长标的哪怕回撤幅度巨大，不代表估值已经足够便宜；低位蓝筹虽然持续下跌，也不意味着短期内就能快速反转拉升。能空仓观望就继续休息，持有轻仓的保持现有仓位。这番话我持续说了一个多月，我认为反复提醒很有必要。至少能够让一部分人保持理性、管住手、守住本金。当然，如果后续大盘指数再度回踩跌破3800点，不必过度恐慌，可以对指数中长期保持一点信心。认可的朋友麻烦点赞，点个关注。
"
跌完静下心 聊聊投资的选择,0,678,景行博远,07-17 14:15,"今天行情波动，翻到书里这段挺有感慨。其实路从来都是自己选的：做长期价值投资，就耐住寂寞忽略短期涨跌；抱着侥幸去博弈投机，那结果也该自己承担。投资是场和人性的长期博弈，怎么走，主动权一直在自己手里。
https://i11.hoopchina.com.cn/3c2c6048d251fb59554368d6e50747db_w_1200_h_1578_.jpg?imageMogr2/format/webp/auto-orient?x-oss-process=image/resize,w_800/format,webp
https://i11.hoopchina.com.cn/3c2c6048d251fb59554368d6e50747db_w_1200_h_1578_.jpg?imageMogr2/format/webp/auto-orient?x-oss-process=image/resize,w_800/format,webp"
提前更新，被气笑了07.10,266,69105,衣染尘,07-17 14:08,"格局了一天，刚刚把能清的全清掉了。最近好像也有一次，早上一度大红回本、收盘亏得像个孙子一样。今天又是如此。事到如今，不想骂市场、只想骂自己。这一轮科技周期，肉没吃到多少、挨大打却是家常便饭。认真想了想，我认为最主要的问题是：科技的玩法已经变了，我还在固守着以前所谓的强趋势。其实现在就应该是短线打法了，冲高就得走、下杀再接回来。今天下午休假了，虎扑估计也不想互动了。心情尚可，好好过个周末。等想清楚了再上仓位玩了！祝大家周末愉快！
https://i5.hoopchina.com.cn/185281124f8e9656dff973341908d1f5_w_2172_h_2352_.jpg?imageMogr2/format/webp/auto-orient?x-oss-process=image/resize,w_800/format,webp
https://i5.hoopchina.com.cn/185281124f8e9656dff973341908d1f5_w_2172_h_2352_.jpg?imageMogr2/format/webp/auto-orient?x-oss-process=image/resize,w_800/format,webp"
都给我全仓买进，4000 点全抛，今年股市就别碰了。,0,1059,父亲比他先跑路,07-17 14:06,"听我的，等你们到时候回来谢谢我。
"
研究者说 | 短程可控镇痛新方案来袭——氨酚羟考酮缓释片期临床研究深度解读,0,444,虎扑JR1979202252,07-17 14:05,"PART 01研究背景术后急性疼痛是临床最常见的需紧急处理的急性伤害性疼痛1。数据显示，骨科术后中重度疼痛发生率达48.7%2；睡眠障碍发生率高达65.7%~95.0%，易形成疼痛-睡眠恶性循环，延缓患者康复3。当前术后镇痛涵盖患者自控镇痛（PCA）、区域阻滞与口服药物等方式，其中PCA受成本、设备及活动限制，无法覆盖所有患者的连续镇痛需求4；药物治疗是疼痛治疗最基本、最常用的治疗方法，但现有药物仍存局限：非甾体类抗炎药存在胃肠道反应、肝损伤等风险，阿片类药物可致呼吸抑制、依赖，且不良反应随剂量增加而加重；同时，不少疼痛难以通过单一用药得到有效控制1。复方阿片类镇痛药物为临床提供了更平衡的镇痛方案。氨酚羟考酮为对乙酰氨基酚与羟考酮复方制剂，二者机制互补、协同增效，可减少单药用量及阿片类不良反应，是口服多模式镇痛的经典方案，获指南共识推荐用于术后中重度疼痛5。但临床常用即释剂型需每6h给药1次，夜间常需补救镇痛；且血药浓度波动明显，易增加不良反应，导致夜间疼痛反弹、爆发痛。与此同时，国家药监局、国家卫生健康委员会出台文件强化氨酚羟考酮制剂管理，而传统制剂无防滥用药学设计，在临床使用与药品管理层面需满足更高的标准要求。针对上述临床需求，苑东生物自主研发的2.2类改良型新药氨酚羟考酮缓释片，通过双层片双相释药技术实现“速释+缓释”协同，配套防滥用药学研究，兼顾快速起效、长效平稳镇痛与用药安全，也降低临床非医源性的处方流弊风险。其关键III期研究由中国医学科学院北京协和医院翁习生教授与四川省医学科学院・四川省人民医院杨孟昌教授牵头，联合全国20家中心开展，旨在系统评价氨酚羟考酮缓释片用于骨科术后中重度疼痛的有效性与安全性1。PART 02   研究方法本研究为多中心、随机、双盲双模拟、阳性药平行对照的非劣效Ⅲ期临床试验，入组240例骨科术后需阿片类药物镇痛的中重度疼痛患者，1:1随机分为试验组与对照组，以膝关节/非膝关节手术分层。双盲治疗期（48小时）：试验组服用氨酚羟考酮缓释片（2片/次，每12小时1次）+氨酚羟考酮模拟片（1片/次，每6小时1次）；对照组服用氨酚羟考酮片（1片/次，每6小时1次）+氨酚羟考酮缓释模拟片（2片/次，每12小时1次）。开放治疗期（最长7天）：双盲期结束后，所有患者统一使用氨酚羟考酮缓释片（2片/次，每12小时1次）。对于完整参与试验的患者而言，试验分为筛选期（D-7~D-1）、手术期（D0）、入组评估期（D1）、双盲治疗期（D1~D3）、开放治疗期（1~7天）和随访期（出组后7天[±1天]）。研究流程示意图如下：评价终点：主要疗效终点：首剂给药后48小时时间加权疼痛强度评分差值和（SPID48），非劣效界值设定为-48，用于判定整体镇痛效果；次要疗效终点：各时间点镇痛综合指标（SPID、TOTPAR、SPRID）、30%/50% 疼痛应答率、疼痛缓解与补救镇痛时效指标、患者用药频率满意度等；安全性终点：不良事件（AE）、严重不良事件（SAE）、特别关注不良事件（AESI，重点监测呼吸抑制）、生命体征、实验室检查、12导联心电图、阿片戒断反应量表（OWS）评分等。PART 03 研究结果一、基线与依从性情况本次试验最终239例患者接受试验用药并纳入全分析集（FAS）与安全分析集（SS）。两组患者在年龄、性别、手术类型、ASA分级、疼痛评分等基线资料上均衡可比。双盲治疗期整体用药依从性良好，试验组91.67%、对照组89.92%患者用药依从性处于80%~120%合理区间。二、疗效结果（一）. 主要疗效终点——非劣成立，多种分析方法显示“优势趋势”研究采用多种统计学分析开展主分析与多维度敏感性分析，同时开展补充验证，所有分析结果趋势完全一致，基于多重填补协方差分析，试验组SPID48最小二乘均数为141.89（95%CI：135.35，148.42），对照组为136.81（95%CI：130.22，143.39）；两组组间差值为5.08（95%CI：-4.20，14.36）。各组分析所得组间差值95%CI下限均大于预设非劣效界值-48，可判定氨酚羟考酮缓释片镇痛疗效非劣于阳性对照普通氨酚羟考酮片，主要研究终点达标。（二）. 次要疗效终点——起效更快、持久、延长补救间隔、满意度更高共同支撑“优势趋势”1. 起效迅速，30分钟快速缓解术后剧痛两组药物均具备快速起效特点。首次给药后0.5小时，试验组NRS评分较基线降低22.9%（由4.8分降至3.7分），中重度疼痛快速转为轻度疼痛。在疼痛应答率方面，试验组也展现出显著优势。给药后2h、6h，试验组30%应答率显著高于对照组，两组应答率差值95%CI下限＞0（表明此点具有统计学差异）；给药后6h，试验组患者50%疼痛应答率较对照组显著高20.5%（62.5% vs. 42.0%），组间差异具有统计学意义。2. 持续镇痛，6h内氨酚羟考酮缓释片的镇痛效果更优给药后2h、4h、6h三个关键时间节点，试验组与对照组SPID和SPRID的LSMEAN差值的95%CI下限均＞0，说明首次给药后6小时内氨酚羟考酮缓释片的镇痛效果显著优于氨酚羟考酮片。从数值上看，氨酚羟考酮缓释片在0.5-48h的镇痛效果均持续优于氨酚羟考酮片。3. 时效更久，氨酚羟考酮缓释片所需补救镇痛间隔更长基于FAS，试验组较对照组的首次给药至给药后首次进行补救镇痛的平均时间（SD）长约2.2h，分别是7.77（10.348）h vs. 5.62（6.823）h。从补救时间可以看出，在首次给药后氨酚羟考酮缓释片能维持更长久的镇痛效果，延长补救镇痛的时间。4. 一日两次，更低给药频次带来更佳便捷用药体验76.9%（10/13）患者认为“一日两次”的给药频率较“一日四次”更便捷，说明氨酚羟考酮缓释片能够减少给药频次，且在一定程度提高患者依从性和满意度。5. 其他次要指标：无显著差异双盲治疗期两组补救镇痛次数、补救药物剂量无明显差异；治疗全程无患者因镇痛效果不佳退出试验。同时患者对疼痛变化的整体印象（PGIC）评分表现良好。三、安全性结果——未见呼吸抑制，不良反应发生率更低，风险控制口径明确两组各类AE的发生情况基本均衡，发生的TEAE多为轻度（1级和2级），大部分转归为痊愈。试验组AE、治疗期不良事件（TEAE）、≥3级AE发生率均低于对照组（AE：50.00% vs 61.34%、TEAE：50.00% vs 60.50%，≥3级AE：1.67% vs 4.20%）；试验组2例SAE均与试验药物无关，未发生呼吸抑制、药物成瘾等AESI，无患者因AE退出。对照组1例SAE（丙氨酸氨基转移酶升高），1例呼吸抑制AESI，均与对照药物相关，3例因恶心、呕吐、头晕退出。PART 04  主要结论综上，氨酚羟考酮缓释片用于骨科术后急性中重度疼痛，整体镇痛疗效与普通氨酚羟考酮片相当。氨酚羟考酮缓释片作为氨酚羟考酮片的缓释改良制剂，具有速释层和缓释层，通过双相释药兼顾快速起效与长效镇痛，给药后6小时内镇痛效果更优；每12小时给药一次可减少给药频次、避免夜间服药，提升患者依从性与满意度。不良反应均为阿片类药物常见反应，无严重高发风险，整体安全性可控。PART 05  研究者点评杨孟昌教授：此项多中心试验入组人群贴近真实临床场景，得出的结论可靠且具备临床指导意义。从试验数据来看，氨酚羟考酮缓释片的双相释药技术优势得到了完整的临床验证：速释层快速释药，30分钟即可起效，及时覆盖术后急性期疼痛；缓释层依托凝胶骨架平稳释放，12小时维持稳定血药浓度。对应到临床指标上，给药后6小时内试验组镇痛强度更高、疼痛应答率更优，首次补救镇痛时间延长2.2小时，有效减少了疼痛波动与爆发痛风险。安全性方面的表现同样亮眼：试验组整体不良事件、核心的恶心呕吐与头晕等不良反应发生率均低于对照组，全程未出现呼吸抑制、过敏反应等AESI，且所有反应均为轻中度，短程使用的安全耐受性十分出色。从临床落地的角度看，在术后中重度疼痛场景下，氨酚羟考酮缓释片凭借口服便利、双相释放、短程可控、剂量封顶和防滥用设计，有助于实现“早期不慢、后段不断、夜间少补”的平稳镇痛，提升患者用药依从性。同时，此制剂有望解决普通片的临床痛点及监管额外负担，为临床提供差异化镇痛选择，且不额外增加医保基金支出。因此，这款缓释制剂进一步补齐了现有口服镇痛方案的短板，为临床医生提供了更平稳、更便捷、管理可控性更强的镇痛新选择，并能切实提升患者的术后治疗体验。补充介绍：防滥用专项研究简要解读：让监管从“事后查流弊”前移到“源头设计降风险”本项防滥用药学专项研究7，独立于本次临床Ⅲ期试验，全程严格遵循《阿片类口服固体仿制药防滥用药学研究技术指导（试行）》相关规范设计与实施，针对氨酚羟考酮缓释片开展系统性防滥用药学特性评价。该制剂采用物理屏障类主流防滥用药学技术，依托处方优化、制剂物理结构改良与生产工艺调整，构建物理屏障。研究参照行业通用评价体系，模拟研磨粉碎、溶剂萃取等阿片类制剂常见滥用手段，开展体外物理抗性试验、活性成分可提取性试验等多项评价。试验结果显示，该制剂抗机械破坏能力较强，经常规研磨、常见溶剂处理后，药物活性成分提取率处于较低水平，可有效降低被非法碾碎、萃取后用于非医疗途径的风险。参考文献：1. 氨酚羟考酮缓释片Ⅲ期临床研究报告2. Liu Y, et al. Postoperative pain-related outcomes and perioperative pain management in China: a population-based study[J]. The Lancet Regional Health-Western Pacific, 2023, 39: 100822.3. 李辉波, 等.术后急性疼痛与睡眠障碍相互影响的研究进展.临床麻醉学杂志,2024,40(5):553-556.4. 赵琳， 等. 术后患者自控镇痛：北京协和医院 30 年临床管理经验 [J]. 协和医学杂志，2024, 15 (2): 239-245.5. 中华医学会疼痛学分会. 复方阿片类镇痛药临床应用中国专家共识[J]. 中华医学杂志,2018,98(38)：3060-3063.6. 国内已上市氨酚羟考酮片药物说明书7. 氨酚羟考酮缓释片防滥用研究报告
https://i3.hoopchina.com.cn/blogfile/20267/17/BbsImg_245995065518655_1784263753_s_238250_o_w_1080_h_512_13919.png?x-oss-process=image/resize,w_800/format,webp
https://i1.hoopchina.com.cn/blogfile/20267/17/BbsImg_245995065518655_1784263752_s_260063_o_w_1080_h_543_96855.png?x-oss-process=image/resize,w_800/format,webp
https://i3.hoopchina.com.cn/blogfile/20267/17/BbsImg_245995065518655_1784263752_s_433792_o_w_1080_h_607_93149.png?x-oss-process=image/resize,w_800/format,webp
https://i5.hoopchina.com.cn/blogfile/20267/17/BbsImg_245995065518655_1784263752_s_358957_o_w_1080_h_677_71779.png?x-oss-process=image/resize,w_800/format,webp
https://i3.hoopchina.com.cn/blogfile/20267/17/BbsImg_245995065518655_1784263753_s_377921_o_w_1080_h_512_32928.png?x-oss-process=image/resize,w_800/format,webp
https://i3.hoopchina.com.cn/blogfile/20267/17/BbsImg_245995065518655_1784263753_s_238250_o_w_1080_h_512_13919.png?x-oss-process=image/resize,w_800/format,webp
https://i1.hoopchina.com.cn/blogfile/20267/17/BbsImg_245995065518655_1784263752_s_260063_o_w_1080_h_543_96855.png?x-oss-process=image/resize,w_800/format,webp
https://i3.hoopchina.com.cn/blogfile/20267/17/BbsImg_245995065518655_1784263752_s_433792_o_w_1080_h_607_93149.png?x-oss-process=image/resize,w_800/format,webp
https://i5.hoopchina.com.cn/blogfile/20267/17/BbsImg_245995065518655_1784263752_s_358957_o_w_1080_h_677_71779.png?x-oss-process=image/resize,w_800/format,webp
https://i3.hoopchina.com.cn/blogfile/20267/17/BbsImg_245995065518655_1784263753_s_377921_o_w_1080_h_512_32928.png?x-oss-process=image/resize,w_800/format,webp"
『回顾向』我在周期股搏斗的血泪史,5,2710,喵喵零,07-17 14:02,"这个周末，存储行业的江波龙给出了炸裂的业绩预告，看到雪球、虎扑等社区的散户们群情激愤，不禁让我把思绪拉回了2021年的那个夏天…我是2020年带着10万多本金初次进入A股市场，图一是我普通账户的战绩，图二是我信用（融资融券）账户的战绩，2022年我在中远海控栽了目前最大的跟头，直到今年我的信用账户收益才转正，写这个帖子也是不希望看到散户朋友们在周期性行业重蹈覆辙。中远海控第一次进入我的视线是在2020年9月，我在雪球论坛拜读了知名周期大V润哥对海运行业的前瞻性分析，第一次半信半疑地小仓位买入了5.5元的中远海控。随着运价上涨不断推动股价上涨，润哥的逻辑被逐渐验证，我在9元的时候买了8000股买成了重仓，当时半仓海控，另外半仓买了9元的紫金矿业。从20年四季度到21年过年前后，海控一度涨到17元，紫金一度也涨到15元，我漂亮地在14块多清仓了紫金，在15块多卖出了大部分海控，收获颇丰，开户半年接近翻倍。21年3-4月，海控的获利盘开始疯狂砸盘，这期间海控经历了7个跌停，从17块砸到最低9块，我看着持续上涨的运价和下跌的股价，越跌越买又一次把海控买成了60%仓位。随后海控开始了又一轮趋势上涨，从最低9元涨到了最高33元，市值最高近4000亿，但是我在此期间因为做T和对盈利回吐的恐惧卖飞了至少一半，在此期间我的账户达到了50万，我想开通融资。海控情绪最高涨的那天是2021年7月7日，半年报预告，半年370亿利润，同比增长30多倍。百亿融资盘，雪球著名大V省x省x高调重仓买入，而那天也正好见顶。但是我并没有追高，而是又一次选择越跌越买，并开通了信用账户，又一次在25（10送3，从33变成25）跌到15的过程中买成重仓，且带融资，最多时持有4万股（融资20万）敢于融资是因为当时能从公开的运价中推算出全年利润1000亿，而市值跌到2000多亿，市盈率仅3倍不到，我认为向上至少还有翻倍空间。但是后续仅仅在21年后两个月有小幅度反弹（15到20块），随后22年随着大盘走熊开始了残酷的阴跌（21年年度利润897亿，22年年度利润1097亿，22年9月市值一度跌到1800亿，股价11元）。而我则是带着融资一路死扛，最终在9月和12月身心俱疲地两次彻底割肉，留下了全年25万的亏损，不仅亏光了前面两年的盈利，也亏掉了整整两年的工作积蓄。这次惨痛的教训，让我知道了A股的周期股股价可以提前业绩1年在3PE见顶（22年1097亿利润，股价21年7月见顶），市值可以跌破两年利润之和。业绩报告下的回帖量和融资余额可以看成情绪指标，如果看到这种高潮的情绪，建议清仓或减仓锁住部分利润。
https://i11.hoopchina.com.cn/150CDC14AF3C23F0FD111764053797E0_w_1170_h_1641_.jpg?x-oss-process=image/resize,w_800/format,webp
https://i5.hoopchina.com.cn/5FAAB35582DEA977ED557CED934BB5AC_w_1170_h_1224_.png?x-oss-process=image/resize,w_800/format,webp
https://i1.hoopchina.com.cn/1C2DB7B5EC02050B0B345E1074876620_w_1170_h_2532_.png?x-oss-process=image/resize,w_800/format,webp
https://i11.hoopchina.com.cn/150CDC14AF3C23F0FD111764053797E0_w_1170_h_1641_.jpg?x-oss-process=image/resize,w_800/format,webp
https://i5.hoopchina.com.cn/5FAAB35582DEA977ED557CED934BB5AC_w_1170_h_1224_.png?x-oss-process=image/resize,w_800/format,webp
https://i1.hoopchina.com.cn/1C2DB7B5EC02050B0B345E1074876620_w_1170_h_2532_.png?x-oss-process=image/resize,w_800/format,webp"
今年已经整仓-60%了,3,2692,虎扑JR0657031309,07-17 14:01,"这没法玩了，每次买股第二天就开始跌停，最近无限跌，手里10只股+一些etf，今年整仓-60了，一打开就能看到全是-60，-70的收益率，一分钱没赚到全是赔本金
"
完了，瀑布杀了，又要熔断？,1,1734,虎扑JR0780926270,07-17 14:00,"是不是恐慌盘出来了，还是抽血去长鑫？下周还有修复的可能吗？
https://i11.hoopchina.com.cn/editor/38d3b94055096e0e0c61a14d661b3674_w_1260_h_2720_.jpeg?x-oss-process=image/resize,w_800/format,webp
https://i11.hoopchina.com.cn/editor/38d3b94055096e0e0c61a14d661b3674_w_1260_h_2720_.jpeg?x-oss-process=image/resize,w_800/format,webp"
你不割肉你活该亏,17,4970,丶数字君,07-17 13:59,"站在光里的才算英雄，老登股都死光了才好呢。
https://i5.hoopchina.com.cn/hupuapp/bbs/919/17139919/1782721462_412037IMG_9455_w_1290_h_2796_.png?x-oss-process=image/resize,w_800/format,webp
https://i5.hoopchina.com.cn/hupuapp/bbs/919/17139919/1782721462_412037IMG_9455_w_1290_h_2796_.png?x-oss-process=image/resize,w_800/format,webp"
大普跌,3,769,观中行,07-17 13:58,"千股跌停？？？
"
100w冲200w的第56天 大深v,10,7547,全校第一,07-17 13:53,"这个月充值了16万寒武纪：1325.15加仓200股长电科技：101.89卖出600股江丰电子：291.7清仓上午砸得连我这种最坚定的科技死多头都快崩溃了，好在下午直线拉升，话说最近大A是真的只看韩国脸色，什么时候能有自己的独立行情呢。不过好消息是大票已经率先一步企稳，估计接下来又要回到涨大票的行情了。
https://i5.hoopchina.com.cn/65714448EF28528DF9EF0ACFB4C072C4_w_1320_h_2868_.png?x-oss-process=image/resize,w_800/format,webp
https://i3.hoopchina.com.cn/0F8C9E75639CF319684BA6F8A056F31D_w_1320_h_2868_.png?x-oss-process=image/resize,w_800/format,webp
https://i5.hoopchina.com.cn/65714448EF28528DF9EF0ACFB4C072C4_w_1320_h_2868_.png?x-oss-process=image/resize,w_800/format,webp
https://i3.hoopchina.com.cn/0F8C9E75639CF319684BA6F8A056F31D_w_1320_h_2868_.png?x-oss-process=image/resize,w_800/format,webp"
我今天会卖15斤废品入场救市,1,691,虎扑JR0469117291,07-17 13:53,"
https://i10.hoopchina.com.cn/8D82E05533B1A0482D6FA0957F654369_w_1179_h_2556_.png?x-oss-process=image/resize,w_800/format,webp
https://i10.hoopchina.com.cn/8D82E05533B1A0482D6FA0957F654369_w_1179_h_2556_.png?x-oss-process=image/resize,w_800/format,webp"
什么情况？金融危机吗,0,1912,顶峰风大,07-17 13:49,"
https://i5.hoopchina.com.cn/911148EAFCB13F16286F61241A100814_w_1290_h_2796_.png?x-oss-process=image/resize,w_800/format,webp
https://i11.hoopchina.com.cn/F406D47B75404C9F98B43F73E0556880_w_1290_h_2796_.png?x-oss-process=image/resize,w_800/format,webp
https://i5.hoopchina.com.cn/0B3D915E943E8C58C53F449820D7DE1F_w_1290_h_2796_.png?x-oss-process=image/resize,w_800/format,webp
https://i11.hoopchina.com.cn/9D068F3791E1F7647281FFCFD87045BA_w_1290_h_2796_.png?x-oss-process=image/resize,w_800/format,webp
https://i3.hoopchina.com.cn/BE0594556790C2D6781E16AA67A6ACFD_w_1290_h_2796_.png?x-oss-process=image/resize,w_800/format,webp
https://i5.hoopchina.com.cn/3481E222446C3D613F023D46D8B2BD49_w_1290_h_2796_.png?x-oss-process=image/resize,w_800/format,webp
https://i5.hoopchina.com.cn/7911900BE6EE57B2F1429534AD839DF7_w_1290_h_2796_.png?x-oss-process=image/resize,w_800/format,webp
https://i5.hoopchina.com.cn/911148EAFCB13F16286F61241A100814_w_1290_h_2796_.png?x-oss-process=image/resize,w_800/format,webp
https://i11.hoopchina.com.cn/F406D47B75404C9F98B43F73E0556880_w_1290_h_2796_.png?x-oss-process=image/resize,w_800/format,webp
https://i5.hoopchina.com.cn/0B3D915E943E8C58C53F449820D7DE1F_w_1290_h_2796_.png?x-oss-process=image/resize,w_800/format,webp
https://i11.hoopchina.com.cn/9D068F3791E1F7647281FFCFD87045BA_w_1290_h_2796_.png?x-oss-process=image/resize,w_800/format,webp
https://i3.hoopchina.com.cn/BE0594556790C2D6781E16AA67A6ACFD_w_1290_h_2796_.png?x-oss-process=image/resize,w_800/format,webp
https://i5.hoopchina.com.cn/3481E222446C3D613F023D46D8B2BD49_w_1290_h_2796_.png?x-oss-process=image/resize,w_800/format,webp
https://i5.hoopchina.com.cn/7911900BE6EE57B2F1429534AD839DF7_w_1290_h_2796_.png?x-oss-process=image/resize,w_800/format,webp"
新手炒股总亏钱？过来人复盘盈亏，讲透最简单盈利逻辑,0,637,观市不眠晓,07-17 13:49,"太多新手投资者想参与投资，想让自己的财富增值，非常想学习股票投资，但是不知道怎么去学所以我把所有炒股需要用到入门知识都按照顺序写到一起，让大家以后都不用再去东拼西                                                                                                                                                                                                                                                                                                                                                                                                                                                                                                                                                                                                                                                                                                                                                                                                                                                                                                                                                                                                                                                                                                                                                                                                                                                                                                                                                                                                                                                                                                                                                                                                                                                                                                                                                                                                                                                                                                                                                                                                                                                                                                                                                                                                                                                                                                                                                                                                                                                                                                                                                                                                                                                                                                                                                                                                                                                                                                                                                                                                                                                                                                                                                                                                                                                                                                                                                                                                                                                                                                                                                                                                                                                                                                                                                                                                                                                                                                                                                                                                                                                                                                                                                                                                                                                                                                                                                                                                                                                                                                                                                                                                                                                                                                                                                                                                    凑的学习各种零散的知识点本篇文章不同于市面上大部分文章，不会说什么一夜暴富的神话、没有莫名其妙的财富代码和不切实际的小道消息，本文记录的就是最真实的股市现状，最实在的股票教学，本文也将颠覆很多人对股市的认知全文没有任何吹嘘，全部都是最真实的股票投资知识如果你真的想学习怎么炒股，一定要多看几遍祝大家健康，快乐，自由，赚钱、股市投资的大环境介绍在房地产投资达到一定程度瓶颈的现在，各行各业日益饱和的情况下，各种生意都烂大街的情况下，加上各类理财产品，信托计划，国债，大额存单，银行利息等投资品种不是门槛太高就是收益普遍低于5%，股市投资成为了现在很有价值的投资品种目前来看A股市场虽然鱼龙混杂，但是却也是五脏俱全，各种投资者都有自己的投资空间，蓝筹白马股适合大资金投资者，稳健风格投资者，股息投资者，成长股适合专业投资者，科创科技股适合职业投资者，适合对投资收益有要求的投资者，各种不同类型的公司对应不同类型的投资者，风险不同，收益不同，操作风格不同。不管你是怎么样风格的投资者，钱多还是钱少，稳健还是激进，都能找到适合自己的对标股票。股市是最好知识变现的地方，没有之一很多人总是觉得自己能力很强，或者对某个行业了解很深，但是却无法把自己的这些能力和知识变现，很难赚到自己能力和知识相对于的财富，你来股市就对了，只要你真的有能力，你真的了解某个行业，你就可以在股市找到相对于的公司，你就可以比其他投资者更加深入的了解这些公司的业绩变化，产品优劣，经营变化，再加上一些股票投资的思维，你就能提前发现机会。怎么学会炒股一个普通人要真正做到学会炒股，可以稳定在股市赚到钱，就不说特别多的钱，仅仅拿目前主流的理财产品和信托产品的收益来看，4%-10%的收益率作为参考对象，我们暂定年化10%的收益为学会炒股，只要做到了稳定平均10年以上年化10%的收益率，就可以视为学会了炒股。当然“学会”的标准的态度是非常中立的，既没有考虑太多天赋的因素，也没有过分考虑到投资的风险，所以没有否认投资股票这个事情的成功率，也没有去夸大可能获得的超额收益。现实来看如果天赋高一点的话年化可以有非常大的空间，我尽可能的保持中立和理性的角度去做判断。时间从股市运行的角度来看股市每3-5年一次中轮回，也就是一次中级别牛市和熊市。每7-10年一次大级别轮回，也就是一次大牛和大熊市。按照这个时间级别的轮回来看，我们想在股市的实战中累积到足够的经验需要5-10年，不然很多走势，很多行情你都没有看过，你就会对股市的讲解很偏激，会因为经验不足而错判行情的发展。这是按照有意识的去跟踪学习来定的5-10年时间，很多人没有这种去刻意累积实战经验的意识，导致在股市混了大半辈子也没有搞清楚股市是什么，股票是什么，反正就是天天在股市买卖，实际上自己到底在做什么都不知道，买的公司是干什么的也不知道，反正就是道听途说的买卖。我建议大家在实际的股票交易中去感受和感悟交易的经验，去总结，去体会。把自己每次买卖股票的原因都写下来，尽可能的写详细一点，这对你复盘来说非常重要，你会看见自己的成长和心路历程变化。然后去下载几个炒股用的软件，比如：同花顺，涨乐财付通，东方财富网等等。把软件上出现的每一个信息弄懂，他是什么意思（记住只要弄懂它是什么意思，是陈述性的语句，而不带运用这个信息怎么操作的），不管是上网查也好，还是查书籍资料也好。比如：这张图片是北巴传媒这只股票的界面。这里面的信息有：现在的价格、涨跌量（涨用正号，跌前面加负号）、涨跌幅百分比、开盘价、最高价、K线图，成交量、委托买手五个价位以及数量、委托卖手以及数量，委托买入键，委托卖出键。搞清楚每个词的含义，最直接的方法是百度，也可以问炒股的朋友。注意，查资料是查表述性质的资料，仅仅陈述某一件事实，不带个人看法和操作策略的。最后，你要弄明白股票涨跌的根本原因是什么，是因为买的人比卖的人多，所以有些人买不到，他就出更高的价格买，股价就会上升。下跌的时候，卖的人比买的人多，有些人卖不出去，他想尽快脱手，于是就以比别人更低的价格卖，股价就会下跌。是这么个循环推动的，而不是像某些什么都不懂的小白，老是在揣测有庄家，而且庄家套住了自己，请问，庄家怎么套住的你？最后送给大家十大经典入场方法，都是我炒股十八年总结出来的，赠给有缘人，建议收藏，仔细研读！投资悟道6大要点：1、三千弱水取一瓢饮，就是将目标锁定一种形态，如果一种方法能够把股票中的一种特定形态80%以上抓出来，那就够了。2、做交易需要大道至简，市场是非常简单的，简单到只有一个买入和卖出，但是它又是无比复杂，复杂到任何理论都只是一家之言。3、仓位可采用双重仓位策略，一部分仓位用来表明超短期判断的对错，一部分仓位用来表明中期判断的对错，短期仓必须要确信自己对中期趋势的判断肯定是错的，所以短期利润总是能拿得到，这对避免坐电梯，避免被套。4、入点和出点是二位一体的东东，也就是说入点和出点常常呈现互关联，你的入点确定了，出点也就确定了，直接决定了赢利，对出点机械止损就行了。5、波浪理论中的九级波浪是噩梦的开始也是成功的终结，不要看高级别，这种类似于K线整合的东西其实作用很有限，要分析大一点的走势，多看几根操作级别的K线效果更好。6、投资者为什么会犯下同样的错误，原因或许只有一个，前一次教育还不够。做好一位资产管理者一定要做好规划，投资并不会因为你是弱者而享受优先待遇，所以要打有准备的仗，我们才能在市场存活下去。以上都是我炒股18年实践经验和技术的总结，不一定适用每个人，需要每个人结合自己的实践去使用总结，作为交易者，最可怕的不是你技术上存在问题，而是你的认知不够，掉进了这些交易陷阱却不自知！没有无敌的交易系统，只有无敌地使用交易系统的人！这是真理，交易系统最终要回归到人身上！
https://i3.hoopchina.com.cn/editor/f9e740bd823289c27b87aae923cab8eb_w_1200_h_798_.jpeg?x-oss-process=image/resize,w_800/format,webp
https://i5.hoopchina.com.cn/editor/a383911752658c72c1670b393239d093_w_1200_h_739_.png?x-oss-process=image/resize,w_800/format,webp
https://i5.hoopchina.com.cn/editor/91004a71ca17af546675eed134e815eb_w_750_h_1334_.png?x-oss-process=image/resize,w_800/format,webp
https://i3.hoopchina.com.cn/editor/91016ee210dd297d2611f14cefbe1491_w_1000_h_660_.png?x-oss-process=image/resize,w_800/format,webp
https://i3.hoopchina.com.cn/editor/f9e740bd823289c27b87aae923cab8eb_w_1200_h_798_.jpeg?x-oss-process=image/resize,w_800/format,webp
https://i5.hoopchina.com.cn/editor/a383911752658c72c1670b393239d093_w_1200_h_739_.png?x-oss-process=image/resize,w_800/format,webp
https://i5.hoopchina.com.cn/editor/91004a71ca17af546675eed134e815eb_w_750_h_1334_.png?x-oss-process=image/resize,w_800/format,webp
https://i3.hoopchina.com.cn/editor/91016ee210dd297d2611f14cefbe1491_w_1000_h_660_.png?x-oss-process=image/resize,w_800/format,webp"
你身边真的有人从股市里赚到大钱吗？,0,842,我只是求知欲太强了,07-17 13:48,"图文无关，请勿无端联想正常穿搭，无任何不良引导！净化虎扑空气，减少JR暴戾气息！少争吵，多交流，共分享！创造和谐友爱互助的论坛环境！
https://i1.hoopchina.com.cn/hupuapp/bbs/96/96105096/thread_96105096_20260717134759_s_3411898_o_w_1260_h_2423_84674.jpg?x-oss-process=image/resize,w_800/format,webp
https://i1.hoopchina.com.cn/hupuapp/bbs/96/96105096/thread_96105096_20260717134759_s_3411898_o_w_1260_h_2423_84674.jpg?x-oss-process=image/resize,w_800/format,webp"
跌麻了，哎,2,982,我能防住谁,07-17 13:47,"咋回事啊？！
"
才发现昨天的帖子没审核通过,13,1227,法克鱿鱼丝炒蛋,07-17 13:44,"简单回顾，昨日一碗大面，-1.19个，加京东方，药明今天又是低开，到现在这个位置反而不慌了，越跌越加
"
年轻人请教,0,220,我耶格头不大,07-17 13:43,"15年比这还恐怖吗
"
鱼塘依旧收获,36,10301,海边的宁静,07-17 13:39,"昨天的除了国风都收获了东方新能没去有点可惜大盘不好早点收网了继续等尾盘咯
"
科技集体大跳水 医药成为新黑马？,0,942,wq183,07-17 13:38,"今日持仓哈药股份 永安药业
https://i3.hoopchina.com.cn/4247113cb504a281b26b2ebb017618ad_w_1320_h_2868_.jpg?imageMogr2/format/webp/auto-orient?x-oss-process=image/resize,w_800/format,webp
https://i3.hoopchina.com.cn/4247113cb504a281b26b2ebb017618ad_w_1320_h_2868_.jpg?imageMogr2/format/webp/auto-orient?x-oss-process=image/resize,w_800/format,webp"
在医药里面避险，小仓操作哈,2,1016,落日斜阳度,07-17 13:37,"
"
大盘这个位置有反弹，今天可以进,2,825,社长2000,07-17 13:36,"
"
事实证明，在大趋势面前，一切都是浮云！,7,2636,苏州股行僧,07-17 13:30,"今天有人问我能不能抄底？其实，真没有必要！你是要把每一分钱都赚完吗？等趋势走好了，再做也是不迟的！什么时候出手？当指数5日均线开始拐头向上的时候。是可以进行试错的。现阶段，就是一个字：等！
https://i10.hoopchina.com.cn/editor/98eb8002a8728d8a31ed1b6c486914cb_w_1394_h_583_.png?x-oss-process=image/resize,w_800/format,webp
https://i10.hoopchina.com.cn/editor/98eb8002a8728d8a31ed1b6c486914cb_w_1394_h_583_.png?x-oss-process=image/resize,w_800/format,webp"
亏老实了,3,1757,战斗鸭无所畏惧版,07-17 13:28,"医药难得有点持续性和赚钱效应，昨晚一个风险提示全死了，科技低吸每天都在割肉，容量强势股补跌都是直线跳水，打板的更不用说了，打首板也是跌停割肉，死局后面低吸账户也不用做了，现阶段打板又变成最高效的操作，不要抱有任何的幻想，首板也是变成龙空龙的节奏
"
把医药什么的老登刚清仓全进科技又被套了一圈,104,24066,虎扑JR0657031309,07-17 13:26,"玩不了了啊，医药拿了5年，亏了45%，最近狠下心割肉全清仓了进科技，接着被套20%，没有一天能见红的
"
之前我说。。套的不深就轻仓跑路。。很多人都说还顶得住,1,1319,大奉打更人,07-17 13:24,"今天还顶得住吗？家人们，镰刀磨好了，根本不讲道理，明摆着收割，外围怎么涨，我们也是跌
"
按量化这种反人性（没人性）的操作，长鑫会被这群孙子炒的多高？,0,453,曼联球迷kk,07-17 13:22,"
"
都提示这么明显了还要怎么样？,1,2628,chimphunter,07-17 13:22,"
https://i5.hoopchina.com.cn/822E8057595C8CD5D0832ADA4DED9801_w_1206_h_2622_.png?x-oss-process=image/resize,w_800/format,webp
https://i5.hoopchina.com.cn/822E8057595C8CD5D0832ADA4DED9801_w_1206_h_2622_.png?x-oss-process=image/resize,w_800/format,webp"
错过了 等待下次牛市,1,2244,威少带盾侍卫罗伯森,07-17 13:21,"
https://i1.hoopchina.com.cn/B4AD79D23833C78D00B631FDF47A5580_w_518_h_561_.png?x-oss-process=image/resize,w_800/format,webp
https://i1.hoopchina.com.cn/B4AD79D23833C78D00B631FDF47A5580_w_518_h_561_.png?x-oss-process=image/resize,w_800/format,webp"
稳住！年中报预告，最有确定性的就是半导体和光模块！,67,18559,从不空大的石头人,07-17 13:20,"这两天光模块调整，一是因为前面涨多了，二是大资金抢跑高位科技年中报名不确定性，转去确定性高的低位，年中报高预期股。但是散户怕啥，问自己这轮牛市，谁才是主线！光和半导体，这半年最大的回撤就是横盘，怕什么？不要怕！敢跌就敢补！大资金年中预告后，都会回来！老登的反弹，只能是反弹！之前有筑底迹象的创新药和卫星航天，最近出现的像样反弹，本来想切换，后来一想，说好的要死也要死在光里摸？！没有信仰，怎么赚！我是真信了，时间会证明光模块！CWW！！！拿住！！！！偶尔会有雨天，但太阳总会升起！！！相信光！！！
https://i5.hoopchina.com.cn/021efcf4ce6a2c2fcdbf625bc475b9ae_w_1260_h_2800_.jpg?imageMogr2/format/webp/auto-orient?x-oss-process=image/resize,w_800/format,webp
https://i1.hoopchina.com.cn/a2ab1d18ca2f24d42fbe839bb21cdc68_w_1260_h_2800_.jpg?imageMogr2/format/webp/auto-orient?x-oss-process=image/resize,w_800/format,webp
https://i5.hoopchina.com.cn/021efcf4ce6a2c2fcdbf625bc475b9ae_w_1260_h_2800_.jpg?imageMogr2/format/webp/auto-orient?x-oss-process=image/resize,w_800/format,webp
https://i1.hoopchina.com.cn/a2ab1d18ca2f24d42fbe839bb21cdc68_w_1260_h_2800_.jpg?imageMogr2/format/webp/auto-orient?x-oss-process=image/resize,w_800/format,webp"
2026.7.16复盘,19,1860,pigyyyyss,07-17 13:20,"目前美股存储还在跌，但是低开高走的概率不小，只要不继续大跌，其实对明天a股开盘的影响就不是很大，但这里如果再有一跌让我们明天顺势低开才是最好的，具体明早开盘前再看吧，先给个结论，今天尾盘没买的，明天肯定也是一个可以介入的节点了，方向上我再补充几个吧，大家可以根据自己的喜好来选择。1.稳健型，买光模块，标的中际、东山。2.激进型，博弈明天服务器或者端侧反包，标的紫光和瑞芯3.超跌反弹，聚焦长鑫链上游，标的臻宝，沪硅，可以一直拿到长鑫上市提示一点，医药肯定没结束，但是个人认为短期分歧，等科技反弹完以后再介入。再多说一句，目前科技的反弹不要期待有太高的空间，调整时间不够，对于大多数人而言，最简单的办法是连续大跌买入以后，反弹第二天冲高卖出直接空仓，也不要切换其他板块，等下次大跌再买入，直到你发现反弹有延续性再买回。
"
提示个买点,13,4175,pigyyyyss,07-17 13:20,"基本跌到位了，可以考虑抄底了，做抄底考虑方向1存储（大普微，佰维），做抱团的考虑方向2交换机服务器（紫光，星网），记住这个位置不要去考虑逻辑，只看量价，走弱立马出
"
格力走一手,0,436,azzdjhlzgsmm,07-17 13:14,"
https://i3.hoopchina.com.cn/d1af9eef0a1bffa041500e19d02efd0c_w_1260_h_2844_.jpg?imageMogr2/format/webp/auto-orient?x-oss-process=image/resize,w_800/format,webp
https://i3.hoopchina.com.cn/d1af9eef0a1bffa041500e19d02efd0c_w_1260_h_2844_.jpg?imageMogr2/format/webp/auto-orient?x-oss-process=image/resize,w_800/format,webp"
袁友江：黄金今日行情走势分析及操作思路,0,137,虎扑JR0847109993,07-17 13:09,"
"
四月求好运！希望来根月线大阳,100,4785,夜半钟声到客床,07-17 13:07,"如题。
https://i5.hoopchina.com.cn/hupuapp/bbs/390/100087390/1775028675_9047909IMG_7538_w_300_h_356_.jpg?x-oss-process=image/resize,w_800/format,webp
https://i5.hoopchina.com.cn/hupuapp/bbs/390/100087390/1775028675_9047909IMG_7538_w_300_h_356_.jpg?x-oss-process=image/resize,w_800/format,webp"
继续拿住！很安详，很平静。今天直接满仓了。-9920,219,25233,从不空大的石头人,07-17 13:04,"
https://i1.hoopchina.com.cn/24cc7da7c63c49dea7b8b506022125a3_w_1260_h_2800_.jpg?imageMogr2/format/webp/auto-orient?x-oss-process=image/resize,w_800/format,webp
https://i1.hoopchina.com.cn/24cc7da7c63c49dea7b8b506022125a3_w_1260_h_2800_.jpg?imageMogr2/format/webp/auto-orient?x-oss-process=image/resize,w_800/format,webp"
今年择时量选怎么突然不灵了？,0,97,雪球官方,07-17 13:03,"欢迎收听本期节目，今天咱们来聊一聊过去两年很多投资人心头好的一类策略——择时量选。为什么这类策略今年突然让不少人体感""变糟""？该不该换掉？咱们一起把这里边的逻辑捋清楚。过去两年，择时量选是不少投资人的心头好。趋势行情里进攻犀利，震荡回调时回撤可控，持有体验相当不错。不过，今年这份""舒适""被彻底打破，不少产品原地踏步，甚至还出现亏损。""是不是策略不行了？""""要不要换掉？""类似这样的声音，风云君也经常在俱乐部里看到。要解答这些疑问，首先要搞清今年的市场结构——指数的确涨了，但不是所有人都赚到了。2026年A股的行情，本质上是一场极度分化的结构性牛市。AI算力、半导体等科技赛道持续吸血，前百分之五的个股成交额一度占到全市场的百分之四十四。中腰部指数（中证500、中证1000）领涨，而小微盘个股持续调整。这意味着什么？如果你的策略持仓集中在科技赛道，今年大概率赚得很爽。但如果你的策略是分散持仓、偏小市值、不做行业集中押注——那今年的体感，就是""指数在涨，我没怎么动""。而择时量选，恰好就是后者。因此，在这样的大背景下，择时量选表现承压也就不难理解了。第一，分散持仓在极致分化行情中天然吃亏。大部分量选策略的底层是：持仓分散大约1000只左右，单票占比控制在千分之三到千分之四以内，通过选股alpha积累超额。这套逻辑在震荡市、普涨市里效果很好。但今年的问题是，5到6只科技龙头股单周涨幅达到百分之五十到百分之八十，直接带动指数上涨百分之二到百分之三。然而在高度分散的持仓结构下，这几只龙头股的权重合计可能不足百分之一，策略几乎完全踏空了由少数权重股带动的指数行情。分散持仓平滑风险的优势，在当下反而变成了捕捉集中爆发收益的劣势，导致策略在贝塔端严重缺失。更麻烦的是，今年小市值股票表现显著弱于其他指数，中证2000及微盘指数跌幅远超大市，大小盘收益差距扩大到近年罕见的程度。因此对于持仓更下沉的管理人，在承受分散持仓踏空龙头股上涨的同时，占比较高的小市值股票还在持续贡献负收益，净值遭受双重打击。第二，择时模型陷入无序震荡，频繁止损无效。择时维度同样面临模型失灵的困境。量化择时策略最擅长的环境是方向清晰、可持续的趋势行情，无论涨跌，只要市场沿着某一方向持续运动，模型就能顺势而为。但今年A股的节奏完全不同，日内反包、隔夜跳空频繁上演，假突破信号显著增多。大多数择时模型基于日频数据训练和决策，等收盘信号确认时，行情可能早在日内完成了一轮完整的启动与反转，收盘信号与日内实况严重错配，导致模型频繁发出无效交易指令。与此同时，外部冲击进一步加剧了问题，美伊局势反复、特朗普政策摇摆不定，这些随机游走式的政治博弈完全超出了历史规律的归纳范畴，模型根本无法学习和预测。趋势的缺失、日频数据与日内波动的错配、叠加不可预测的外部扰动，共同导致择时信号在市场反复震荡中频繁出错，策略被迫反复止损，高频次的无效交易不仅踏错了节奏，摩擦成本和滑点也持续侵蚀收益。双重因素叠加，使得择时量选在今年陷入明显困境。但需要明确的是，这并非策略本身失效，而是当前市场环境与其底层逻辑出现了阶段性不适配。说到这里，可能有投资人会问：那是不是应该换掉？先别急。策略失效和环境不适配，是两件完全不同的事。策略失效，是指底层逻辑出了问题，比如因子被过度拥挤、超额来源被消耗殆尽。环境不适配，是指策略本身没问题，只是当前市场结构恰好不在它的舒适区。今年的情况，更接近后者。历史上，极致的结构性分化行情不会永远持续。2020到2021年新能源赛道独领风骚，2022年价值风格开始回归；2025年量化股多一路高歌，2026年开始分化加剧。风格钟摆总会回摆，只是时间早晚的问题。更重要的是，择时量选策略的核心价值，从来不是在牛市里跑赢所有人，而是在下跌时保护本金、在震荡市里积累超额。用一段极致分化的结构性行情来否定一个策略，本身就是用错了评价标准。那么对于关注择时量选的投资人来说，当下应该怎么做？有两点值得认真考虑。第一，拉长评价周期。一个季度、半年的表现，不足以判断一个策略的好坏。择时量选的超额积累需要时间，在风格不极端的市场环境中，它的优势才会显现。如果持有期足够长，今年的""平庸""可能只是一个插曲。第二，不要单押一个策略。今年的市场再次证明，没有任何一个策略能在所有行情中都表现优秀。真正的解法，是构建一个低相关资产的策略组合，让不同策略在不同环境下互相补位。其实择时量选今年的表现，不是一个""卖出信号""，而是一个""检视配置结构""的提醒。市场没有永远有效的策略，只有在合适环境里发挥价值的策略。好了，今天咱们关于择时量选今年为什么""变平庸""以及要不要换掉的话题就聊到这儿。简单来说就是，今年A股走出的是一场极度分化的结构性牛市，少数科技龙头贡献了大部分指数涨幅，小微盘持续下跌，加上日内反包和外部政策扰动，让本来就分散持仓、日频决策的择时量选，同时在贝塔端和择时端受压。但这不是策略失效，而是环境和策略舒适区的短期错配。应对方式也简单：拉长评价周期，别用一段极致分化行情去否定策略；同时构建低相关的策略组合，让不同策略在不同市况下互相补位。真正要检视的，不是要不要卖掉某只产品，而是你的整体配置结构。行，今天就到这儿，咱们下期见。
"
量化私募集体道歉，问题出在哪？,0,296,雪球官方,07-17 13:03,"欢迎收听本期节目，今天咱们来聊一聊最近私募圈的一件热闹事儿——量化管理人的两轮""道歉潮""。这背后暴露的，其实是一个投资人都该认真想清楚的问题：你以为的Alpha，可能不是Alpha。最近，私募圈里比较火的莫过于一众量化私募出来道歉。事情经过大概是这样的：5月20日到6月26日，中证红利和微盘股跌得比较惨，一批量化管理人纷纷发布致歉信；7月1日到7月10日，双创板块暴跌，又是一批量化出来道歉。两次道歉，间隔不到一个月，在业内也引发了一些轰动。当然，我想聊的不是这些管理人的态度好不好，而是：这次量化道歉潮，背后到底暴露了什么问题？我们都知道，持有量化股票多头，获得的是Beta和Alpha两部分收益。其中Beta是共性的、被动获取的，而Alpha才是主动收益，也是体现管理人竞争力的那部分。但Alpha是怎么来的，这件事很多人可能没有仔细想过。一种是真正的Pure Alpha——模型在全市场范围内挖掘错误定价，不依赖特定风格，无论大盘小盘、成长价值，都能稳定捕捉收益。这类超额，在风格切换时相对稳健。另一种，是风格暴露带来的""伪超额""——模型在某个风格上下了重注，比如小市值、微盘、双创科技，当这个风格顺风时，超额亮眼；一旦风格逆转，超额就会大幅回撤，甚至变成负超额。这两种超额，在业绩好的时候，从净值曲线上几乎看不出区别。但一旦风格切换，差距就出来了。今年这两波风格切换行情，就是最真实的印证。先是红利和微盘双杀。这两部分之前是很多资金扎堆的地方，一攻一守的杠铃配置模式一度表现亮眼。可今年行情骤变，红利、微盘双杀，重仓这类结构、深度下沉市值的策略受损最为严重。再是双创突然掉头。双创在前期是长期上行行情，量化模型依托动量因子很容易捕捉到，因此不少产品顺势放宽风控约束，自然就抬高了双创风格敞口，前期超额十分丰厚。但市场不存在永续单边行情，在7月初双创板大幅调整后，暴露比较多的量化产品，无一例外超额收益随之大幅回撤。总的来说，这种通过风格暴露赚到的收益，并不属于Alpha，而是Beta收益。既然是Beta，本身就会有不确定性，天然蕴藏波动风险。当潮水褪去的时候，谁在裸泳也都一清二楚了。当然，这个问题的深层根源，在于一种结构性的激励错配。截至今年6月末，量化股票多头管理规模攀升至1.83万亿，较年初增幅超过百分之一百五十。这一方面印证了量化策略的有效性，获得了广大投资者的普遍认可；但反过来看，如此迅猛的规模扩张，也预示着量化超额竞争已进入白热化阶段。所以同策略对比下，一旦你的超额收益跑输同行，资金很容易用脚投票，迅速赎回并流向表现更优的产品。这种""优胜劣汰""的机制，虽然符合市场效率，却也放大了管理人短期的业绩压力，进一步强化了前述的结构性激励问题。而放松风格约束、市值下沉，是一条相对容易出超额的路。当小微盘或者双创行情好的时候，这条路走得很顺，业绩好看，规模也上来了。问题是，这条路的代价，是在风格逆转时承担更大的回撤。那对于我们私募投资人来说，配置中又该如何去选择量化策略呢？下面分三点来看。第一，先想清楚自己要什么。如果你本身就认可某个风格的长期逻辑，比如你相信科技成长的长期空间，或者认为小市值在未来几年有超额机会，那选一个在这个风格上有明确暴露的量化，其实没什么问题。你要做的是接受这个风格的波动，把它当成一个有主动风格偏好的产品来持有，而不是当成稳定超额机器。但如果你想要的，是那种穿越风格切换、不依赖市场风格就能稳定出超额的产品，那说实话还是很有难度的。第二，看超额来源，不只看超额大小。短期超额高，不代表Alpha能力强。要问的是：这个超额，是在什么市场环境下做出来的？风格顺风期做出来的超额，含金量要打折扣。真正值得关注的，是那些在风格切换时超额依然稳定的管理人。比如2025年小微盘强势时没有大幅市值下沉、2026年双创暴跌时超额也没有大幅回撤的。这类管理人，风格约束通常比较严格，超额来源更接近真正的Pure Alpha。第三，不要只看短期超额，要看穿越周期的稳定性。量化超额的评估，至少要看两到三年，而且要覆盖不同的风格环境。如果一个管理人的超额只在某一类行情里好看，其他时候就消失，那这个超额大概率是风格暴露，而不是真正的选股能力。选量化，不是选谁最近超额最高，而是选谁的超额来源你真正理解、真正认可。好了，今天咱们关于量化道歉潮和如何看待量化超额的话题就聊到这儿。简单来说就是，今年两轮量化""翻车""表面上是红利微盘和双创的极端波动，本质上暴露的是——很多所谓的超额，其实不是真正的Pure Alpha，而是靠风格暴露赚到的Beta，一旦风格切换就现原形。背后又叠加了规模快速扩张、同业竞争白热化带来的激励错配，很多管理人被逼着走市值下沉、放松风控这条容易出超额的路。对投资人来说，选量化的关键有三点：先想清楚自己要的是风格暴露还是穿越周期的Alpha；看超额是在什么环境下做出来的，风格顺风期的高超额要打折看；用两到三年、覆盖不同风格环境的时间窗口去评估稳定性。真正值得长期持有的，是那些超额来源你能理解、也认可的管理人。行，今天就到这儿，咱们下期见。
"
盲猜某人还拿着江丰，亏本金了不舍得割肉，嘴硬科技利润回吐。,3,2039,mg000000,07-17 12:56,"也不知道是不是亏急眼屏蔽我了哈
https://i1.hoopchina.com.cn/editor/b42a27f1e50eb53595d2519ecfe69673_w_855_h_801_.png?x-oss-process=image/resize,w_800/format,webp
https://i1.hoopchina.com.cn/editor/b42a27f1e50eb53595d2519ecfe69673_w_855_h_801_.png?x-oss-process=image/resize,w_800/format,webp"
看到好多人晒持仓我也晒一下吧（主要是想装笔）,16,16175,今晚打老虎8888888,07-17 12:53,"
https://i1.hoopchina.com.cn/8f4a581e208a7e0eef82513db2b0f737_w_1320_h_2868_.jpg?imageMogr2/format/webp/auto-orient?x-oss-process=image/resize,w_800/format,webp
https://i1.hoopchina.com.cn/8f4a581e208a7e0eef82513db2b0f737_w_1320_h_2868_.jpg?imageMogr2/format/webp/auto-orient?x-oss-process=image/resize,w_800/format,webp"
